
  _____    __  ___   __     __________  ___    __ 
  \_   \/\ \ \/ __\ /__\ __/__   \_   \/___\/\ \ \
   / /\/  \/ / /   /_\| '_ \ / /\// /\//  //  \/ /
/\/ /_/ /\  / /___//__| |_) / //\/ /_/ \_// /\  / 
\____/\_\ \/\____/\__/| .__/\/ \____/\___/\_\ \/  
                      |_|                         
38.0 (2025-09-16 08:00:15, build 694dbc8e)

2026-10-07 21:33:51 INFO [SYSTEM] Version - HV000001: Hibernate Validator 8.0.3.Final
2026-10-07 21:33:51 INFO [SYSTEM] boot - Settings: /home/chakwong/python/legalmath/.worktrees/bond-gap-closure/.localresources/prospectus-inception/run-001/settings.properties (file exists)
2026-10-07 21:33:51 DEBUG [SYSTEM] ApplicationServletEnvironment - Activating profile 'auth-mode-builtin'
2026-10-07 21:33:51 INFO [SYSTEM] boot - Authentication: database
2026-10-07 21:33:51 INFO [SYSTEM] boot - Max. application memory: 2048MB
2026-10-07 21:33:51 INFO [SYSTEM] INCEpTION - Starting INCEpTION using Java 17.0.20.1 with PID 539288 (/home/chakwong/python/legalmath/.worktrees/bond-gap-closure/.localresources/prospectus-inception/inception-app-webapp-38.0-standalone.jar started by chakwong in /home/chakwong/python/legalmath/.worktrees/bond-gap-closure/.localresources/prospectus-inception/run-001)
2026-10-07 21:33:51 INFO [SYSTEM] INCEpTION - The following 4 profiles are active: "embedded-server", "app", "production", "auth-mode-builtin"
2026-10-07 21:33:51 DEBUG [SYSTEM] SpringApplication - Loading source class de.tudarmstadt.ukp.inception.INCEpTION
2026-10-07 21:33:51 DEBUG [SYSTEM] AnnotationConfigServletWebServerApplicationContext - Refreshing org.springframework.boot.web.servlet.context.AnnotationConfigServletWebServerApplicationContext@1eaf1e62
2026-10-07 21:33:51 INFO [SYSTEM] RepositoryConfigurationDelegate - Bootstrapping Spring Data JPA repositories in DEFAULT mode.
2026-10-07 21:33:51 DEBUG [SYSTEM] AutoConfigurationPackages - @EnableAutoConfiguration was declared on a class in the package 'de.tudarmstadt.ukp.inception,de.tudarmstadt.ukp.clarin.webanno'. Automatic @Repository and @Entity scanning is enabled.
2026-10-07 21:33:52 INFO [SYSTEM] RepositoryConfigurationDelegate - Finished Spring Data repository scanning in 306 ms. Found 0 JPA repository interfaces.
2026-10-07 21:33:53 INFO [SYSTEM] TomcatWebServer - Tomcat initialized with port 53107 (http)
2026-10-07 21:33:53 INFO [SYSTEM] Http11NioProtocol - Initializing ProtocolHandler ["http-nio-127.0.0.1-53107"]
2026-10-07 21:33:53 INFO [SYSTEM] StandardService - Starting service [Tomcat]
2026-10-07 21:33:53 INFO [SYSTEM] StandardEngine - Starting Servlet engine: [Apache Tomcat/10.1.44]
2026-10-07 21:33:53 INFO [SYSTEM] [/] - Initializing Spring embedded WebApplicationContext
2026-10-07 21:33:53 DEBUG [SYSTEM] ServletWebServerApplicationContext - Published root WebApplicationContext as ServletContext attribute with name [org.springframework.web.context.WebApplicationContext.ROOT]
2026-10-07 21:33:53 INFO [SYSTEM] ServletWebServerApplicationContext - Root WebApplicationContext: initialization completed in 1606 ms
2026-10-07 21:33:53 INFO [SYSTEM] boot - Initializing curation sidebar
2026-10-07 21:33:53 INFO [SYSTEM] boot - Initializing cas storage service
2026-10-07 21:33:53 DEBUG [SYSTEM] ServletContextInitializerBeans - Mapping filters: webMvcObservationFilter urls=[/*] order=-2147483647, springSecurityFilterChain urls=[/*] order=-100, opensessioninview urls=[/*] order=0, logging urls=[/*] order=0, coep urls=[/*] order=0, openCasStorageSessionForRequestFilter urls=[/*] order=0, wicket-filter urls=[/*] order=2147483647, characterEncodingFilter urls=[/*] order=-2147483648, formContentFilter urls=[/*] order=-9900, requestContextFilter urls=[/*] order=-105
2026-10-07 21:33:53 DEBUG [SYSTEM] ServletContextInitializerBeans - Mapping servlets: dispatcherServlet urls=[/]
2026-10-07 21:33:53 DEBUG [SYSTEM] OrderedRequestContextFilter - Filter 'requestContextFilter' configured for use
2026-10-07 21:33:53 DEBUG [SYSTEM] ServerHttpObservationFilter - Filter 'webMvcObservationFilter' configured for use
2026-10-07 21:33:53 DEBUG [SYSTEM] OrderedCharacterEncodingFilter - Filter 'characterEncodingFilter' configured for use
2026-10-07 21:33:53 DEBUG [SYSTEM] DelegatingFilterProxyRegistrationBean$1 - Filter 'springSecurityFilterChain' configured for use
2026-10-07 21:33:53 DEBUG [SYSTEM] OrderedFormContentFilter - Filter 'formContentFilter' configured for use
2026-10-07 21:33:54 INFO [SYSTEM] Application - [wicket-filter] init: Wicket jQuery UI initializer (theme-uilightness)
2026-10-07 21:33:54 INFO [SYSTEM] wicket-webjars - initialize wicket webjars with given settings: WebjarsSettings{readFromCacheTimeout=PT3S, resourceStreamProvider=de.agilecoders.wicket.webjars.settings.ResourceStreamProvider$1@22ff53d1, recentVersionPlaceHolder='current', assetPathCollectors=[de.agilecoders.wicket.webjars.collectors.ClasspathAssetPathCollector@568945a9, de.agilecoders.wicket.webjars.collectors.VfsAssetPathCollector@4127dcdb, de.agilecoders.wicket.webjars.collectors.FileAssetPathCollector@6e8627e6], webjarsPackage='META-INF.resources.webjars', webjarsPath='META-INF/resources/webjars', resourcePattern=META-INF/resources/webjars/.*, webjarsPathPattern=/webjars/([^\/]*)\/([^\/]*)\/(.*), useCdnResources=false, cdnUrl='//cdn.jsdelivr.net:80/webjars/org.webjars'}
2026-10-07 21:33:54 INFO [SYSTEM] Application - [wicket-filter] init: Wicket Kendo UI initializer
2026-10-07 21:33:54 INFO [SYSTEM] Application - [wicket-filter] init: Wicket Kendo UI initializer (theme-bootstrap)
2026-10-07 21:33:54 INFO [SYSTEM] Application - [wicket-filter] init: org.wicketstuff.event.annotation.Initializer@43f81c74
2026-10-07 21:33:54 INFO [SYSTEM] Application - [wicket-filter] init: Wicket core library initializer
2026-10-07 21:33:54 INFO [SYSTEM] Application - [wicket-filter] init: DevUtils DebugBar Initializer
2026-10-07 21:33:54 INFO [SYSTEM] Application - [wicket-filter] init: Wicket extensions initializer
2026-10-07 21:33:54 INFO [SYSTEM] Application - [wicket-filter] init: Wicket jQuery UI initializer
2026-10-07 21:33:54 INFO [SYSTEM] WicketBootStandardWebApplication - init-config: com.giffing.wicket.spring.boot.starter.configuration.extensions.core.csrf.CsrfAttacksPreventionConfig$$SpringCGLIB$$0
2026-10-07 21:33:54 INFO [SYSTEM] WicketBootStandardWebApplication - init-config: com.giffing.wicket.spring.boot.starter.configuration.extensions.core.resources.SpringBootMainClassResourceRegistration$$SpringCGLIB$$0
2026-10-07 21:33:54 INFO [SYSTEM] WicketBootStandardWebApplication - init-config: com.giffing.wicket.spring.boot.starter.configuration.extensions.core.resourcesettings.packageresourceguard.PackageResourceGuardConfig$$SpringCGLIB$$0
2026-10-07 21:33:54 INFO [SYSTEM] WicketBootStandardWebApplication - init-config: com.giffing.wicket.spring.boot.starter.configuration.extensions.core.settings.application.ApplicationSettingsConfig$$SpringCGLIB$$0
2026-10-07 21:33:54 INFO [SYSTEM] WicketBootStandardWebApplication - init-config: com.giffing.wicket.spring.boot.starter.configuration.extensions.core.settings.exceptions.ExceptionSettingsConfig$$SpringCGLIB$$0
2026-10-07 21:33:54 INFO [SYSTEM] WicketBootStandardWebApplication - init-config: com.giffing.wicket.spring.boot.starter.configuration.extensions.core.settings.markup.MarkupSettingsConfig$$SpringCGLIB$$0
2026-10-07 21:33:54 INFO [SYSTEM] WicketBootStandardWebApplication - init-config: com.giffing.wicket.spring.boot.starter.configuration.extensions.core.settings.pagestore.StoreSettingsConfig$$SpringCGLIB$$0
2026-10-07 21:33:54 INFO [SYSTEM] WicketBootStandardWebApplication - init-config: com.giffing.wicket.spring.boot.starter.configuration.extensions.core.settings.requrestcycle.RequestCycleSettingsConfig$$SpringCGLIB$$0
2026-10-07 21:33:54 INFO [SYSTEM] WicketBootStandardWebApplication - init-config: com.giffing.wicket.spring.boot.starter.configuration.extensions.external.development.devutils.inspector.InspectorConfig$$SpringCGLIB$$0
2026-10-07 21:33:54 INFO [SYSTEM] WicketBootStandardWebApplication - init-config: com.giffing.wicket.spring.boot.starter.configuration.extensions.external.webjars.WebjarsConfig$$SpringCGLIB$$0
2026-10-07 21:33:54 INFO [SYSTEM] WicketBootStandardWebApplication - init-config: com.giffing.wicket.spring.boot.starter.configuration.extensions.stuff.htmlcompressor.HTMLCompressingConfig$$SpringCGLIB$$0
2026-10-07 21:33:54 INFO [SYSTEM] WicketBootStandardWebApplication - init-config: com.giffing.wicket.spring.boot.starter.configuration.extensions.stuff.annotationscan.AnnotatedMountScannerConfig$$SpringCGLIB$$0
2026-10-07 21:33:54 INFO [SYSTEM] WicketBootStandardWebApplication - init-config: de.tudarmstadt.ukp.inception.ui.curation.sidebar.CurationSidebarApplicationInitializer
2026-10-07 21:33:54 INFO [SYSTEM] wicket-jquery-selectors - initialize wicket jquery selectors with given settings: de.agilecoders.wicket.jquery.settings.WicketJquerySelectorsSettings@17ae4b7c
2026-10-07 21:33:54 INFO [SYSTEM] WebApplication - [wicket-filter] Started Wicket version 10.6.0 in DEPLOYMENT mode
2026-10-07 21:33:54 INFO [SYSTEM] Http11NioProtocol - Starting ProtocolHandler ["http-nio-127.0.0.1-53107"]
2026-10-07 21:33:54 INFO [SYSTEM] TomcatWebServer - Tomcat started on port 53107 (http) with context path '/'
2026-10-07 21:33:54 INFO [SYSTEM] HikariDataSource - HikariPool-1 - Starting...
2026-10-07 21:33:54 INFO [SYSTEM] PoolBase - HikariPool-1 - Driver does not support get/set network timeout for connections. (feature not supported)
2026-10-07 21:33:54 INFO [SYSTEM] HikariPool - HikariPool-1 - Added connection org.hsqldb.jdbc.JDBCConnection@8179cad
2026-10-07 21:33:54 INFO [SYSTEM] HikariDataSource - HikariPool-1 - Start completed.
2026-10-07 21:33:56 WARN [SYSTEM] JdbcExecutor - no data
2026-10-07 21:33:56 WARN [SYSTEM] JdbcExecutor - no data
2026-10-07 21:33:56 WARN [SYSTEM] JdbcExecutor - no data
2026-10-07 21:33:56 WARN [SYSTEM] JdbcExecutor - no data
2026-10-07 21:33:56 WARN [SYSTEM] JdbcExecutor - no data
2026-10-07 21:33:56 WARN [SYSTEM] PreconditionContainer - Executing de/tudarmstadt/ukp/clarin/webanno/model/db-changelog.xml::20181101-1::WebAnno Team despite precondition failure due to onFail='WARN':\n      1 preconditions failed\n     db/changelog/db.changelog-master.xml : Changeset 'db/changelog/db.changelog-master.xml::1512223050574-3::WebAnno Team' has not been run\n
2026-10-07 21:33:56 WARN [SYSTEM] JdbcExecutor - no data
2026-10-07 21:33:56 WARN [SYSTEM] JdbcExecutor - no data
2026-10-07 21:33:56 WARN [SYSTEM] JdbcExecutor - no data
2026-10-07 21:33:56 WARN [SYSTEM] JdbcExecutor - no data
2026-10-07 21:33:56 WARN [SYSTEM] JdbcExecutor - no data
2026-10-07 21:33:56 WARN [SYSTEM] JdbcExecutor - no data
2026-10-07 21:33:56 WARN [SYSTEM] PreconditionContainer - Executing de/tudarmstadt/ukp/clarin/webanno/model/db-changelog.xml::20210109-1::WebAnno Team despite precondition failure due to onFail='WARN':\n      1 preconditions failed\n     db/changelog/db.changelog-master.xml : Changeset 'db/changelog/db.changelog-master.xml::1512223050574-2::WebAnno Team' has not been run\n
2026-10-07 21:33:56 WARN [SYSTEM] PreconditionContainer - Executing de/tudarmstadt/ukp/clarin/webanno/model/db-changelog.xml::20210112-1::WebAnno Team despite precondition failure due to onFail='WARN':\n      1 preconditions failed\n     db/changelog/db.changelog-master.xml : Changeset 'db/changelog/db.changelog-master.xml::1512223050574-3::WebAnno Team' has not been run\n
2026-10-07 21:33:56 WARN [SYSTEM] PreconditionContainer - Executing de/tudarmstadt/ukp/clarin/webanno/model/db-changelog.xml::20210218-1::INCEpTION Team despite precondition failure due to onFail='WARN':\n      1 preconditions failed\n     db/changelog/db.changelog-master.xml : Changeset 'db/changelog/db.changelog-master.xml::1512223050574-11::WebAnno Team' has not been run\n
2026-10-07 21:33:56 WARN [SYSTEM] PreconditionContainer - Executing de/tudarmstadt/ukp/clarin/webanno/model/db-changelog.xml::20210716-01::INCEpTION Team despite precondition failure due to onFail='WARN':\n      1 preconditions failed\n     db/changelog/db.changelog-master.xml : Changeset 'db/changelog/db.changelog-master.xml::1512223050574-11::WebAnno Team' has not been run\n
2026-10-07 21:33:56 WARN [SYSTEM] JdbcExecutor - no data
2026-10-07 21:33:56 WARN [SYSTEM] JdbcExecutor - no data
2026-10-07 21:33:56 WARN [SYSTEM] JdbcExecutor - no data
2026-10-07 21:33:56 WARN [SYSTEM] JdbcExecutor - no data
2026-10-07 21:33:56 WARN [SYSTEM] JdbcExecutor - no data
2026-10-07 21:33:56 WARN [SYSTEM] JdbcExecutor - no data
2026-10-07 21:33:56 WARN [SYSTEM] JdbcExecutor - no data
2026-10-07 21:33:56 WARN [SYSTEM] PreconditionContainer - Executing de/tudarmstadt/ukp/inception/sharing/model/db-changelog.xml::20210409-1::INCEpTION Team despite precondition failure due to onFail='WARN':\n      1 preconditions failed\n     db/changelog/db.changelog-master.xml : Changeset 'db/changelog/db.changelog-master.xml::20210128-1::INCEpTION Team' has not been run\n
2026-10-07 21:33:56 WARN [SYSTEM] PreconditionContainer - Executing de/tudarmstadt/ukp/inception/sharing/model/db-changelog.xml::20210416-1::INCEpTION Team despite precondition failure due to onFail='WARN':\n      1 preconditions failed\n     db/changelog/db.changelog-master.xml : Changeset 'db/changelog/db.changelog-master.xml::20210409-1::INCEpTION Team' has not been run\n
2026-10-07 21:33:56 WARN [SYSTEM] PreconditionContainer - Executing de/tudarmstadt/ukp/inception/sharing/model/db-changelog.xml::20210427-1::INCEpTION Team despite precondition failure due to onFail='WARN':\n      1 preconditions failed\n     db/changelog/db.changelog-master.xml : Changeset 'db/changelog/db.changelog-master.xml::20210416-1::INCEpTION Team' has not been run\n
2026-10-07 21:33:56 WARN [SYSTEM] PreconditionContainer - Executing de/tudarmstadt/ukp/inception/sharing/model/db-changelog.xml::20210427-2::INCEpTION Team despite precondition failure due to onFail='WARN':\n      1 preconditions failed\n     db/changelog/db.changelog-master.xml : Changeset 'db/changelog/db.changelog-master.xml::20210427-1::INCEpTION Team' has not been run\n
2026-10-07 21:33:56 WARN [SYSTEM] JdbcExecutor - no data
2026-10-07 21:33:56 WARN [SYSTEM] JdbcExecutor - no data
2026-10-07 21:33:56 WARN [SYSTEM] JdbcExecutor - no data
2026-10-07 21:33:56 WARN [SYSTEM] JdbcExecutor - no data
2026-10-07 21:33:56 INFO [SYSTEM] LogHelper - HHH000204: Processing PersistenceUnitInfo [name: default]
2026-10-07 21:33:56 INFO [SYSTEM] Version - HHH000412: Hibernate ORM core version 6.6.26.Final
2026-10-07 21:33:56 INFO [SYSTEM] RegionFactoryInitiator - HHH000026: Second-level cache disabled
2026-10-07 21:33:57 INFO [SYSTEM] SpringPersistenceUnitInfo - No LoadTimeWeaver setup: ignoring JPA class transformer
2026-10-07 21:33:57 INFO [SYSTEM] pooling - HHH10001005: Database info:\n	Database JDBC URL [Connecting through datasource 'HikariDataSource (HikariPool-1)']\n	Database driver: undefined/unknown\n	Database version: 2.6.1\n	Autocommit mode: undefined/unknown\n	Isolation level: undefined/unknown\n	Minimum pool size: undefined/unknown\n	Maximum pool size: undefined/unknown
2026-10-07 21:33:58 INFO [SYSTEM] JtaPlatformInitiator - HHH000489: No JTA platform available (set 'hibernate.transaction.jta.platform' to enable JTA platform integration)
2026-10-07 21:33:58 INFO [SYSTEM] LocalContainerEntityManagerFactoryBean - Initialized JPA EntityManagerFactory for persistence unit 'default'
2026-10-07 21:33:58 INFO [SYSTEM] boot - Initializing websocket
2026-10-07 21:33:58 INFO [SYSTEM] boot - Initializing security
2026-10-07 21:33:59 INFO [SYSTEM] boot - Initializing document service
2026-10-07 21:33:59 INFO [SYSTEM] boot - CAS backups enabled - interval: 86400sec  max-backups: 2  max-age: 0sec
2026-10-07 21:33:59 INFO [SYSTEM] boot - Initializing cas doctor
2026-10-07 21:33:59 INFO [SYSTEM] boot - Initializing annotation schema service
2026-10-07 21:33:59 INFO [SYSTEM] boot - CAS cache size: 1500 instances
2026-10-07 21:33:59 INFO [SYSTEM] boot - Initializing document import export service
2026-10-07 21:33:59 INFO [SYSTEM] boot - Initializing uima formats
2026-10-07 21:33:59 INFO [SYSTEM] boot - Initializing project service
2026-10-07 21:33:59 INFO [SYSTEM] boot - Document repository path: /home/chakwong/python/legalmath/.worktrees/bond-gap-closure/.localresources/prospectus-inception/run-001/repository
2026-10-07 21:33:59 INFO [SYSTEM] boot - Initializing annotation
2026-10-07 21:33:59 INFO [SYSTEM] boot - Initializing constraints service
2026-10-07 21:33:59 INFO [SYSTEM] boot - Initializing scheduling service
2026-10-07 21:33:59 INFO [SYSTEM] boot - Initializing event logging
2026-10-07 21:33:59 INFO [SYSTEM] boot - Initializing curation document service
2026-10-07 21:33:59 INFO [SYSTEM] boot - Initializing annotation ui
2026-10-07 21:33:59 INFO [SYSTEM] boot - Initializing curation ui
2026-10-07 21:33:59 INFO [SYSTEM] boot - Initializing legacy curation ui
2026-10-07 21:33:59 INFO [SYSTEM] boot - Initializing workload management
2026-10-07 21:33:59 INFO [SYSTEM] boot - Initializing recommender service
2026-10-07 21:33:59 INFO [SYSTEM] boot - Initializing guidelines service
2026-10-07 21:33:59 INFO [SYSTEM] boot - Initializing project export service
2026-10-07 21:33:59 INFO [SYSTEM] boot - Initializing annotation editor
2026-10-07 21:33:59 INFO [SYSTEM] boot - Initializing external editor
2026-10-07 21:33:59 INFO [SYSTEM] boot - Initializing tool library
2026-10-07 21:33:59 INFO [SYSTEM] boot - Initializing pub med services
2026-10-07 21:33:59 INFO [SYSTEM] boot - Database URL     : [jdbc:hsqldb:file:/home/chakwong/python/legalmath/.worktrees/bond-gap-closure/.localresources/prospectus-inception/run-001/db/inception;hsqldb.default_table_type=cached;hsqldb.tx=mvcc] 
2026-10-07 21:33:59 INFO [SYSTEM] boot - Database username: [sa] 
2026-10-07 21:33:59 INFO [SYSTEM] boot - Database driver  : [HSQL Database Engine Driver  2.7.4] (auto-detected)
2026-10-07 21:33:59 INFO [SYSTEM] boot - Database dialect : [de.tudarmstadt.ukp.inception.support.db.InceptionHSQLDialect] 
2026-10-07 21:33:59 INFO [SYSTEM] boot - Initializing universal dependencies project initializers
2026-10-07 21:33:59 DEBUG [SYSTEM] WebSocketHandlerMapping - Patterns [/ws] in 'stompWebSocketHandlerMapping'
2026-10-07 21:34:00 DEBUG [SYSTEM] WebSocketAnnotationMethodMessageHandler - \n	d.t.u.i.d.s.DiamWebsocketController:\n	{[SUBSCRIBE],[/project/{project}/document/{document}/user/{user}/from/{from}/to/{to}/format/{format}]}: onSubscribeToAnnotationDocument(SimpMessageHeaderAccessor,Principal,long,long,String,int,int,String)
2026-10-07 21:34:00 DEBUG [SYSTEM] WebSocketAnnotationMethodMessageHandler - \n	d.t.u.i.u.s.c.SchedulerControllerImpl:\n	
2026-10-07 21:34:00 DEBUG [SYSTEM] WebSocketAnnotationMethodMessageHandler - \n	d.t.u.i.u.s.c.SchedulerWebsocketControllerImpl:\n	{[SUBSCRIBE],[/scheduler/user]}: onSubscribeToUserTaskUpdates(Principal)\n	{[SUBSCRIBE],[/scheduler/project/{project}]}: onSubscribeToProjectTaskUpdates(SimpMessageHeaderAccessor,Principal,long)
2026-10-07 21:34:00 DEBUG [SYSTEM] WebSocketAnnotationMethodMessageHandler - \n	d.t.u.i.u.c.d.a.ActivitiesDashletControllerImpl:\n	
2026-10-07 21:34:00 DEBUG [SYSTEM] WebSocketAnnotationMethodMessageHandler - \n	d.t.u.i.r.f.RecommendationEventWebsocketControllerImpl:\n	
2026-10-07 21:34:00 DEBUG [SYSTEM] WebSocketAnnotationMethodMessageHandler - \n	d.t.u.i.p.e.c.ExportServiceControllerImpl:\n	{[SUBSCRIBE],[/p/{projectId}/exports]}: getCurrentExportStates(long)\n	{[MESSAGE],[/export/{runId}/cancel]}: cancelDownload(String)
2026-10-07 21:34:00 DEBUG [SYSTEM] WebSocketAnnotationMethodMessageHandler - \n	d.t.u.i.e.x.XHtmlXmlDocumentViewControllerImpl:\n	
2026-10-07 21:34:00 DEBUG [SYSTEM] WebSocketAnnotationMethodMessageHandler - \n	d.t.u.i.e.x.XmlDocumentViewControllerImpl:\n	
2026-10-07 21:34:00 DEBUG [SYSTEM] WebSocketAnnotationMethodMessageHandler - \n	d.t.u.c.w.w.r.a.AeroProjectController:\n	
2026-10-07 21:34:00 DEBUG [SYSTEM] WebSocketAnnotationMethodMessageHandler - \n	d.t.u.i.r.n.PermissionController:\n	
2026-10-07 21:34:00 DEBUG [SYSTEM] WebSocketAnnotationMethodMessageHandler - \n	d.t.u.c.w.w.r.a.AeroDocumentController:\n	
2026-10-07 21:34:00 DEBUG [SYSTEM] WebSocketAnnotationMethodMessageHandler - \n	d.t.u.i.r.n.AnnotationController:\n	
2026-10-07 21:34:00 DEBUG [SYSTEM] WebSocketAnnotationMethodMessageHandler - \n	d.t.u.c.w.w.r.a.AeroAnnotationController:\n	
2026-10-07 21:34:00 DEBUG [SYSTEM] WebSocketAnnotationMethodMessageHandler - \n	d.t.u.c.w.w.r.a.AeroCurationController:\n	
2026-10-07 21:34:00 DEBUG [SYSTEM] WebSocketAnnotationMethodMessageHandler - \n	d.t.u.c.w.w.r.l.LegacyRemoteApiController:\n	
2026-10-07 21:34:00 DEBUG [SYSTEM] WebSocketAnnotationMethodMessageHandler - \n	d.t.u.c.w.w.r.a.AeroKnowledgeBaseController:\n	
2026-10-07 21:34:00 DEBUG [SYSTEM] WebSocketAnnotationMethodMessageHandler - \n	d.t.u.i.r.n.UserController:\n	
2026-10-07 21:34:00 DEBUG [SYSTEM] WebSocketAnnotationMethodMessageHandler - \n	o.s.w.a.MultipleOpenApiWebMvcResource:\n	
2026-10-07 21:34:00 DEBUG [SYSTEM] WebSocketAnnotationMethodMessageHandler - \n	o.s.w.a.OpenApiWebMvcResource:\n	
2026-10-07 21:34:00 DEBUG [SYSTEM] WebSocketAnnotationMethodMessageHandler - \n	o.s.w.u.SwaggerWelcomeWebMvc:\n	
2026-10-07 21:34:00 DEBUG [SYSTEM] WebSocketAnnotationMethodMessageHandler - \n	o.s.w.u.SwaggerConfigResource:\n	
2026-10-07 21:34:00 DEBUG [SYSTEM] RequestMappingHandlerMapping - 53 mappings in 'requestMappingHandlerMapping'
2026-10-07 21:34:00 DEBUG [SYSTEM] SimpleUrlHandlerMapping - Patterns [/webjars/**, /**, /ui/view/pdfeditor2/**, /resources/pdfanno/**, /swagger-ui*/*swagger-initializer.js, /swagger-ui*/**] in 'resourceHandlerMapping'
2026-10-07 21:34:00 DEBUG [SYSTEM] RequestMappingHandlerAdapter - ControllerAdvice beans: 0 @ModelAttribute, 0 @InitBinder, 1 RequestBodyAdvice, 1 ResponseBodyAdvice
2026-10-07 21:34:00 DEBUG [SYSTEM] ExceptionHandlerExceptionResolver - ControllerAdvice beans: 1 @ExceptionHandler, 1 ResponseBodyAdvice
2026-10-07 21:34:00 INFO [SYSTEM] boot - Initializing agreement
2026-10-07 21:34:00 INFO [SYSTEM] boot - Initializing cas diff
2026-10-07 21:34:00 INFO [SYSTEM] boot - Initializing brat annotation editor
2026-10-07 21:34:00 INFO [SYSTEM] boot - Initializing conll formats
2026-10-07 21:34:00 INFO [SYSTEM] boot - Initializing project initializers
2026-10-07 21:34:00 INFO [SYSTEM] boot - Initializing inception security
2026-10-07 21:34:00 INFO [SYSTEM] EndpointLinksResolver - Exposing 1 endpoint beneath base path '/actuator'
2026-10-07 21:34:00 INFO [SYSTEM] boot - Initializing inception security remote api
2026-10-07 21:34:00 INFO [SYSTEM] boot - Initializing inception security web ui built in
2026-10-07 21:34:00 INFO [SYSTEM] boot - Initializing inception security web ui pre authenticated
2026-10-07 21:34:00 WARN [SYSTEM] InitializeUserDetailsBeanManagerConfigurer$InitializeUserDetailsManagerConfigurer - Global AuthenticationManager configured with an AuthenticationProvider bean. UserDetailsService beans will not be used by Spring Security for automatically configuring username/password login. Consider removing the AuthenticationProvider bean. Alternatively, consider using the UserDetailsService in a manually instantiated DaoAuthenticationProvider. If the current configuration is intentional, to turn off this warning, increase the logging level of 'org.springframework.security.config.annotation.authentication.configuration.InitializeUserDetailsBeanManagerConfigurer' to ERROR
2026-10-07 21:34:00 WARN [SYSTEM] CglibAopProxy - Unable to proxy interface-implementing method [public final void org.springframework.dao.support.DaoSupport.afterPropertiesSet() throws java.lang.IllegalArgumentException,org.springframework.beans.factory.BeanInitializationException] because it is marked as final, consider using interface-based JDK proxies instead.
2026-10-07 21:34:00 INFO [SYSTEM] boot - Initializing inception security actuator
2026-10-07 21:34:00 INFO [SYSTEM] boot - Initializing inception security web ui api
2026-10-07 21:34:00 INFO [SYSTEM] boot - Initializing tcf formats
2026-10-07 21:34:00 INFO [SYSTEM] boot - Initializing text formats
2026-10-07 21:34:00 INFO [SYSTEM] boot - Initializing web anno formats
2026-10-07 21:34:00 INFO [SYSTEM] boot - Initializing undo
2026-10-07 21:34:01 INFO [SYSTEM] boot - Initializing project ui
2026-10-07 21:34:01 INFO [SYSTEM] boot - Initializing tag sets ui
2026-10-07 21:34:01 INFO [SYSTEM] boot - Initializing remote api
2026-10-07 21:34:01 INFO [SYSTEM] boot - Initializing knowledge base service
2026-10-07 21:34:01 INFO [SYSTEM] boot - Knowledge base repository path: /home/chakwong/python/legalmath/.worktrees/bond-gap-closure/.localresources/prospectus-inception/run-001/repository/kb
2026-10-07 21:34:01 INFO [SYSTEM] boot - Found [2] WebhookService extensions
2026-10-07 21:34:01 INFO [SYSTEM] boot - Initializing active learning
2026-10-07 21:34:01 INFO [SYSTEM] boot - Initializing link feature
2026-10-07 21:34:01 INFO [SYSTEM] boot - Initializing string feature
2026-10-07 21:34:01 INFO [SYSTEM] boot - Initializing layer behavior
2026-10-07 21:34:01 INFO [SYSTEM] boot - Initializing chain layer
2026-10-07 21:34:01 INFO [SYSTEM] boot - Initializing document metadata layer support
2026-10-07 21:34:01 INFO [SYSTEM] boot - Initializing relation layer
2026-10-07 21:34:01 INFO [SYSTEM] boot - Initializing span layer
2026-10-07 21:34:01 INFO [SYSTEM] boot - Initializing apache annotator html annotation editor support
2026-10-07 21:34:01 INFO [SYSTEM] boot - Initializing external search
2026-10-07 21:34:01 INFO [SYSTEM] boot - Initializing external search ui
2026-10-07 21:34:01 INFO [SYSTEM] boot - Initializing search service
2026-10-07 21:34:01 INFO [SYSTEM] boot - Initializing search service ui
2026-10-07 21:34:01 INFO [SYSTEM] boot - Initializing stats service ui
2026-10-07 21:34:01 INFO [SYSTEM] boot - Initializing entity linking service
2026-10-07 21:34:01 INFO [SYSTEM] boot - Initializing curation service
2026-10-07 21:34:01 INFO [SYSTEM] boot - Initializing annotation browser sidebar
2026-10-07 21:34:01 INFO [SYSTEM] boot - Initializing repository
2026-10-07 21:34:01 INFO [SYSTEM] boot - Initializing open search document repository
2026-10-07 21:34:01 INFO [SYSTEM] boot - Initializing pub annotation document repository
2026-10-07 21:34:01 INFO [SYSTEM] boot - Initializing bio c
2026-10-07 21:34:01 INFO [SYSTEM] boot - Initializing solr search document repository
2026-10-07 21:34:01 INFO [SYSTEM] boot - Initializing image support
2026-10-07 21:34:01 INFO [SYSTEM] boot - Initializing brat
2026-10-07 21:34:01 INFO [SYSTEM] boot - Initializing html support
2026-10-07 21:34:01 INFO [SYSTEM] boot - Initializing ims cwb format support
2026-10-07 21:34:01 INFO [SYSTEM] boot - Initializing uima json cas support
2026-10-07 21:34:01 INFO [SYSTEM] boot - Initializing nif format support
2026-10-07 21:34:01 INFO [SYSTEM] boot - Initializing perseus format
2026-10-07 21:34:01 INFO [SYSTEM] boot - Initializing rdf format
2026-10-07 21:34:01 INFO [SYSTEM] boot - Initializing tei formats
2026-10-07 21:34:01 INFO [SYSTEM] boot - Initializing xml support
2026-10-07 21:34:01 INFO [SYSTEM] boot - Initializing pdf annotation editor support
2026-10-07 21:34:01 INFO [SYSTEM] boot - Initializing pdf annotation editor 2 support
2026-10-07 21:34:01 INFO [SYSTEM] boot - Initializing pivot
2026-10-07 21:34:01 INFO [SYSTEM] boot - Initializing processing
2026-10-07 21:34:01 INFO [SYSTEM] boot - Initializing string matching recommender
2026-10-07 21:34:01 INFO [SYSTEM] boot - Initializing inception basic project initializers
2026-10-07 21:34:01 INFO [SYSTEM] boot - Initializing inception document labeling project initializers
2026-10-07 21:34:01 INFO [SYSTEM] boot - Initializing matrix workload manager
2026-10-07 21:34:01 INFO [SYSTEM] boot - Initializing open nlp recommender
2026-10-07 21:34:01 INFO [SYSTEM] boot - Initializing inception phi project initializers
2026-10-07 21:34:01 INFO [SYSTEM] boot - Initializing inception sentence labeling project initializers
2026-10-07 21:34:01 INFO [SYSTEM] boot - Initializing wiki data linking project initializers
2026-10-07 21:34:01 INFO [SYSTEM] boot - Initializing elg recommender
2026-10-07 21:34:02 INFO [SYSTEM] boot - Initializing external recommender
2026-10-07 21:34:02 INFO [SYSTEM] boot - Initializing ollama recommender
2026-10-07 21:34:02 INFO [SYSTEM] boot - Initializing weblicht recommender
2026-10-07 21:34:02 INFO [SYSTEM] boot - Initializing mtas document index
2026-10-07 21:34:02 INFO [SYSTEM] boot - Initializing agreement ui
2026-10-07 21:34:02 INFO [SYSTEM] boot - Initializing core ui
2026-10-07 21:34:02 INFO [SYSTEM] boot - Initializing dashboard
2026-10-07 21:34:02 INFO [SYSTEM] boot - Initializing knowledge base service ui
2026-10-07 21:34:02 INFO [SYSTEM] boot - Initializing scheduling ui
2026-10-07 21:34:02 INFO [SYSTEM] boot - Initializing dynamic workload manager
2026-10-07 21:34:02 INFO [SYSTEM] boot - Initializing workload ui
2026-10-07 21:34:02 DEBUG [SYSTEM] SimpLogging - clientOutboundChannel added SubProtocolWebSocketHandler[StompSubProtocolHandler[v10.stomp, v11.stomp, v12.stomp]]
2026-10-07 21:34:02 DEBUG [SYSTEM] SimpLogging - clientInboundChannel added WebSocketAnnotationMethodMessageHandler[prefixes=[/app/]]
2026-10-07 21:34:02 INFO [SYSTEM] SimpleBrokerMessageHandler - Starting...
2026-10-07 21:34:02 DEBUG [SYSTEM] SimpLogging - clientInboundChannel added SimpleBrokerMessageHandler [org.springframework.messaging.simp.broker.DefaultSubscriptionRegistry@6fd6fdc1]
2026-10-07 21:34:02 DEBUG [SYSTEM] SimpLogging - brokerChannel added SimpleBrokerMessageHandler [org.springframework.messaging.simp.broker.DefaultSubscriptionRegistry@6fd6fdc1]
2026-10-07 21:34:02 INFO [SYSTEM] SimpleBrokerMessageHandler - BrokerAvailabilityEvent[available=true, SimpleBrokerMessageHandler [org.springframework.messaging.simp.broker.DefaultSubscriptionRegistry@6fd6fdc1]]
2026-10-07 21:34:02 INFO [SYSTEM] AnnotationAsyncExecutionInterceptor - More than one TaskExecutor bean found within the context, and none is named 'taskExecutor'. Mark one of them as primary or name it 'taskExecutor' (possibly as an alias) in order to use it for async processing: [clientInboundChannelExecutor, clientOutboundChannelExecutor, brokerChannelExecutor, messageBrokerTaskScheduler]
2026-10-07 21:34:02 INFO [SYSTEM] SimpleBrokerMessageHandler - Started.
2026-10-07 21:34:02 DEBUG [SYSTEM] SimpLogging - clientInboundChannel added UserDestinationMessageHandler[DefaultUserDestinationResolver[prefix=/user/]]
2026-10-07 21:34:02 DEBUG [SYSTEM] SimpLogging - brokerChannel added UserDestinationMessageHandler[DefaultUserDestinationResolver[prefix=/user/]]
2026-10-07 21:34:02 DEBUG [SYSTEM] ConditionEvaluationReportLogger - \n\n\n============================\nCONDITIONS EVALUATION REPORT\n============================\n\n\nPositive matches:\n-----------------\n\n   ActiveLearningAutoConfiguration matched:\n      - @ConditionalOnProperty (recommender.active-learning.enabled=true) matched (OnPropertyCondition)\n      - @ConditionalOnBean (types: de.tudarmstadt.ukp.inception.recommendation.api.RecommendationService; SearchStrategy: all) found bean 'recommendationService' (OnBeanCondition)\n\n   ActivitiesDashletControllerImpl matched:\n      - @ConditionalOnWebApplication (required) found 'session' scope (OnWebApplicationCondition)\n\n   AnnotatedMountScannerConfig matched:\n      - @ConditionalOnClass found required class 'org.wicketstuff.annotation.scan.AnnotatedMountScanner' (OnClassCondition)\n      - @ConditionalOnProperty (wicket.stuff.annotationscan.enabled) matched (OnPropertyCondition)\n\n   AnnotationBrowserSidebarAutoConfiguration matched:\n      - @ConditionalOnWebApplication (required) found 'session' scope (OnWebApplicationCondition)\n\n   AnnotationBrowserSidebarAutoConfiguration#annotationBrowserSidebarFactory matched:\n      - @ConditionalOnExpression (#{${websocket.enabled:true}}) resulted in true (OnExpressionCondition)\n\n   AnnotationUIAutoConfiguration matched:\n      - @ConditionalOnWebApplication (required) found 'session' scope (OnWebApplicationCondition)\n\n   AopAutoConfiguration matched:\n      - @ConditionalOnBooleanProperty (spring.aop.auto=true) matched (OnPropertyCondition)\n\n   AopAutoConfiguration.AspectJAutoProxyingConfiguration matched:\n      - @ConditionalOnClass found required class 'org.aspectj.weaver.Advice' (OnClassCondition)\n\n   AopAutoConfiguration.AspectJAutoProxyingConfiguration.CglibAutoProxyConfiguration matched:\n      - @ConditionalOnBooleanProperty (spring.aop.proxy-target-class=true) matched (OnPropertyCondition)\n\n   ApacheAnnotatorHtmlAnnotationEditorSupportAutoConfiguration matched:\n      - @ConditionalOnProperty (ui.html-apacheannotator.enabled=true) matched (OnPropertyCondition)\n\n   ApplicationAvailabilityAutoConfiguration#applicationAvailability matched:\n      - @ConditionalOnMissingBean (types: org.springframework.boot.availability.ApplicationAvailability; SearchStrategy: all) did not find any beans (OnBeanCondition)\n\n   BratAnnotationEditorAutoConfiguration matched:\n      - @ConditionalOnWebApplication (required) found 'session' scope (OnWebApplicationCondition)\n      - @ConditionalOnProperty (ui.brat.enabled=true) matched (OnPropertyCondition)\n\n   CacheAutoConfiguration matched:\n      - @ConditionalOnClass found required class 'org.springframework.cache.CacheManager' (OnClassCondition)\n      - @ConditionalOnBean (types: org.springframework.cache.interceptor.CacheAspectSupport; SearchStrategy: all) found bean 'cacheInterceptor'; @ConditionalOnMissingBean (names: cacheResolver types: org.springframework.cache.CacheManager; SearchStrategy: all) did not find any beans (OnBeanCondition)\n\n   CacheAutoConfiguration#cacheManagerCustomizers matched:\n      - @ConditionalOnMissingBean (types: org.springframework.boot.autoconfigure.cache.CacheManagerCustomizers; SearchStrategy: all) did not find any beans (OnBeanCondition)\n\n   CacheAutoConfiguration.CacheManagerEntityManagerFactoryDependsOnPostProcessor matched:\n      - @ConditionalOnClass found required class 'org.springframework.orm.jpa.LocalContainerEntityManagerFactoryBean' (OnClassCondition)\n      - @ConditionalOnBean (types: org.springframework.orm.jpa.AbstractEntityManagerFactoryBean; SearchStrategy: all) found bean '&entityManagerFactory' (OnBeanCondition)\n\n   CacheMeterBinderProvidersConfiguration matched:\n      - @ConditionalOnClass found required class 'io.micrometer.core.instrument.binder.MeterBinder' (OnClassCondition)\n\n   CacheMeterBinderProvidersConfiguration.CaffeineCacheMeterBinderProviderConfiguration matched:\n      - @ConditionalOnClass found required classes 'org.springframework.cache.caffeine.CaffeineCache', 'com.github.benmanes.caffeine.cache.Cache' (OnClassCondition)\n\n   CacheMetricsAutoConfiguration matched:\n      - @ConditionalOnBean (types: org.springframework.cache.CacheManager; SearchStrategy: all) found bean 'cacheManager' (OnBeanCondition)\n\n   CacheMetricsRegistrarConfiguration matched:\n      - @ConditionalOnBean (types: org.springframework.boot.actuate.metrics.cache.CacheMeterBinderProvider,io.micrometer.core.instrument.MeterRegistry; SearchStrategy: all) found beans 'caffeineCacheMeterBinderProvider', 'simpleMeterRegistry' (OnBeanCondition)\n\n   CaffeineCacheConfiguration matched:\n      - @ConditionalOnClass found required classes 'com.github.benmanes.caffeine.cache.Caffeine', 'org.springframework.cache.caffeine.CaffeineCacheManager' (OnClassCondition)\n      - Cache org.springframework.boot.autoconfigure.cache.CaffeineCacheConfiguration automatic cache type (CacheCondition)\n      - @ConditionalOnMissingBean (types: org.springframework.cache.CacheManager; SearchStrategy: all) did not find any beans (OnBeanCondition)\n\n   org.springframework.boot.autoconfigure.http.client.reactive.ClientHttpConnectorAutoConfiguration matched:\n      - @ConditionalOnClass found required classes 'org.springframework.http.client.reactive.ClientHttpConnector', 'reactor.core.publisher.Mono' (OnClassCondition)\n      - Detected ClientHttpConnectorBuilder (ConditionalOnClientHttpConnectorBuilderDetection)\n\n   ClientHttpConnectorAutoConfiguration#clientHttpConnector matched:\n      - @ConditionalOnMissingBean (types: org.springframework.http.client.reactive.ClientHttpConnector; SearchStrategy: all) did not find any beans (OnBeanCondition)\n\n   ClientHttpConnectorAutoConfiguration#clientHttpConnectorBuilder matched:\n      - @ConditionalOnMissingBean (types: org.springframework.boot.http.client.reactive.ClientHttpConnectorBuilder<?>; SearchStrategy: all) did not find any beans (OnBeanCondition)\n\n   ClientHttpConnectorAutoConfiguration#clientHttpConnectorSettings matched:\n      - @ConditionalOnMissingBean (types: org.springframework.boot.http.client.reactive.ClientHttpConnectorSettings; SearchStrategy: all) did not find any beans (OnBeanCondition)\n\n   CompositeMeterRegistryAutoConfiguration matched:\n      - @ConditionalOnClass found required class 'io.micrometer.core.instrument.composite.CompositeMeterRegistry' (OnClassCondition)\n\n   ConllFormatsAutoConfiguration#conll2000FormatSupport matched:\n      - @ConditionalOnProperty (format.conll2000.enabled=true) matched (OnPropertyCondition)\n\n   ConllFormatsAutoConfiguration#conll2002FormatSupport matched:\n      - @ConditionalOnProperty (format.conll2002.enabled=true) matched (OnPropertyCondition)\n\n   ConllFormatsAutoConfiguration#conll2003FormatSupport matched:\n      - @ConditionalOnProperty (format.conll2003.enabled=true) matched (OnPropertyCondition)\n\n   ConllFormatsAutoConfiguration#conll2006FormatSupport matched:\n      - @ConditionalOnProperty (format.conll2006.enabled=true) matched (OnPropertyCondition)\n\n   ConllFormatsAutoConfiguration#conll2009FormatSupport matched:\n      - @ConditionalOnProperty (format.conll2009.enabled=true) matched (OnPropertyCondition)\n\n   ConllFormatsAutoConfiguration#conll2012FormatSupport matched:\n      - @ConditionalOnProperty (format.conll2012.enabled=true) matched (OnPropertyCondition)\n\n   ConllFormatsAutoConfiguration#conllCoreNlpFormatSupport matched:\n      - @ConditionalOnProperty (format.conllcorenlp.enabled=true) matched (OnPropertyCondition)\n\n   ConllFormatsAutoConfiguration#conllUFormatSupport matched:\n      - @ConditionalOnProperty (format.conllu.enabled=true) matched (OnPropertyCondition)\n\n   CoreUiAutoConfiguration#versionFooterItem matched:\n      - @ConditionalOnMissingBean (types: de.tudarmstadt.ukp.clarin.webanno.ui.core.footer.VersionFooterItem; SearchStrategy: all) did not find any beans (OnBeanCondition)\n\n   CsrfAttacksPreventionConfig matched:\n      - @ConditionalOnClass found required class 'org.apache.wicket.protocol.http.ResourceIsolationRequestCycleListener' (OnClassCondition)\n      - @ConditionalOnProperty (wicket.core.csrf.enabled) matched (OnPropertyCondition)\n\n   CurationDocumentServiceAutoConfiguration matched:\n      - @ConditionalOnBean (types: de.tudarmstadt.ukp.clarin.webanno.api.casstorage.CasStorageService,de.tudarmstadt.ukp.inception.schema.api.AnnotationSchemaService,de.tudarmstadt.ukp.inception.project.api.ProjectService; SearchStrategy: all) found beans 'annotationService', 'projectService', 'casStorageService' (OnBeanCondition)\n\n   CurationSidebarAutoConfiguration matched:\n      - @ConditionalOnWebApplication (required) found 'session' scope (OnWebApplicationCondition)\n\n   CurationUIAutoConfiguration matched:\n      - @ConditionalOnWebApplication (required) found 'session' scope (OnWebApplicationCondition)\n\n   DashboardAutoConfiguration matched:\n      - @ConditionalOnWebApplication (required) found 'session' scope (OnWebApplicationCondition)\n\n   DashboardAutoConfiguration#projectExportMenuItem matched:\n      - @ConditionalOnExpression (#{${websocket.enabled:true} and !${dashboard.legacy-export.enabled:false}}) resulted in true (OnExpressionCondition)\n\n   DataSourceAutoConfiguration matched:\n      - @ConditionalOnClass found required classes 'javax.sql.DataSource', 'org.springframework.jdbc.datasource.embedded.EmbeddedDatabaseType' (OnClassCondition)\n      - @ConditionalOnMissingBean (types: ?; SearchStrategy: all) did not find any beans (OnBeanCondition)\n\n   DataSourceAutoConfiguration.PooledDataSourceConfiguration matched:\n      - AnyNestedCondition 1 matched 1 did not; NestedCondition on DataSourceAutoConfiguration.PooledDataSourceCondition.PooledDataSourceAvailable PooledDataSource found supported DataSource; NestedCondition on DataSourceAutoConfiguration.PooledDataSourceCondition.ExplicitType @ConditionalOnProperty (spring.datasource.type) did not find property 'spring.datasource.type' (DataSourceAutoConfiguration.PooledDataSourceCondition)\n      - @ConditionalOnMissingBean (types: javax.sql.DataSource,javax.sql.XADataSource; SearchStrategy: all) did not find any beans (OnBeanCondition)\n\n   DataSourceAutoConfiguration.PooledDataSourceConfiguration#jdbcConnectionDetails matched:\n      - @ConditionalOnMissingBean (types: org.springframework.boot.autoconfigure.jdbc.JdbcConnectionDetails; SearchStrategy: all) did not find any beans (OnBeanCondition)\n\n   DataSourceConfiguration.Hikari matched:\n      - @ConditionalOnClass found required class 'com.zaxxer.hikari.HikariDataSource' (OnClassCondition)\n      - @ConditionalOnProperty (spring.datasource.type=com.zaxxer.hikari.HikariDataSource) matched (OnPropertyCondition)\n      - @ConditionalOnMissingBean (types: javax.sql.DataSource; SearchStrategy: all) did not find any beans (OnBeanCondition)\n\n   DataSourceHealthContributorAutoConfiguration matched:\n      - @ConditionalOnClass found required classes 'org.springframework.jdbc.core.JdbcTemplate', 'org.springframework.jdbc.datasource.lookup.AbstractRoutingDataSource' (OnClassCondition)\n      - @ConditionalOnEnabledHealthIndicator management.health.defaults.enabled is considered true (OnEnabledHealthIndicatorCondition)\n      - @ConditionalOnBean (types: javax.sql.DataSource; SearchStrategy: all) found bean 'dataSource' (OnBeanCondition)\n\n   DataSourceHealthContributorAutoConfiguration#dbHealthContributor matched:\n      - @ConditionalOnMissingBean (names: dbHealthIndicator,dbHealthContributor; SearchStrategy: all) did not find any beans (OnBeanCondition)\n\n   DataSourceInitializationConfiguration matched:\n      - @ConditionalOnClass found required class 'org.springframework.jdbc.datasource.init.DatabasePopulator' (OnClassCondition)\n      - @ConditionalOnSingleCandidate (types: javax.sql.DataSource; SearchStrategy: all) found a single bean 'dataSource'; @ConditionalOnMissingBean (types: org.springframework.boot.autoconfigure.sql.init.SqlDataSourceScriptDatabaseInitializer,org.springframework.boot.autoconfigure.sql.init.SqlR2dbcScriptDatabaseInitializer; SearchStrategy: all) did not find any beans (OnBeanCondition)\n\n   DataSourcePoolMetadataProvidersConfiguration.HikariPoolDataSourceMetadataProviderConfiguration matched:\n      - @ConditionalOnClass found required class 'com.zaxxer.hikari.HikariDataSource' (OnClassCondition)\n\n   DataSourcePoolMetricsAutoConfiguration matched:\n      - @ConditionalOnClass found required classes 'javax.sql.DataSource', 'io.micrometer.core.instrument.MeterRegistry' (OnClassCondition)\n      - @ConditionalOnBean (types: javax.sql.DataSource,io.micrometer.core.instrument.MeterRegistry; SearchStrategy: all) found beans 'simpleMeterRegistry', 'dataSource' (OnBeanCondition)\n\n   DataSourcePoolMetricsAutoConfiguration.DataSourcePoolMetadataMetricsConfiguration matched:\n      - @ConditionalOnBean (types: org.springframework.boot.jdbc.metadata.DataSourcePoolMetadataProvider; SearchStrategy: all) found bean 'hikariPoolDataSourceMetadataProvider' (OnBeanCondition)\n\n   DataSourcePoolMetricsAutoConfiguration.HikariDataSourceMetricsConfiguration matched:\n      - @ConditionalOnClass found required class 'com.zaxxer.hikari.HikariDataSource' (OnClassCondition)\n\n   DataSourceTransactionManagerAutoConfiguration matched:\n      - @ConditionalOnClass found required classes 'javax.sql.DataSource', 'org.springframework.jdbc.core.JdbcTemplate', 'org.springframework.transaction.TransactionManager' (OnClassCondition)\n\n   DataSourceTransactionManagerAutoConfiguration.JdbcTransactionManagerConfiguration matched:\n      - @ConditionalOnSingleCandidate (types: javax.sql.DataSource; SearchStrategy: all) found a single bean 'dataSource' (OnBeanCondition)\n\n   DiamWebsocketController matched:\n      - @ConditionalOnWebApplication (required) found 'session' scope (OnWebApplicationCondition)\n      - @ConditionalOnExpression (#{${websocket.enabled:true}}) resulted in true (OnExpressionCondition)\n\n   DiskSpaceHealthContributorAutoConfiguration matched:\n      - @ConditionalOnEnabledHealthIndicator management.health.defaults.enabled is considered true (OnEnabledHealthIndicatorCondition)\n\n   DiskSpaceHealthContributorAutoConfiguration#diskSpaceHealthIndicator matched:\n      - @ConditionalOnMissingBean (names: diskSpaceHealthIndicator; SearchStrategy: all) did not find any beans (OnBeanCondition)\n\n   DispatcherServletAutoConfiguration matched:\n      - @ConditionalOnClass found required class 'org.springframework.web.servlet.DispatcherServlet' (OnClassCondition)\n      - found 'session' scope (OnWebApplicationCondition)\n\n   DispatcherServletAutoConfiguration.DispatcherServletConfiguration matched:\n      - @ConditionalOnClass found required class 'jakarta.servlet.ServletRegistration' (OnClassCondition)\n      - Default DispatcherServlet did not find dispatcher servlet beans (DispatcherServletAutoConfiguration.DefaultDispatcherServletCondition)\n\n   DispatcherServletAutoConfiguration.DispatcherServletRegistrationConfiguration matched:\n      - @ConditionalOnClass found required class 'jakarta.servlet.ServletRegistration' (OnClassCondition)\n      - DispatcherServlet Registration did not find servlet registration bean (DispatcherServletAutoConfiguration.DispatcherServletRegistrationCondition)\n\n   DispatcherServletAutoConfiguration.DispatcherServletRegistrationConfiguration#dispatcherServletRegistration matched:\n      - @ConditionalOnBean (names: dispatcherServlet types: org.springframework.web.servlet.DispatcherServlet; SearchStrategy: all) found bean 'dispatcherServlet' (OnBeanCondition)\n\n   DocumentMetadataLayerSupportAutoConfiguration#documentMetadataAnnotationActionUndoSupport matched:\n      - @ConditionalOnProperty (documentmetadata.enabled=true) matched (OnPropertyCondition)\n\n   DocumentMetadataLayerSupportAutoConfiguration#documentMetadataSidebarFactory matched:\n      - @ConditionalOnProperty (documentmetadata.enabled=true) matched (OnPropertyCondition)\n\n   DocumentMetadataLayerSupportAutoConfiguration#metadataSuggestionSupport matched:\n      - @ConditionalOnProperty (documentmetadata.enabled=true) matched (OnPropertyCondition)\n      - @ConditionalOnBean (types: de.tudarmstadt.ukp.inception.recommendation.api.RecommendationService; SearchStrategy: all) found bean 'recommendationService' (OnBeanCondition)\n\n   DynamicWorkloadManagerAutoConfiguration matched:\n      - @ConditionalOnProperty (workload.dynamic.enabled=true) matched (OnPropertyCondition)\n\n   DynamicWorkloadManagerAutoConfiguration#dynamicWorkloadManagementPageMenuItem matched:\n      - @ConditionalOnWebApplication (required) found 'session' scope (OnWebApplicationCondition)\n\n   ElgRecommenderAutoConfiguration matched:\n      - @ConditionalOnProperty (recommender.elg.enabled=true) matched (OnPropertyCondition)\n\n   EmbeddedWebServerFactoryCustomizerAutoConfiguration matched:\n      - @ConditionalOnWebApplication (required) found 'session' scope (OnWebApplicationCondition)\n      - @ConditionalOnWarDeployment the application is not deployed as a WAR file. (OnWarDeploymentCondition)\n\n   EmbeddedWebServerFactoryCustomizerAutoConfiguration.TomcatWebServerFactoryCustomizerConfiguration matched:\n      - @ConditionalOnClass found required classes 'org.apache.catalina.startup.Tomcat', 'org.apache.coyote.UpgradeProtocol' (OnClassCondition)\n\n   EndpointAutoConfiguration#endpointCachingOperationInvokerAdvisor matched:\n      - @ConditionalOnMissingBean (types: org.springframework.boot.actuate.endpoint.invoker.cache.CachingOperationInvokerAdvisor; SearchStrategy: all) did not find any beans (OnBeanCondition)\n\n   EndpointAutoConfiguration#endpointOperationParameterMapper matched:\n      - @ConditionalOnMissingBean (types: org.springframework.boot.actuate.endpoint.invoke.ParameterValueMapper; SearchStrategy: all) did not find any beans (OnBeanCondition)\n\n   EndpointAutoConfiguration#propertiesEndpointAccessResolver matched:\n      - @ConditionalOnMissingBean (types: org.springframework.boot.actuate.endpoint.EndpointAccessResolver; SearchStrategy: all) did not find any beans (OnBeanCondition)\n\n   EntityLinkingServiceAutoConfiguration matched:\n      - @ConditionalOnProperty (knowledge-base.entity-linking.enabled=true) matched (OnPropertyCondition)\n      - @ConditionalOnBean (types: de.tudarmstadt.ukp.inception.kb.KnowledgeBaseService; SearchStrategy: all) found bean 'knowledgeBaseService' (OnBeanCondition)\n\n   EntityLinkingServiceAutoConfiguration#namedEntityLinkerFactory matched:\n      - @ConditionalOnBean (types: de.tudarmstadt.ukp.inception.recommendation.api.RecommendationService; SearchStrategy: all) found bean 'recommendationService' (OnBeanCondition)\n\n   ErrorMvcAutoConfiguration matched:\n      - @ConditionalOnClass found required classes 'jakarta.servlet.Servlet', 'org.springframework.web.servlet.DispatcherServlet' (OnClassCondition)\n      - found 'session' scope (OnWebApplicationCondition)\n\n   ErrorMvcAutoConfiguration#errorAttributes matched:\n      - @ConditionalOnMissingBean (types: org.springframework.boot.web.servlet.error.ErrorAttributes; SearchStrategy: current) did not find any beans (OnBeanCondition)\n\n   ErrorMvcAutoConfiguration.DefaultErrorViewResolverConfiguration#conventionErrorViewResolver matched:\n      - @ConditionalOnBean (types: org.springframework.web.servlet.DispatcherServlet; SearchStrategy: all) found bean 'dispatcherServlet'; @ConditionalOnMissingBean (types: org.springframework.boot.autoconfigure.web.servlet.error.ErrorViewResolver; SearchStrategy: all) did not find any beans (OnBeanCondition)\n\n   EventLoggingAutoConfiguration matched:\n      - @ConditionalOnProperty (event-logging.enabled=true) matched (OnPropertyCondition)\n\n   EventLoggingAutoConfiguration#eventLoggingListener matched:\n      - @ConditionalOnWebApplication (required) found 'session' scope (OnWebApplicationCondition)\n\n   ExceptionSettingsConfig matched:\n      - @ConditionalOnProperty (wicket.core.settings.exceptions.enabled) matched (OnPropertyCondition)\n\n   ExportServiceControllerImpl matched:\n      - @ConditionalOnProperty (websocket.enabled=true) matched (OnPropertyCondition)\n\n   ExternalEditorAutoConfiguration#xHtmlXmlDocumentIFrameViewFactory matched:\n      - @ConditionalOnWebApplication (required) found 'session' scope (OnWebApplicationCondition)\n\n   ExternalEditorAutoConfiguration#xmlDocumentIFrameViewFactory matched:\n      - @ConditionalOnWebApplication (required) found 'session' scope (OnWebApplicationCondition)\n\n   ExternalEditorLoader matched:\n      - @ConditionalOnWebApplication (required) found 'session' scope (OnWebApplicationCondition)\n\n   ExternalRecommenderAutoConfiguration matched:\n      - @ConditionalOnProperty (recommender.external.enabled=true) matched (OnPropertyCondition)\n\n   ExternalSearchAutoConfiguration matched:\n      - @ConditionalOnProperty (external-search.enabled=true) matched (OnPropertyCondition)\n\n   ExternalSearchUIAutoConfiguration matched:\n      - @ConditionalOnWebApplication (required) found 'session' scope (OnWebApplicationCondition)\n      - @ConditionalOnBean (types: de.tudarmstadt.ukp.inception.externalsearch.ExternalSearchService; SearchStrategy: all) found bean 'externalSearchService' (OnBeanCondition)\n\n   GsonAutoConfiguration matched:\n      - @ConditionalOnClass found required class 'com.google.gson.Gson' (OnClassCondition)\n\n   GsonAutoConfiguration#gson matched:\n      - @ConditionalOnMissingBean (types: com.google.gson.Gson; SearchStrategy: all) did not find any beans (OnBeanCondition)\n\n   GsonAutoConfiguration#gsonBuilder matched:\n      - @ConditionalOnMissingBean (types: com.google.gson.GsonBuilder; SearchStrategy: all) did not find any beans (OnBeanCondition)\n\n   GsonHttpMessageConvertersConfiguration matched:\n      - @ConditionalOnClass found required class 'com.google.gson.Gson' (OnClassCondition)\n\n   HTMLCompressingConfig matched:\n      - @ConditionalOnClass found required class 'org.wicketstuff.htmlcompressor.HtmlCompressingMarkupFactory' (OnClassCondition)\n      - @ConditionalOnProperty (wicket.stuff.htmlcompressor.enabled) matched (OnPropertyCondition)\n\n   HealthContributorAutoConfiguration#pingHealthContributor matched:\n      - @ConditionalOnEnabledHealthIndicator management.health.defaults.enabled is considered true (OnEnabledHealthIndicatorCondition)\n\n   HealthEndpointAutoConfiguration matched:\n      - @ConditionalOnAvailableEndpoint marked as exposed by a 'management.endpoints.web.exposure' property (OnAvailableEndpointCondition)\n\n   HealthEndpointConfiguration#healthContributorRegistry matched:\n      - @ConditionalOnMissingBean (types: org.springframework.boot.actuate.health.HealthContributorRegistry; SearchStrategy: all) did not find any beans (OnBeanCondition)\n\n   HealthEndpointConfiguration#healthEndpoint matched:\n      - @ConditionalOnMissingBean (types: org.springframework.boot.actuate.health.HealthEndpoint; SearchStrategy: all) did not find any beans (OnBeanCondition)\n\n   HealthEndpointConfiguration#healthEndpointGroupMembershipValidator matched:\n      - @ConditionalOnBooleanProperty (management.endpoint.health.validate-group-membership=true) matched (OnPropertyCondition)\n\n   HealthEndpointConfiguration#healthEndpointGroups matched:\n      - @ConditionalOnMissingBean (types: org.springframework.boot.actuate.health.HealthEndpointGroups; SearchStrategy: all) did not find any beans (OnBeanCondition)\n\n   HealthEndpointConfiguration#healthHttpCodeStatusMapper matched:\n      - @ConditionalOnMissingBean (types: org.springframework.boot.actuate.health.HttpCodeStatusMapper; SearchStrategy: all) did not find any beans (OnBeanCondition)\n\n   HealthEndpointConfiguration#healthStatusAggregator matched:\n      - @ConditionalOnMissingBean (types: org.springframework.boot.actuate.health.StatusAggregator; SearchStrategy: all) did not find any beans (OnBeanCondition)\n\n   HealthEndpointWebExtensionConfiguration matched:\n      - found 'session' scope (OnWebApplicationCondition)\n      - @ConditionalOnAvailableEndpoint marked as exposed by a 'management.endpoints.web.exposure' property (OnAvailableEndpointCondition)\n      - @ConditionalOnBean (types: org.springframework.boot.actuate.health.HealthEndpoint; SearchStrategy: all) found bean 'healthEndpoint' (OnBeanCondition)\n\n   HealthEndpointWebExtensionConfiguration#healthEndpointWebExtension matched:\n      - @ConditionalOnMissingBean (types: org.springframework.boot.actuate.health.HealthEndpointWebExtension; SearchStrategy: all) did not find any beans (OnBeanCondition)\n\n   HealthEndpointWebExtensionConfiguration.MvcAdditionalHealthEndpointPathsConfiguration matched:\n      - @ConditionalOnBean (types: org.springframework.web.servlet.DispatcherServlet; SearchStrategy: all) found bean 'dispatcherServlet' (OnBeanCondition)\n\n   HibernateJpaAutoConfiguration matched:\n      - @ConditionalOnClass found required classes 'org.springframework.orm.jpa.LocalContainerEntityManagerFactoryBean', 'jakarta.persistence.EntityManager', 'org.hibernate.engine.spi.SessionImplementor' (OnClassCondition)\n\n   HibernateJpaConfiguration matched:\n      - @ConditionalOnSingleCandidate (types: javax.sql.DataSource; SearchStrategy: all) found a single bean 'dataSource' (OnBeanCondition)\n\n   HtmlSupportAutoConfiguration#htmlFormatSupport matched:\n      - @ConditionalOnProperty (format.html.enabled=true) matched (OnPropertyCondition)\n\n   HttpClientAutoConfiguration matched:\n      - @ConditionalOnClass found required class 'org.springframework.http.client.ClientHttpRequestFactory' (OnClassCondition)\n      - NoneNestedConditions 0 matched 1 did not; NestedCondition on NotReactiveWebApplicationCondition.ReactiveWebApplication did not find reactive web application classes (NotReactiveWebApplicationCondition)\n\n   HttpClientAutoConfiguration#clientHttpRequestFactoryBuilder matched:\n      - @ConditionalOnMissingBean (types: org.springframework.boot.http.client.ClientHttpRequestFactoryBuilder<?>; SearchStrategy: all) did not find any beans (OnBeanCondition)\n\n   HttpClientAutoConfiguration#clientHttpRequestFactorySettings matched:\n      - @ConditionalOnMissingBean (types: org.springframework.boot.http.client.ClientHttpRequestFactorySettings; SearchStrategy: all) did not find any beans (OnBeanCondition)\n\n   HttpClientObservationsAutoConfiguration matched:\n      - @ConditionalOnClass found required class 'io.micrometer.observation.Observation' (OnClassCondition)\n      - @ConditionalOnBean (types: io.micrometer.observation.ObservationRegistry; SearchStrategy: all) found bean 'observationRegistry' (OnBeanCondition)\n\n   HttpClientObservationsAutoConfiguration.MeterFilterConfiguration matched:\n      - @ConditionalOnClass found required class 'io.micrometer.core.instrument.MeterRegistry' (OnClassCondition)\n      - @ConditionalOnBean (types: io.micrometer.core.instrument.MeterRegistry; SearchStrategy: all) found bean 'simpleMeterRegistry' (OnBeanCondition)\n\n   HttpEncodingAutoConfiguration matched:\n      - @ConditionalOnClass found required class 'org.springframework.web.filter.CharacterEncodingFilter' (OnClassCondition)\n      - found 'session' scope (OnWebApplicationCondition)\n      - @ConditionalOnBooleanProperty (server.servlet.encoding.enabled=true) matched (OnPropertyCondition)\n\n   HttpEncodingAutoConfiguration#characterEncodingFilter matched:\n      - @ConditionalOnMissingBean (types: org.springframework.web.filter.CharacterEncodingFilter; SearchStrategy: all) did not find any beans (OnBeanCondition)\n\n   HttpMessageConvertersAutoConfiguration matched:\n      - @ConditionalOnClass found required class 'org.springframework.http.converter.HttpMessageConverter' (OnClassCondition)\n      - NoneNestedConditions 0 matched 1 did not; NestedCondition on HttpMessageConvertersAutoConfiguration.NotReactiveWebApplicationCondition.ReactiveWebApplication did not find reactive web application classes (HttpMessageConvertersAutoConfiguration.NotReactiveWebApplicationCondition)\n\n   HttpMessageConvertersAutoConfiguration#messageConverters matched:\n      - @ConditionalOnMissingBean (types: org.springframework.boot.autoconfigure.http.HttpMessageConverters; SearchStrategy: all) did not find any beans (OnBeanCondition)\n\n   HttpMessageConvertersAutoConfiguration.StringHttpMessageConverterConfiguration matched:\n      - @ConditionalOnClass found required class 'org.springframework.http.converter.StringHttpMessageConverter' (OnClassCondition)\n\n   HttpMessageConvertersAutoConfiguration.StringHttpMessageConverterConfiguration#stringHttpMessageConverter matched:\n      - @ConditionalOnMissingBean (types: org.springframework.http.converter.StringHttpMessageConverter; SearchStrategy: all) did not find any beans (OnBeanCondition)\n\n   ImsCwbFormatSupportAutoConfiguration matched:\n      - @ConditionalOnProperty (format.imscwb.enabled=true) matched (OnPropertyCondition)\n\n   InceptionBasicProjectInitializersAutoConfiguration#basicSpanRecommenderInitializer matched:\n      - @ConditionalOnBean (types: de.tudarmstadt.ukp.inception.recommendation.api.RecommendationService,de.tudarmstadt.ukp.inception.recommendation.imls.stringmatch.span.StringMatchingRecommenderFactory; SearchStrategy: all) found beans 'stringMatchingRecommenderFactory', 'recommendationService' (OnBeanCondition)\n\n   InceptionDocumentLabelingProjectInitializersAutoConfiguration#basicDocumentLabelTagSetInitializer matched:\n      - @ConditionalOnBean (types: de.tudarmstadt.ukp.inception.annotation.layer.document.api.DocumentMetadataLayerSupport; SearchStrategy: all) found bean 'documentMetadataLayerSupport' (OnBeanCondition)\n\n   InceptionDocumentLabelingProjectInitializersAutoConfiguration#basicDocumentLabelingProjectInitializer matched:\n      - @ConditionalOnBean (types: de.tudarmstadt.ukp.inception.annotation.layer.document.api.DocumentMetadataLayerSupport; SearchStrategy: all) found bean 'documentMetadataLayerSupport' (OnBeanCondition)\n\n   InceptionDocumentLabelingProjectInitializersAutoConfiguration#basicDocumentTagLayerInitializer matched:\n      - @ConditionalOnBean (types: de.tudarmstadt.ukp.inception.annotation.layer.document.api.DocumentMetadataLayerSupport; SearchStrategy: all) found bean 'documentMetadataLayerSupport' (OnBeanCondition)\n\n   InceptionPhiProjectInitializersAutoConfiguration#phiSpanOpenNlpNerRecommenderInitializer matched:\n      - @ConditionalOnBean (types: de.tudarmstadt.ukp.inception.recommendation.api.RecommendationService,de.tudarmstadt.ukp.inception.recommendation.imls.opennlp.ner.OpenNlpNerRecommenderFactory; SearchStrategy: all) found beans 'openNlpNerRecommenderFactory', 'recommendationService' (OnBeanCondition)\n\n   InceptionPhiProjectInitializersAutoConfiguration#phiSpanStringMatchingRecommenderInitializer matched:\n      - @ConditionalOnBean (types: de.tudarmstadt.ukp.inception.recommendation.api.RecommendationService,de.tudarmstadt.ukp.inception.recommendation.imls.stringmatch.span.StringMatchingRecommenderFactory; SearchStrategy: all) found beans 'stringMatchingRecommenderFactory', 'recommendationService' (OnBeanCondition)\n\n   InceptionSecurityActuatorAutoConfiguration matched:\n      - @ConditionalOnWebApplication (required) found 'session' scope (OnWebApplicationCondition)\n\n   InceptionSecurityRemoteApiAutoConfiguration matched:\n      - @ConditionalOnWebApplication (required) found 'session' scope (OnWebApplicationCondition)\n      - @ConditionalOnExpression (#{!('${restoreDefaultAdminAccount:false}' != 'false')}) resulted in true (OnExpressionCondition)\n\n   InceptionSecurityWebUIApiAutoConfiguration matched:\n      - @ConditionalOnWebApplication (required) found 'session' scope (OnWebApplicationCondition)\n\n   InceptionSecurityWebUIBuiltInAutoConfiguration matched:\n      - @ConditionalOnWebApplication (required) found 'session' scope (OnWebApplicationCondition)\n\n   InceptionSecurityWebUIPreAuthenticatedAutoConfiguration matched:\n      - @ConditionalOnWebApplication (required) found 'session' scope (OnWebApplicationCondition)\n\n   InspectorConfig matched:\n      - @ConditionalOnClass found required class 'org.apache.wicket.devutils.inspector.LiveSessionsPage' (OnClassCondition)\n\n   JacksonAutoConfiguration matched:\n      - @ConditionalOnClass found required class 'com.fasterxml.jackson.databind.ObjectMapper' (OnClassCondition)\n\n   JacksonAutoConfiguration.Jackson2ObjectMapperBuilderCustomizerConfiguration matched:\n      - @ConditionalOnClass found required class 'org.springframework.http.converter.json.Jackson2ObjectMapperBuilder' (OnClassCondition)\n\n   JacksonAutoConfiguration.JacksonObjectMapperBuilderConfiguration matched:\n      - @ConditionalOnClass found required class 'org.springframework.http.converter.json.Jackson2ObjectMapperBuilder' (OnClassCondition)\n\n   JacksonAutoConfiguration.JacksonObjectMapperBuilderConfiguration#jacksonObjectMapperBuilder matched:\n      - @ConditionalOnMissingBean (types: org.springframework.http.converter.json.Jackson2ObjectMapperBuilder; SearchStrategy: all) did not find any beans (OnBeanCondition)\n\n   JacksonAutoConfiguration.JacksonObjectMapperConfiguration matched:\n      - @ConditionalOnClass found required class 'org.springframework.http.converter.json.Jackson2ObjectMapperBuilder' (OnClassCondition)\n\n   JacksonAutoConfiguration.JacksonObjectMapperConfiguration#jacksonObjectMapper matched:\n      - @ConditionalOnMissingBean (types: com.fasterxml.jackson.databind.ObjectMapper; SearchStrategy: all) did not find any beans (OnBeanCondition)\n\n   JacksonAutoConfiguration.ParameterNamesModuleConfiguration matched:\n      - @ConditionalOnClass found required class 'com.fasterxml.jackson.module.paramnames.ParameterNamesModule' (OnClassCondition)\n\n   JacksonAutoConfiguration.ParameterNamesModuleConfiguration#parameterNamesModule matched:\n      - @ConditionalOnMissingBean (types: com.fasterxml.jackson.module.paramnames.ParameterNamesModule; SearchStrategy: all) did not find any beans (OnBeanCondition)\n\n   JacksonEndpointAutoConfiguration#endpointObjectMapper matched:\n      - @ConditionalOnClass found required classes 'com.fasterxml.jackson.databind.ObjectMapper', 'org.springframework.http.converter.json.Jackson2ObjectMapperBuilder' (OnClassCondition)\n      - @ConditionalOnBooleanProperty (management.endpoints.jackson.isolated-object-mapper=true) matched (OnPropertyCondition)\n\n   JacksonHttpMessageConvertersConfiguration.MappingJackson2HttpMessageConverterConfiguration matched:\n      - @ConditionalOnClass found required class 'com.fasterxml.jackson.databind.ObjectMapper' (OnClassCondition)\n      - @ConditionalOnPreferredJsonMapper JACKSON no property was configured and Jackson is the default (OnPreferredJsonMapperCondition)\n      - @ConditionalOnBean (types: com.fasterxml.jackson.databind.ObjectMapper; SearchStrategy: all) found bean 'jacksonObjectMapper' (OnBeanCondition)\n\n   JacksonHttpMessageConvertersConfiguration.MappingJackson2HttpMessageConverterConfiguration#mappingJackson2HttpMessageConverter matched:\n      - @ConditionalOnMissingBean (types: org.springframework.http.converter.json.MappingJackson2HttpMessageConverter ignored: ?; SearchStrategy: all) did not find any beans (OnBeanCondition)\n\n   JacksonHttpMessageConvertersConfiguration.MappingJackson2XmlHttpMessageConverterConfiguration matched:\n      - @ConditionalOnClass found required class 'com.fasterxml.jackson.dataformat.xml.XmlMapper' (OnClassCondition)\n      - @ConditionalOnBean (types: org.springframework.http.converter.json.Jackson2ObjectMapperBuilder; SearchStrategy: all) found bean 'jacksonObjectMapperBuilder' (OnBeanCondition)\n\n   JacksonHttpMessageConvertersConfiguration.MappingJackson2XmlHttpMessageConverterConfiguration#mappingJackson2XmlHttpMessageConverter matched:\n      - @ConditionalOnMissingBean (types: org.springframework.http.converter.xml.MappingJackson2XmlHttpMessageConverter; SearchStrategy: all) did not find any beans (OnBeanCondition)\n\n   JdbcClientAutoConfiguration matched:\n      - @ConditionalOnSingleCandidate (types: org.springframework.jdbc.core.namedparam.NamedParameterJdbcTemplate; SearchStrategy: all) found a single bean 'namedParameterJdbcTemplate'; @ConditionalOnMissingBean (types: org.springframework.jdbc.core.simple.JdbcClient; SearchStrategy: all) did not find any beans (OnBeanCondition)\n\n   JdbcTemplateAutoConfiguration matched:\n      - @ConditionalOnClass found required classes 'javax.sql.DataSource', 'org.springframework.jdbc.core.JdbcTemplate' (OnClassCondition)\n      - @ConditionalOnSingleCandidate (types: javax.sql.DataSource; SearchStrategy: all) found a single bean 'dataSource' (OnBeanCondition)\n\n   JdbcTemplateConfiguration matched:\n      - @ConditionalOnMissingBean (types: org.springframework.jdbc.core.JdbcOperations; SearchStrategy: all) did not find any beans (OnBeanCondition)\n\n   JpaBaseConfiguration#entityManagerFactory matched:\n      - @ConditionalOnMissingBean (types: org.springframework.orm.jpa.LocalContainerEntityManagerFactoryBean,jakarta.persistence.EntityManagerFactory; SearchStrategy: all) did not find any beans (OnBeanCondition)\n\n   JpaBaseConfiguration#entityManagerFactoryBuilder matched:\n      - @ConditionalOnMissingBean (types: org.springframework.boot.orm.jpa.EntityManagerFactoryBuilder; SearchStrategy: all) did not find any beans (OnBeanCondition)\n\n   JpaBaseConfiguration#jpaVendorAdapter matched:\n      - @ConditionalOnMissingBean (types: org.springframework.orm.jpa.JpaVendorAdapter; SearchStrategy: all) did not find any beans (OnBeanCondition)\n\n   JpaBaseConfiguration#transactionManager matched:\n      - @ConditionalOnMissingBean (types: org.springframework.transaction.TransactionManager; SearchStrategy: all) did not find any beans (OnBeanCondition)\n\n   JpaBaseConfiguration.PersistenceManagedTypesConfiguration matched:\n      - @ConditionalOnMissingBean (types: org.springframework.orm.jpa.LocalContainerEntityManagerFactoryBean,jakarta.persistence.EntityManagerFactory; SearchStrategy: all) did not find any beans (OnBeanCondition)\n\n   JpaBaseConfiguration.PersistenceManagedTypesConfiguration#persistenceManagedTypes matched:\n      - @ConditionalOnMissingBean (types: org.springframework.orm.jpa.persistenceunit.PersistenceManagedTypes; SearchStrategy: all) did not find any beans (OnBeanCondition)\n\n   JpaRepositoriesAutoConfiguration matched:\n      - @ConditionalOnClass found required class 'org.springframework.data.jpa.repository.JpaRepository' (OnClassCondition)\n      - @ConditionalOnBooleanProperty (spring.data.jpa.repositories.enabled=true) matched (OnPropertyCondition)\n      - @ConditionalOnBean (types: javax.sql.DataSource; SearchStrategy: all) found bean 'dataSource'; @ConditionalOnMissingBean (types: org.springframework.data.jpa.repository.support.JpaRepositoryFactoryBean,org.springframework.data.jpa.repository.config.JpaRepositoryConfigExtension; SearchStrategy: all) did not find any beans (OnBeanCondition)\n\n   JtaAutoConfiguration matched:\n      - @ConditionalOnClass found required class 'jakarta.transaction.Transaction' (OnClassCondition)\n      - @ConditionalOnBooleanProperty (spring.jta.enabled=true) matched (OnPropertyCondition)\n\n   JvmMetricsAutoConfiguration matched:\n      - @ConditionalOnClass found required class 'io.micrometer.core.instrument.MeterRegistry' (OnClassCondition)\n      - @ConditionalOnBean (types: io.micrometer.core.instrument.MeterRegistry; SearchStrategy: all) found bean 'simpleMeterRegistry' (OnBeanCondition)\n\n   JvmMetricsAutoConfiguration#classLoaderMetrics matched:\n      - @ConditionalOnMissingBean (types: io.micrometer.core.instrument.binder.jvm.ClassLoaderMetrics; SearchStrategy: all) did not find any beans (OnBeanCondition)\n\n   JvmMetricsAutoConfiguration#jvmCompilationMetrics matched:\n      - @ConditionalOnMissingBean (types: io.micrometer.core.instrument.binder.jvm.JvmCompilationMetrics; SearchStrategy: all) did not find any beans (OnBeanCondition)\n\n   JvmMetricsAutoConfiguration#jvmGcMetrics matched:\n      - @ConditionalOnMissingBean (types: io.micrometer.core.instrument.binder.jvm.JvmGcMetrics; SearchStrategy: all) did not find any beans (OnBeanCondition)\n\n   JvmMetricsAutoConfiguration#jvmHeapPressureMetrics matched:\n      - @ConditionalOnMissingBean (types: io.micrometer.core.instrument.binder.jvm.JvmHeapPressureMetrics; SearchStrategy: all) did not find any beans (OnBeanCondition)\n\n   JvmMetricsAutoConfiguration#jvmInfoMetrics matched:\n      - @ConditionalOnMissingBean (types: io.micrometer.core.instrument.binder.jvm.JvmInfoMetrics; SearchStrategy: all) did not find any beans (OnBeanCondition)\n\n   JvmMetricsAutoConfiguration#jvmMemoryMetrics matched:\n      - @ConditionalOnMissingBean (types: io.micrometer.core.instrument.binder.jvm.JvmMemoryMetrics; SearchStrategy: all) did not find any beans (OnBeanCondition)\n\n   JvmMetricsAutoConfiguration#jvmThreadMetrics matched:\n      - @ConditionalOnMissingBean (types: io.micrometer.core.instrument.binder.jvm.JvmThreadMetrics; SearchStrategy: all) did not find any beans (OnBeanCondition)\n\n   KnowledgeBaseServiceAutoConfiguration matched:\n      - @ConditionalOnProperty (knowledge-base.enabled=true) matched (OnPropertyCondition)\n\n   KnowledgeBaseServiceUIAutoConfiguration matched:\n      - @ConditionalOnWebApplication (required) found 'session' scope (OnWebApplicationCondition)\n      - @ConditionalOnBean (types: de.tudarmstadt.ukp.inception.kb.KnowledgeBaseService; SearchStrategy: all) found bean 'knowledgeBaseService' (OnBeanCondition)\n\n   LegacyCurationUIAutoConfiguration matched:\n      - @ConditionalOnWebApplication (required) found 'session' scope (OnWebApplicationCondition)\n\n   LifecycleAutoConfiguration#defaultLifecycleProcessor matched:\n      - @ConditionalOnMissingBean (names: lifecycleProcessor; SearchStrategy: current) did not find any beans (OnBeanCondition)\n\n   LinkFeatureAutoConfiguration#linkSuggestionSupport matched:\n      - @ConditionalOnProperty (recommender.enabled=true) matched (OnPropertyCondition)\n\n   LiquibaseAutoConfiguration matched:\n      - @ConditionalOnClass found required classes 'liquibase.integration.spring.SpringLiquibase', 'liquibase.change.DatabaseChange' (OnClassCondition)\n      - @ConditionalOnBooleanProperty (spring.liquibase.enabled=true) matched (OnPropertyCondition)\n      - AnyNestedCondition 2 matched 1 did not; NestedCondition on LiquibaseAutoConfiguration.LiquibaseDataSourceCondition.LiquibaseUrlCondition @ConditionalOnProperty (spring.liquibase.url) did not find property 'spring.liquibase.url'; NestedCondition on LiquibaseAutoConfiguration.LiquibaseDataSourceCondition.JdbcConnectionDetailsCondition @ConditionalOnBean (types: org.springframework.boot.autoconfigure.jdbc.JdbcConnectionDetails; SearchStrategy: all) found bean 'jdbcConnectionDetails'; NestedCondition on LiquibaseAutoConfiguration.LiquibaseDataSourceCondition.DataSourceBeanCondition @ConditionalOnBean (types: javax.sql.DataSource; SearchStrategy: all) found bean 'dataSource' (LiquibaseAutoConfiguration.LiquibaseDataSourceCondition)\n\n   LiquibaseAutoConfiguration.CustomizerConfiguration matched:\n      - @ConditionalOnClass found required class 'liquibase.integration.spring.Customizer' (OnClassCondition)\n\n   LiquibaseAutoConfiguration.LiquibaseConfiguration matched:\n      - @ConditionalOnClass found required class 'org.springframework.jdbc.core.ConnectionCallback' (OnClassCondition)\n      - @ConditionalOnMissingBean (types: liquibase.integration.spring.SpringLiquibase; SearchStrategy: all) did not find any beans (OnBeanCondition)\n\n   LiquibaseAutoConfiguration.LiquibaseConfiguration#liquibaseConnectionDetails matched:\n      - @ConditionalOnMissingBean (types: org.springframework.boot.autoconfigure.liquibase.LiquibaseConnectionDetails; SearchStrategy: all) did not find any beans (OnBeanCondition)\n\n   Log4J2MetricsAutoConfiguration matched:\n      - @ConditionalOnClass found required classes 'io.micrometer.core.instrument.binder.logging.Log4j2Metrics', 'org.apache.logging.log4j.LogManager', 'org.apache.logging.log4j.core.LoggerContext' (OnClassCondition)\n      - LoggerContext was an instance of org.apache.logging.log4j.core.LoggerContext (Log4J2MetricsAutoConfiguration.Log4JCoreLoggerContextCondition)\n      - @ConditionalOnBean (types: io.micrometer.core.instrument.MeterRegistry; SearchStrategy: all) found bean 'simpleMeterRegistry' (OnBeanCondition)\n\n   Log4J2MetricsAutoConfiguration#log4j2Metrics matched:\n      - @ConditionalOnMissingBean (types: io.micrometer.core.instrument.binder.logging.Log4j2Metrics; SearchStrategy: all) did not find any beans (OnBeanCondition)\n\n   ManagementContextAutoConfiguration.SameManagementContextConfiguration matched:\n      - Management Port actual port type (SAME) matched required type (OnManagementPortCondition)\n\n   MatrixWorkloadManagerAutoConfiguration matched:\n      - @ConditionalOnProperty (workload.matrix.enabled=true) matched (OnPropertyCondition)\n\n   MetricsAutoConfiguration matched:\n      - @ConditionalOnClass found required class 'io.micrometer.core.annotation.Timed' (OnClassCondition)\n\n   MetricsAutoConfiguration#micrometerClock matched:\n      - @ConditionalOnMissingBean (types: io.micrometer.core.instrument.Clock; SearchStrategy: all) did not find any beans (OnBeanCondition)\n\n   MtasDocumentIndexAutoConfiguration matched:\n      - @ConditionalOnBean (types: de.tudarmstadt.ukp.inception.search.index.PhysicalIndexRegistry; SearchStrategy: all) found bean 'physicalIndexRegistry' (OnBeanCondition)\n\n   MultipartAutoConfiguration matched:\n      - @ConditionalOnClass found required classes 'jakarta.servlet.Servlet', 'org.springframework.web.multipart.support.StandardServletMultipartResolver', 'jakarta.servlet.MultipartConfigElement' (OnClassCondition)\n      - found 'session' scope (OnWebApplicationCondition)\n      - @ConditionalOnBooleanProperty (spring.servlet.multipart.enabled=true) matched (OnPropertyCondition)\n\n   MultipartAutoConfiguration#multipartConfigElement matched:\n      - @ConditionalOnMissingBean (types: jakarta.servlet.MultipartConfigElement; SearchStrategy: all) did not find any beans (OnBeanCondition)\n\n   MultipartAutoConfiguration#multipartResolver matched:\n      - @ConditionalOnMissingBean (types: org.springframework.web.multipart.MultipartResolver; SearchStrategy: all) did not find any beans (OnBeanCondition)\n\n   MultipleOpenApiSupportConfiguration matched:\n      - found 'session' scope (OnWebApplicationCondition)\n      - @ConditionalOnProperty (springdoc.api-docs.enabled) matched (OnPropertyCondition)\n      - AnyNestedCondition 1 matched 1 did not; NestedCondition on MultipleOpenApiSupportCondition.OnActuatorDifferentPort found non-matching nested conditions Management Port actual port type (SAME) did not match required type (DIFFERENT), @ConditionalOnProperty (springdoc.show-actuator) did not find property 'springdoc.show-actuator'; NestedCondition on MultipleOpenApiSupportCondition.OnMultipleOpenApiSupportCondition AnyNestedCondition 2 matched 1 did not; NestedCondition on MultipleOpenApiGroupsCondition.OnListGroupedOpenApiBean @ConditionalOnBean (types: org.springdoc.core.models.GroupedOpenApi; SearchStrategy: all) found beans 'areoRemoteApiDocket', 'legacyRemoteApiDocket'; NestedCondition on MultipleOpenApiGroupsCondition.OnGroupConfigProperty @ConditionalOnProperty (springdoc.group-configs[0].group) did not find property 'springdoc.group-configs[0].group'; NestedCondition on MultipleOpenApiGroupsCondition.OnGroupedOpenApiBean @ConditionalOnBean (types: org.springdoc.core.models.GroupedOpenApi; SearchStrategy: all) found beans 'areoRemoteApiDocket', 'legacyRemoteApiDocket' (MultipleOpenApiSupportCondition)\n\n   MultipleOpenApiSupportConfiguration#multipleOpenApiResource matched:\n      - @ConditionalOnProperty (springdoc.use-management-port=false) matched (OnPropertyCondition)\n      - @ConditionalOnMissingBean (types: org.springdoc.webmvc.api.MultipleOpenApiWebMvcResource; SearchStrategy: all) did not find any beans (OnBeanCondition)\n\n   NamedParameterJdbcTemplateConfiguration matched:\n      - @ConditionalOnSingleCandidate (types: org.springframework.jdbc.core.JdbcTemplate; SearchStrategy: all) found a single bean 'jdbcTemplate'; @ConditionalOnMissingBean (types: org.springframework.jdbc.core.namedparam.NamedParameterJdbcOperations; SearchStrategy: all) did not find any beans (OnBeanCondition)\n\n   NettyAutoConfiguration matched:\n      - @ConditionalOnClass found required class 'io.netty.util.NettyRuntime' (OnClassCondition)\n\n   NifFormatSupportAutoConfiguration matched:\n      - @ConditionalOnProperty (format.nif.enabled=true) matched (OnPropertyCondition)\n\n   OAuth2ClientAutoConfiguration matched:\n      - @ConditionalOnClass found required class 'org.springframework.security.oauth2.client.registration.ClientRegistration' (OnClassCondition)\n      - NoneNestedConditions 0 matched 1 did not; NestedCondition on OAuth2ClientAutoConfiguration.NonReactiveWebApplicationCondition.ReactiveWebApplicationCondition did not find reactive web application classes (OAuth2ClientAutoConfiguration.NonReactiveWebApplicationCondition)\n\n   OAuth2ResourceServerAutoConfiguration matched:\n      - @ConditionalOnClass found required class 'org.springframework.security.oauth2.server.resource.authentication.BearerTokenAuthenticationToken' (OnClassCondition)\n      - found 'session' scope (OnWebApplicationCondition)\n\n   OAuth2ResourceServerJwtConfiguration.JwtDecoderConfiguration matched:\n      - @ConditionalOnMissingBean (types: org.springframework.security.oauth2.jwt.JwtDecoder; SearchStrategy: all) did not find any beans (OnBeanCondition)\n\n   OAuth2ResourceServerOpaqueTokenConfiguration.OpaqueTokenIntrospectionClientConfiguration matched:\n      - @ConditionalOnMissingBean (types: org.springframework.security.oauth2.server.resource.introspection.OpaqueTokenIntrospector; SearchStrategy: all) did not find any beans (OnBeanCondition)\n\n   Oauth2ResourceServerConfiguration.JwtConfiguration matched:\n      - @ConditionalOnClass found required class 'org.springframework.security.oauth2.jwt.JwtDecoder' (OnClassCondition)\n\n   ObservationAutoConfiguration matched:\n      - @ConditionalOnClass found required class 'io.micrometer.observation.ObservationRegistry' (OnClassCondition)\n\n   ObservationAutoConfiguration#observationRegistry matched:\n      - @ConditionalOnMissingBean (types: io.micrometer.observation.ObservationRegistry; SearchStrategy: all) did not find any beans (OnBeanCondition)\n\n   ObservationAutoConfiguration.MeterObservationHandlerConfiguration matched:\n      - @ConditionalOnBean (types: io.micrometer.core.instrument.MeterRegistry; SearchStrategy: all) found bean 'simpleMeterRegistry'; @ConditionalOnMissingBean (types: io.micrometer.core.instrument.observation.MeterObservationHandler; SearchStrategy: all) did not find any beans (OnBeanCondition)\n\n   ObservationAutoConfiguration.MeterObservationHandlerConfiguration.OnlyMetricsMeterObservationHandlerConfiguration matched:\n      - @ConditionalOnMissingBean (types: ?; SearchStrategy: all) did not find any beans (OnBeanCondition)\n\n   ObservationAutoConfiguration.OnlyMetricsConfiguration matched:\n      - @ConditionalOnClass found required class 'io.micrometer.core.instrument.MeterRegistry'; @ConditionalOnMissingClass did not find unwanted class 'io.micrometer.tracing.Tracer' (OnClassCondition)\n\n   OpenNlpRecommenderAutoConfiguration#openNlpDoccatMetadataRecommenderFactory matched:\n      - @ConditionalOnProperty (documentmetadata.enabled=true) matched (OnPropertyCondition)\n\n   OpenSearchDocumentRepositoryAutoConfiguration matched:\n      - @ConditionalOnProperty (external-search.open-search.enabled=true) matched (OnPropertyCondition)\n      - @ConditionalOnBean (types: de.tudarmstadt.ukp.inception.externalsearch.ExternalSearchService; SearchStrategy: all) found bean 'externalSearchService' (OnBeanCondition)\n\n   PdfAnnotationEditor2SupportAutoConfiguration#pdfAnnotationEditor2Factory matched:\n      - @ConditionalOnProperty (ui.pdf.enabled=true) matched (OnPropertyCondition)\n\n   PdfAnnotationEditor2SupportAutoConfiguration#pdfDocument2IFrameViewFactory matched:\n      - @ConditionalOnProperty (ui.pdf.enabled=true) matched (OnPropertyCondition)\n\n   PdfAnnotationEditor2SupportAutoConfiguration#pdfFormat2Support matched:\n      - @ConditionalOnProperty (format.pdf.enabled=true) matched (OnPropertyCondition)\n\n   PerseusFormatAutoConfiguration#perseusFormatSupport matched:\n      - @ConditionalOnProperty (format.perseus.enabled=true) matched (OnPropertyCondition)\n\n   PersistenceExceptionTranslationAutoConfiguration matched:\n      - @ConditionalOnClass found required class 'org.springframework.dao.annotation.PersistenceExceptionTranslationPostProcessor' (OnClassCondition)\n\n   PersistenceExceptionTranslationAutoConfiguration#persistenceExceptionTranslationPostProcessor matched:\n      - @ConditionalOnBooleanProperty (spring.dao.exceptiontranslation.enabled=true) matched (OnPropertyCondition)\n      - @ConditionalOnMissingBean (types: org.springframework.dao.annotation.PersistenceExceptionTranslationPostProcessor; SearchStrategy: all) did not find any beans (OnBeanCondition)\n\n   PicocliAutoConfiguration matched:\n      - @ConditionalOnClass found required class 'picocli.CommandLine' (OnClassCondition)\n\n   PicocliAutoConfiguration#picocliSpringFactory matched:\n      - @ConditionalOnMissingBean (types: picocli.CommandLine$IFactory; SearchStrategy: all) did not find any beans (OnBeanCondition)\n\n   PicocliAutoConfiguration#picocliSpringFactoryImpl matched:\n      - @ConditionalOnMissingBean (types: picocli.spring.PicocliSpringFactory; SearchStrategy: all) did not find any beans (OnBeanCondition)\n\n   ProcessingAutoConfiguration matched:\n      - @ConditionalOnProperty (bulk-processing.enabled=true) matched (OnPropertyCondition)\n\n   ProcessingAutoConfiguration#bulkProcessingPageMenuItem matched:\n      - @ConditionalOnWebApplication (required) found 'session' scope (OnWebApplicationCondition)\n      - @ConditionalOnExpression (#{${websocket.enabled:true} and ${recommender.enabled:true}}) resulted in true (OnExpressionCondition)\n\n   ProcessingAutoConfiguration#tagSetExtractionProcessor matched:\n      - @ConditionalOnProperty (bulk-processing.process.extract-tagset.enabled=true) matched (OnPropertyCondition)\n\n   ProjectExportServiceAutoConfiguration matched:\n      - @ConditionalOnBean (types: de.tudarmstadt.ukp.inception.project.api.ProjectService; SearchStrategy: all) found bean 'projectService' (OnBeanCondition)\n\n   ProjectExportServiceAutoConfiguration#exportProjectSettingsPanelFactory matched:\n      - @ConditionalOnProperty (dashboard.legacy-export=false) matched (OnPropertyCondition)\n\n   ProjectUiAutoConfiguration matched:\n      - @ConditionalOnWebApplication (required) found 'session' scope (OnWebApplicationCondition)\n\n   PropertyPlaceholderAutoConfiguration#propertySourcesPlaceholderConfigurer matched:\n      - @ConditionalOnMissingBean (types: org.springframework.context.support.PropertySourcesPlaceholderConfigurer; SearchStrategy: current) did not find any beans (OnBeanCondition)\n\n   PubAnnotationDocumentRepositoryAutoConfiguration matched:\n      - @ConditionalOnProperty (external-search.pub-annotation.enabled=true) matched (OnPropertyCondition)\n      - @ConditionalOnBean (types: de.tudarmstadt.ukp.inception.externalsearch.ExternalSearchService; SearchStrategy: all) found bean 'externalSearchService' (OnBeanCondition)\n\n   RdfFormatAutoConfiguration matched:\n      - @ConditionalOnWebApplication (required) found 'session' scope (OnWebApplicationCondition)\n\n   ReactiveHealthEndpointConfiguration matched:\n      - @ConditionalOnClass found required class 'reactor.core.publisher.Flux' (OnClassCondition)\n      - @ConditionalOnBean (types: org.springframework.boot.actuate.health.HealthEndpoint; SearchStrategy: all) found bean 'healthEndpoint' (OnBeanCondition)\n\n   ReactiveHealthEndpointConfiguration#reactiveHealthContributorRegistry matched:\n      - @ConditionalOnMissingBean (types: org.springframework.boot.actuate.health.ReactiveHealthContributorRegistry; SearchStrategy: all) did not find any beans (OnBeanCondition)\n\n   ReactorAutoConfiguration matched:\n      - @ConditionalOnClass found required class 'reactor.core.publisher.Hooks' (OnClassCondition)\n\n   RecommendationEventWebsocketControllerImpl matched:\n      - @ConditionalOnWebApplication (required) found 'session' scope (OnWebApplicationCondition)\n      - @ConditionalOnExpression (#{${websocket.enabled:true} and ${websocket.recommender-events.enabled:true}}) resulted in true (OnExpressionCondition)\n\n   RecommenderServiceAutoConfiguration matched:\n      - @ConditionalOnProperty (recommender.enabled=true) matched (OnPropertyCondition)\n\n   RecommenderServiceAutoConfiguration#projectRecommendersMenuItem matched:\n      - @ConditionalOnWebApplication (required) found 'session' scope (OnWebApplicationCondition)\n\n   RecommenderServiceAutoConfiguration#recommendationEventFooterItem matched:\n      - @ConditionalOnWebApplication (required) found 'session' scope (OnWebApplicationCondition)\n      - @ConditionalOnProperty (websocket.enabled=true) matched (OnPropertyCondition)\n\n   RecommenderServiceAutoConfiguration#recommendationSidebarFactory matched:\n      - @ConditionalOnProperty (recommender.sidebar.enabled=true) matched (OnPropertyCondition)\n\n   RelationLayerAutoConfiguration#relationSuggestionSupport matched:\n      - @ConditionalOnProperty (recommender.enabled=true) matched (OnPropertyCondition)\n\n   RemoteApiAutoConfiguration matched:\n      - @ConditionalOnWebApplication (required) found 'session' scope (OnWebApplicationCondition)\n\n   RemoteApiAutoConfiguration#aeroAnnotationController matched:\n      - @ConditionalOnExpression (#{(${remote-api.enabled:false} || ${webanno.remote-api.enable:false}) && !('${restoreDefaultAdminAccount:false}' != 'false')}) resulted in true (OnExpressionCondition)\n\n   RemoteApiAutoConfiguration#aeroCurationController matched:\n      - @ConditionalOnExpression (#{(${remote-api.enabled:false} || ${webanno.remote-api.enable:false}) && !('${restoreDefaultAdminAccount:false}' != 'false')}) resulted in true (OnExpressionCondition)\n\n   RemoteApiAutoConfiguration#aeroDocumentController matched:\n      - @ConditionalOnExpression (#{(${remote-api.enabled:false} || ${webanno.remote-api.enable:false}) && !('${restoreDefaultAdminAccount:false}' != 'false')}) resulted in true (OnExpressionCondition)\n\n   RemoteApiAutoConfiguration#aeroKnowledgeBaseController matched:\n      - @ConditionalOnExpression (#{(${remote-api.enabled:false} || ${webanno.remote-api.enable:false}) && !('${restoreDefaultAdminAccount:false}' != 'false')}) resulted in true (OnExpressionCondition)\n\n   RemoteApiAutoConfiguration#aeroPermissionController matched:\n      - @ConditionalOnExpression (#{(${remote-api.enabled:false} || ${webanno.remote-api.enable:false}) && !('${restoreDefaultAdminAccount:false}' != 'false')}) resulted in true (OnExpressionCondition)\n\n   RemoteApiAutoConfiguration#aeroRemoteApiController matched:\n      - @ConditionalOnExpression (#{(${remote-api.enabled:false} || ${webanno.remote-api.enable:false}) && !('${restoreDefaultAdminAccount:false}' != 'false')}) resulted in true (OnExpressionCondition)\n\n   RemoteApiAutoConfiguration#annotationController matched:\n      - @ConditionalOnExpression (#{(${remote-api.enabled:false} || ${webanno.remote-api.enable:false}) && !('${restoreDefaultAdminAccount:false}' != 'false')}) resulted in true (OnExpressionCondition)\n\n   RemoteApiAutoConfiguration#areoRemoteApiDocket matched:\n      - @ConditionalOnExpression (#{(${remote-api.enabled:false} || ${webanno.remote-api.enable:false}) && !('${restoreDefaultAdminAccount:false}' != 'false')}) resulted in true (OnExpressionCondition)\n\n   RemoteApiAutoConfiguration#legacyRemoteApiController matched:\n      - @ConditionalOnExpression (#{(${remote-api.enabled:false} || ${webanno.remote-api.enable:false}) && !('${restoreDefaultAdminAccount:false}' != 'false')}) resulted in true (OnExpressionCondition)\n\n   RemoteApiAutoConfiguration#legacyRemoteApiDocket matched:\n      - @ConditionalOnExpression (#{(${remote-api.enabled:false} || ${webanno.remote-api.enable:false}) && !('${restoreDefaultAdminAccount:false}' != 'false')}) resulted in true (OnExpressionCondition)\n\n   RemoteApiAutoConfiguration#swaggerUiMenuBarItemSupport matched:\n      - @ConditionalOnExpression (#{(${remote-api.enabled:false} || ${webanno.remote-api.enable:false}) && !('${restoreDefaultAdminAccount:false}' != 'false')}) resulted in true (OnExpressionCondition)\n\n   RemoteApiAutoConfiguration#userController matched:\n      - @ConditionalOnExpression (#{(${remote-api.enabled:false} || ${webanno.remote-api.enable:false}) && !('${restoreDefaultAdminAccount:false}' != 'false')}) resulted in true (OnExpressionCondition)\n\n   RepositoryMetricsAutoConfiguration matched:\n      - @ConditionalOnClass found required class 'org.springframework.data.repository.Repository' (OnClassCondition)\n      - @ConditionalOnBean (types: io.micrometer.core.instrument.MeterRegistry; SearchStrategy: all) found bean 'simpleMeterRegistry' (OnBeanCondition)\n\n   RepositoryMetricsAutoConfiguration#metricsRepositoryMethodInvocationListener matched:\n      - @ConditionalOnMissingBean (types: org.springframework.boot.actuate.metrics.data.MetricsRepositoryMethodInvocationListener; SearchStrategy: all) did not find any beans (OnBeanCondition)\n\n   RepositoryMetricsAutoConfiguration#repositoryTagsProvider matched:\n      - @ConditionalOnMissingBean (types: org.springframework.boot.actuate.metrics.data.RepositoryTagsProvider; SearchStrategy: all) did not find any beans (OnBeanCondition)\n\n   RequestCycleSettingsConfig matched:\n      - @ConditionalOnProperty (wicket.core.settings.requestcycle.enabled) matched (OnPropertyCondition)\n\n   RestClientAutoConfiguration matched:\n      - @ConditionalOnClass found required class 'org.springframework.web.client.RestClient' (OnClassCondition)\n      - AnyNestedCondition 1 matched 1 did not; NestedCondition on NotReactiveWebApplicationOrVirtualThreadsExecutorEnabledCondition.VirtualThreadsExecutorEnabled found non-matching nested conditions @ConditionalOnThreading did not find VIRTUAL, @ConditionalOnBean (names: applicationTaskExecutor; SearchStrategy: all) did not find any beans named applicationTaskExecutor; NestedCondition on NotReactiveWebApplicationOrVirtualThreadsExecutorEnabledCondition.NotReactiveWebApplication NoneNestedConditions 0 matched 1 did not; NestedCondition on NotReactiveWebApplicationCondition.ReactiveWebApplication did not find reactive web application classes (NotReactiveWebApplicationOrVirtualThreadsExecutorEnabledCondition)\n\n   RestClientAutoConfiguration#httpMessageConvertersRestClientCustomizer matched:\n      - @ConditionalOnMissingBean (types: org.springframework.boot.autoconfigure.web.client.HttpMessageConvertersRestClientCustomizer; SearchStrategy: all) did not find any beans (OnBeanCondition)\n\n   RestClientAutoConfiguration#restClientBuilder matched:\n      - @ConditionalOnMissingBean (types: org.springframework.web.client.RestClient$Builder; SearchStrategy: all) did not find any beans (OnBeanCondition)\n\n   RestClientAutoConfiguration#restClientBuilderConfigurer matched:\n      - @ConditionalOnMissingBean (types: org.springframework.boot.autoconfigure.web.client.RestClientBuilderConfigurer; SearchStrategy: all) did not find any beans (OnBeanCondition)\n\n   RestClientAutoConfiguration#restClientSsl matched:\n      - @ConditionalOnBean (types: org.springframework.boot.ssl.SslBundles; SearchStrategy: all) found bean 'sslBundleRegistry'; @ConditionalOnMissingBean (types: org.springframework.boot.autoconfigure.web.client.RestClientSsl; SearchStrategy: all) did not find any beans (OnBeanCondition)\n\n   RestClientObservationConfiguration matched:\n      - @ConditionalOnClass found required class 'org.springframework.web.client.RestClient' (OnClassCondition)\n      - @ConditionalOnBean (types: org.springframework.web.client.RestClient$Builder; SearchStrategy: all) found bean 'restClientBuilder' (OnBeanCondition)\n\n   RestTemplateAutoConfiguration matched:\n      - @ConditionalOnClass found required class 'org.springframework.web.client.RestTemplate' (OnClassCondition)\n      - NoneNestedConditions 0 matched 1 did not; NestedCondition on NotReactiveWebApplicationCondition.ReactiveWebApplication did not find reactive web application classes (NotReactiveWebApplicationCondition)\n\n   RestTemplateAutoConfiguration#restTemplateBuilder matched:\n      - @ConditionalOnMissingBean (types: org.springframework.boot.web.client.RestTemplateBuilder; SearchStrategy: all) did not find any beans (OnBeanCondition)\n\n   RestTemplateObservationConfiguration matched:\n      - @ConditionalOnClass found required class 'org.springframework.web.client.RestTemplate' (OnClassCondition)\n      - @ConditionalOnBean (types: org.springframework.boot.web.client.RestTemplateBuilder; SearchStrategy: all) found bean 'restTemplateBuilder' (OnBeanCondition)\n\n   Saml2RelyingPartyAutoConfiguration matched:\n      - @ConditionalOnClass found required class 'org.springframework.security.saml2.provider.service.registration.RelyingPartyRegistrationRepository' (OnClassCondition)\n      - found 'session' scope (OnWebApplicationCondition)\n\n   ScheduledTasksObservabilityAutoConfiguration matched:\n      - @ConditionalOnClass found required class 'org.springframework.scheduling.concurrent.ThreadPoolTaskScheduler' (OnClassCondition)\n      - @ConditionalOnBean (types: io.micrometer.observation.ObservationRegistry; SearchStrategy: all) found bean 'observationRegistry' (OnBeanCondition)\n\n   SchedulerControllerImpl matched:\n      - @ConditionalOnWebApplication (required) found 'session' scope (OnWebApplicationCondition)\n\n   SchedulerWebsocketControllerImpl matched:\n      - @ConditionalOnWebApplication (required) found 'session' scope (OnWebApplicationCondition)\n      - @ConditionalOnProperty (websocket.enabled=true) matched (OnPropertyCondition)\n\n   SchedulingUiAutoConfiguration matched:\n      - @ConditionalOnWebApplication (required) found 'session' scope (OnWebApplicationCondition)\n\n   SchedulingUiAutoConfiguration#taskMonitorFooterItem matched:\n      - @ConditionalOnExpression (#{${websocket.enabled:true}}) resulted in true (OnExpressionCondition)\n\n   SearchServiceAutoConfiguration matched:\n      - @ConditionalOnProperty (search.enabled=true) matched (OnPropertyCondition)\n\n   SearchServiceUIAutoConfiguration matched:\n      - @ConditionalOnWebApplication (required) found 'session' scope (OnWebApplicationCondition)\n      - @ConditionalOnBean (types: de.tudarmstadt.ukp.inception.search.SearchService; SearchStrategy: all) found bean 'searchService' (OnBeanCondition)\n\n   SecurityAutoConfiguration matched:\n      - @ConditionalOnClass found required class 'org.springframework.security.authentication.DefaultAuthenticationEventPublisher' (OnClassCondition)\n\n   SecurityAutoConfiguration#authenticationEventPublisher matched:\n      - @ConditionalOnMissingBean (types: org.springframework.security.authentication.AuthenticationEventPublisher; SearchStrategy: all) did not find any beans (OnBeanCondition)\n\n   SecurityFilterAutoConfiguration matched:\n      - @ConditionalOnClass found required classes 'org.springframework.security.web.context.AbstractSecurityWebApplicationInitializer', 'org.springframework.security.config.http.SessionCreationPolicy' (OnClassCondition)\n      - found 'session' scope (OnWebApplicationCondition)\n\n   SecurityFilterAutoConfiguration#securityFilterChainRegistration matched:\n      - @ConditionalOnBean (names: springSecurityFilterChain; SearchStrategy: all) found bean 'springSecurityFilterChain' (OnBeanCondition)\n\n   SecurityRequestMatchersManagementContextConfiguration matched:\n      - @ConditionalOnClass found required class 'org.springframework.security.web.util.matcher.RequestMatcher' (OnClassCondition)\n      - found 'session' scope (OnWebApplicationCondition)\n\n   SecurityRequestMatchersManagementContextConfiguration.MvcRequestMatcherConfiguration matched:\n      - @ConditionalOnClass found required class 'org.springframework.web.servlet.DispatcherServlet' (OnClassCondition)\n      - @ConditionalOnBean (types: org.springframework.boot.autoconfigure.web.servlet.DispatcherServletPath; SearchStrategy: all) found bean 'dispatcherServletRegistration' (OnBeanCondition)\n\n   SecurityRequestMatchersManagementContextConfiguration.MvcRequestMatcherConfiguration#requestMatcherProvider matched:\n      - @ConditionalOnClass found required class 'org.springframework.web.servlet.DispatcherServlet' (OnClassCondition)\n      - @ConditionalOnMissingBean (types: org.springframework.boot.actuate.autoconfigure.security.servlet.RequestMatcherProvider; SearchStrategy: all) did not find any beans (OnBeanCondition)\n\n   ServletEndpointManagementContextConfiguration matched:\n      - found 'session' scope (OnWebApplicationCondition)\n\n   ServletEndpointManagementContextConfiguration.WebMvcServletEndpointManagementContextConfiguration matched:\n      - @ConditionalOnClass found required class 'org.springframework.web.servlet.DispatcherServlet' (OnClassCondition)\n\n   ServletManagementContextAutoConfiguration matched:\n      - @ConditionalOnClass found required class 'jakarta.servlet.Servlet' (OnClassCondition)\n      - found 'session' scope (OnWebApplicationCondition)\n\n   ServletWebServerFactoryAutoConfiguration matched:\n      - @ConditionalOnClass found required class 'jakarta.servlet.ServletRequest' (OnClassCondition)\n      - found 'session' scope (OnWebApplicationCondition)\n\n   ServletWebServerFactoryAutoConfiguration#tomcatServletWebServerFactoryCustomizer matched:\n      - @ConditionalOnClass found required class 'org.apache.catalina.startup.Tomcat' (OnClassCondition)\n\n   SimpleMetricsExportAutoConfiguration matched:\n      - @ConditionalOnEnabledMetricsExport management.defaults.metrics.export.enabled is considered true (OnMetricsExportEnabledCondition)\n      - @ConditionalOnBean (types: io.micrometer.core.instrument.Clock; SearchStrategy: all) found bean 'micrometerClock'; @ConditionalOnMissingBean (types: io.micrometer.core.instrument.MeterRegistry; SearchStrategy: all) did not find any beans (OnBeanCondition)\n\n   SimpleMetricsExportAutoConfiguration#simpleConfig matched:\n      - @ConditionalOnMissingBean (types: io.micrometer.core.instrument.simple.SimpleConfig; SearchStrategy: all) did not find any beans (OnBeanCondition)\n\n   SolrSearchDocumentRepositoryAutoConfiguration matched:\n      - @ConditionalOnProperty (external-search.solr.enabled=true) matched (OnPropertyCondition)\n      - @ConditionalOnBean (types: de.tudarmstadt.ukp.inception.externalsearch.ExternalSearchService; SearchStrategy: all) found bean 'externalSearchService' (OnBeanCondition)\n\n   SpanLayerAutoConfiguration#spanSuggestionSupport matched:\n      - @ConditionalOnProperty (recommender.enabled=true) matched (OnPropertyCondition)\n\n   SpringBootWebSecurityConfiguration matched:\n      - found 'session' scope (OnWebApplicationCondition)\n\n   SpringDataWebAutoConfiguration matched:\n      - @ConditionalOnClass found required classes 'org.springframework.data.web.PageableHandlerMethodArgumentResolver', 'org.springframework.web.servlet.config.annotation.WebMvcConfigurer' (OnClassCondition)\n      - found 'session' scope (OnWebApplicationCondition)\n      - @ConditionalOnMissingBean (types: org.springframework.data.web.PageableHandlerMethodArgumentResolver; SearchStrategy: all) did not find any beans (OnBeanCondition)\n\n   SpringDataWebAutoConfiguration#pageableCustomizer matched:\n      - @ConditionalOnMissingBean (types: org.springframework.data.web.config.PageableHandlerMethodArgumentResolverCustomizer; SearchStrategy: all) did not find any beans (OnBeanCondition)\n\n   SpringDataWebAutoConfiguration#sortCustomizer matched:\n      - @ConditionalOnMissingBean (types: org.springframework.data.web.config.SortHandlerMethodArgumentResolverCustomizer; SearchStrategy: all) did not find any beans (OnBeanCondition)\n\n   SpringDataWebAutoConfiguration#springDataWebSettings matched:\n      - @ConditionalOnMissingBean (types: org.springframework.data.web.config.SpringDataWebSettings; SearchStrategy: all) did not find any beans (OnBeanCondition)\n\n   SpringDocConfigProperties matched:\n      - @ConditionalOnProperty (springdoc.api-docs.enabled) matched (OnPropertyCondition)\n      - @ConditionalOnBean (types: org.springdoc.core.configuration.SpringDocConfiguration; SearchStrategy: all) found bean 'org.springdoc.core.configuration.SpringDocConfiguration' (OnBeanCondition)\n\n   SpringDocConfiguration matched:\n      - @ConditionalOnWebApplication (required) found 'session' scope (OnWebApplicationCondition)\n      - @ConditionalOnProperty (springdoc.api-docs.enabled) matched (OnPropertyCondition)\n\n   SpringDocConfiguration#fileSupportConverter matched:\n      - @ConditionalOnMissingBean (types: org.springdoc.core.converters.FileSupportConverter; SearchStrategy: all) did not find any beans (OnBeanCondition)\n\n   SpringDocConfiguration#globalOpenApiCustomizer matched:\n      - @ConditionalOnMissingBean (names: globalOpenApiCustomizer; SearchStrategy: all) did not find any beans (OnBeanCondition)\n\n   SpringDocConfiguration#initExtraSchemas matched:\n      - @ConditionalOnProperty (springdoc.enable-extra-schemas) matched (OnPropertyCondition)\n\n   SpringDocConfiguration#openAPIBuilder matched:\n      - @ConditionalOnMissingBean (types: org.springdoc.core.service.OpenAPIService; SearchStrategy: all) did not find any beans (OnBeanCondition)\n\n   SpringDocConfiguration#operationBuilder matched:\n      - @ConditionalOnMissingBean (types: org.springdoc.core.service.OperationService; SearchStrategy: all) did not find any beans (OnBeanCondition)\n\n   SpringDocConfiguration#parameterBuilder matched:\n      - @ConditionalOnMissingBean (types: org.springdoc.core.service.GenericParameterService; SearchStrategy: all) did not find any beans (OnBeanCondition)\n\n   SpringDocConfiguration#parameterObjectNamingStrategyCustomizer matched:\n      - @ConditionalOnMissingBean (types: org.springdoc.core.customizers.ParameterObjectNamingStrategyCustomizer; SearchStrategy: all) did not find any beans (OnBeanCondition)\n\n   SpringDocConfiguration#polymorphicModelConverter matched:\n      - @ConditionalOnProperty (springdoc.model-converters.polymorphic-converter.enabled) matched (OnPropertyCondition)\n      - @ConditionalOnMissingBean (types: org.springdoc.core.converters.PolymorphicModelConverter; SearchStrategy: all) did not find any beans (OnBeanCondition)\n\n   SpringDocConfiguration#requestBodyBuilder matched:\n      - @ConditionalOnMissingBean (types: org.springdoc.core.service.RequestBodyService; SearchStrategy: all) did not find any beans (OnBeanCondition)\n\n   SpringDocConfiguration#responseSupportConverter matched:\n      - @ConditionalOnMissingBean (types: org.springdoc.core.converters.ResponseSupportConverter; SearchStrategy: all) did not find any beans (OnBeanCondition)\n\n   SpringDocConfiguration#schemaPropertyDeprecatingConverter matched:\n      - @ConditionalOnProperty (springdoc.model-converters.deprecating-converter.enabled) matched (OnPropertyCondition)\n      - @ConditionalOnMissingBean (types: org.springdoc.core.converters.SchemaPropertyDeprecatingConverter; SearchStrategy: all) did not find any beans (OnBeanCondition)\n\n   SpringDocConfiguration#securityParser matched:\n      - @ConditionalOnMissingBean (types: org.springdoc.core.service.SecurityService; SearchStrategy: all) did not find any beans (OnBeanCondition)\n\n   SpringDocConfiguration#springDocCustomizers matched:\n      - @ConditionalOnMissingBean (types: org.springdoc.core.customizers.SpringDocCustomizers; SearchStrategy: all) did not find any beans (OnBeanCondition)\n\n   SpringDocConfiguration#springDocProviders matched:\n      - @ConditionalOnMissingBean (types: org.springdoc.core.providers.SpringDocProviders; SearchStrategy: all) did not find any beans (OnBeanCondition)\n\n   SpringDocConfiguration#springdocBeanFactoryPostProcessor matched:\n      - @ConditionalOnClass found required class 'org.springframework.boot.context.properties.bind.BindResult' (OnClassCondition)\n      - AnyNestedCondition 1 matched 1 did not; NestedCondition on CacheOrGroupedOpenApiCondition.OnCacheDisabled found non-matching nested conditions @ConditionalOnProperty (springdoc.cache.disabled) did not find property 'springdoc.cache.disabled', @ConditionalOnMissingBean (types: org.springdoc.core.models.GroupedOpenApi; SearchStrategy: all) found beans of type 'org.springdoc.core.models.GroupedOpenApi' legacyRemoteApiDocket, areoRemoteApiDocket; NestedCondition on CacheOrGroupedOpenApiCondition.OnMultipleOpenApiSupportCondition AnyNestedCondition 1 matched 1 did not; NestedCondition on MultipleOpenApiSupportCondition.OnActuatorDifferentPort found non-matching nested conditions Management Port actual port type (SAME) did not match required type (DIFFERENT), @ConditionalOnProperty (springdoc.show-actuator) did not find property 'springdoc.show-actuator'; NestedCondition on MultipleOpenApiSupportCondition.OnMultipleOpenApiSupportCondition AnyNestedCondition 2 matched 1 did not; NestedCondition on MultipleOpenApiGroupsCondition.OnListGroupedOpenApiBean @ConditionalOnBean (types: org.springdoc.core.models.GroupedOpenApi; SearchStrategy: all) found beans 'areoRemoteApiDocket', 'legacyRemoteApiDocket'; NestedCondition on MultipleOpenApiGroupsCondition.OnGroupConfigProperty @ConditionalOnProperty (springdoc.group-configs[0].group) did not find property 'springdoc.group-configs[0].group'; NestedCondition on MultipleOpenApiGroupsCondition.OnGroupedOpenApiBean @ConditionalOnBean (types: org.springdoc.core.models.GroupedOpenApi; SearchStrategy: all) found beans 'areoRemoteApiDocket', 'legacyRemoteApiDocket' (CacheOrGroupedOpenApiCondition)\n\n   SpringDocConfiguration#springdocObjectMapperProvider matched:\n      - @ConditionalOnMissingBean (types: org.springdoc.core.providers.ObjectMapperProvider; SearchStrategy: all) did not find any beans (OnBeanCondition)\n\n   SpringDocConfiguration.QuerydslProvider matched:\n      - @ConditionalOnClass found required class 'org.springframework.data.querydsl.binding.QuerydslBindingsFactory' (OnClassCondition)\n\n   SpringDocConfiguration.QuerydslProvider#queryDslQuerydslPredicateOperationCustomizer matched:\n      - @ConditionalOnMissingBean (types: org.springdoc.core.customizers.QuerydslPredicateOperationCustomizer; SearchStrategy: all) did not find any beans (OnBeanCondition)\n\n   SpringDocConfiguration.SpringDocSpringDataWebPropertiesProvider matched:\n      - @ConditionalOnClass found required class 'org.springframework.boot.autoconfigure.data.web.SpringDataWebProperties' (OnClassCondition)\n\n   SpringDocConfiguration.SpringDocSpringDataWebPropertiesProvider#springDataWebPropertiesProvider matched:\n      - @ConditionalOnMissingBean (types: org.springdoc.core.providers.SpringDataWebPropertiesProvider; SearchStrategy: all) did not find any beans (OnBeanCondition)\n\n   SpringDocConfiguration.SpringDocWebFluxSupportConfiguration matched:\n      - @ConditionalOnClass found required class 'reactor.core.publisher.Flux' (OnClassCondition)\n\n   SpringDocConfiguration.SpringDocWebFluxSupportConfiguration#webFluxSupportConverter matched:\n      - @ConditionalOnMissingBean (types: org.springdoc.core.converters.WebFluxSupportConverter; SearchStrategy: all) did not find any beans (OnBeanCondition)\n\n   SpringDocConfiguration.WebConversionServiceConfiguration matched:\n      - @ConditionalOnClass found required class 'org.springframework.boot.autoconfigure.web.format.WebConversionService' (OnClassCondition)\n\n   SpringDocJacksonKotlinModuleConfiguration matched:\n      - @ConditionalOnClass found required class 'com.fasterxml.jackson.module.kotlin.KotlinModule' (OnClassCondition)\n      - @ConditionalOnWebApplication (required) found 'session' scope (OnWebApplicationCondition)\n      - @ConditionalOnExpression (#{${springdoc.api-docs.enabled:true} and ${springdoc.enable-kotlin:true}}) resulted in true (OnExpressionCondition)\n      - @ConditionalOnBean (types: org.springdoc.core.configuration.SpringDocConfiguration; SearchStrategy: all) found bean 'org.springdoc.core.configuration.SpringDocConfiguration' (OnBeanCondition)\n\n   SpringDocKotlinConfiguration matched:\n      - @ConditionalOnClass found required class 'kotlin.coroutines.Continuation' (OnClassCondition)\n      - @ConditionalOnWebApplication (required) found 'session' scope (OnWebApplicationCondition)\n      - @ConditionalOnProperty (springdoc.api-docs.enabled) matched (OnPropertyCondition)\n      - @ConditionalOnExpression (#{${springdoc.api-docs.enabled:true} and ${springdoc.enable-kotlin:true}}) resulted in true (OnExpressionCondition)\n      - @ConditionalOnBean (types: org.springdoc.core.configuration.SpringDocConfiguration; SearchStrategy: all) found bean 'org.springdoc.core.configuration.SpringDocConfiguration' (OnBeanCondition)\n\n   SpringDocKotlinConfiguration.KotlinReflectDependingConfiguration matched:\n      - @ConditionalOnClass found required class 'kotlin.reflect.full.KClasses' (OnClassCondition)\n\n   SpringDocKotlinConfiguration.KotlinReflectDependingConfiguration#kotlinDefaultsInParamObjects matched:\n      - @ConditionalOnProperty (springdoc.nullable-request-parameter-enabled) matched (OnPropertyCondition)\n\n   SpringDocKotlinConfiguration.KotlinReflectDependingConfiguration#kotlinDeprecatedPropertyCustomizer matched:\n      - @ConditionalOnMissingBean (types: org.springdoc.core.customizers.KotlinDeprecatedPropertyCustomizer; SearchStrategy: all) did not find any beans (OnBeanCondition)\n\n   SpringDocKotlinConfiguration.KotlinReflectDependingConfiguration#kotlinModelConverter matched:\n      - @ConditionalOnMissingBean (types: org.springdoc.core.converters.KotlinInlineClassUnwrappingConverter; SearchStrategy: all) did not find any beans (OnBeanCondition)\n\n   SpringDocPageableConfiguration matched:\n      - @ConditionalOnClass found required class 'org.springframework.data.domain.Pageable' (OnClassCondition)\n      - @ConditionalOnWebApplication (required) found 'session' scope (OnWebApplicationCondition)\n      - @ConditionalOnProperty (springdoc.api-docs.enabled) matched (OnPropertyCondition)\n      - @ConditionalOnBean (types: org.springdoc.core.configuration.SpringDocConfiguration; SearchStrategy: all) found bean 'org.springdoc.core.configuration.SpringDocConfiguration' (OnBeanCondition)\n\n   SpringDocPageableConfiguration#dataRestDelegatingMethodParameterCustomizer matched:\n      - @ConditionalOnMissingBean (types: org.springdoc.core.customizers.DataRestDelegatingMethodParameterCustomizer; SearchStrategy: all) did not find any beans (OnBeanCondition)\n\n   SpringDocPageableConfiguration#pageOpenAPIConverter matched:\n      - @ConditionalOnClass found required classes 'org.springframework.data.web.PagedModel', 'org.springframework.data.web.config.SpringDataWebSettings' (OnClassCondition)\n      - @ConditionalOnMissingBean (types: org.springdoc.core.converters.PageOpenAPIConverter; SearchStrategy: all) did not find any beans (OnBeanCondition)\n\n   SpringDocPageableConfiguration#pageableOpenAPIConverter matched:\n      - @ConditionalOnProperty (springdoc.model-converters.pageable-converter.enabled) matched (OnPropertyCondition)\n      - @ConditionalOnMissingBean (types: org.springdoc.core.converters.PageableOpenAPIConverter; SearchStrategy: all) did not find any beans (OnBeanCondition)\n\n   SpringDocSecurityConfiguration matched:\n      - @ConditionalOnClass found required class 'org.springframework.security.web.SecurityFilterChain' (OnClassCondition)\n      - @ConditionalOnWebApplication (required) found 'session' scope (OnWebApplicationCondition)\n      - @ConditionalOnExpression (#{${springdoc.api-docs.enabled:true} and ${springdoc.enable-spring-security:true}}) resulted in true (OnExpressionCondition)\n      - @ConditionalOnBean (types: org.springdoc.core.configuration.SpringDocConfiguration; SearchStrategy: all) found bean 'org.springdoc.core.configuration.SpringDocConfiguration' (OnBeanCondition)\n\n   SpringDocSecurityConfiguration.SpringDocSecurityOAuth2ClientConfiguration matched:\n      - @ConditionalOnClass found required class 'org.springframework.security.oauth2.client.annotation.RegisteredOAuth2AuthorizedClient' (OnClassCondition)\n\n   SpringDocSecurityConfiguration.SpringSecurityLoginEndpointConfiguration matched:\n      - @ConditionalOnClass found required class 'jakarta.servlet.Filter' (OnClassCondition)\n\n   SpringDocSortConfiguration matched:\n      - @ConditionalOnClass found required class 'org.springframework.data.domain.Sort' (OnClassCondition)\n      - @ConditionalOnWebApplication (required) found 'session' scope (OnWebApplicationCondition)\n      - @ConditionalOnProperty (springdoc.api-docs.enabled) matched (OnPropertyCondition)\n      - @ConditionalOnBean (types: org.springdoc.core.configuration.SpringDocConfiguration; SearchStrategy: all) found bean 'org.springdoc.core.configuration.SpringDocConfiguration' (OnBeanCondition)\n\n   SpringDocSortConfiguration#sortOpenAPIConverter matched:\n      - @ConditionalOnProperty (springdoc.sort-converter.enabled) matched (OnPropertyCondition)\n      - @ConditionalOnMissingBean (types: org.springdoc.core.converters.SortOpenAPIConverter; SearchStrategy: all) did not find any beans (OnBeanCondition)\n\n   SpringDocWebMvcConfiguration matched:\n      - found 'session' scope (OnWebApplicationCondition)\n      - @ConditionalOnProperty (springdoc.api-docs.enabled) matched (OnPropertyCondition)\n      - @ConditionalOnBean (types: org.springdoc.core.configuration.SpringDocConfiguration; SearchStrategy: all) found bean 'org.springdoc.core.configuration.SpringDocConfiguration' (OnBeanCondition)\n\n   SpringDocWebMvcConfiguration#openApiResource matched:\n      - @ConditionalOnExpression (#{(${springdoc.use-management-port:false} == false ) and ${springdoc.enable-default-api-docs:true}}) resulted in true (OnExpressionCondition)\n      - @ConditionalOnMissingBean (types: org.springdoc.webmvc.api.OpenApiWebMvcResource; SearchStrategy: all) did not find any beans (OnBeanCondition)\n\n   SpringDocWebMvcConfiguration#requestBuilder matched:\n      - @ConditionalOnMissingBean (types: org.springdoc.webmvc.core.service.RequestService; SearchStrategy: all) did not find any beans (OnBeanCondition)\n\n   SpringDocWebMvcConfiguration#responseBuilder matched:\n      - @ConditionalOnMissingBean (types: org.springdoc.core.service.GenericResponseService; SearchStrategy: all) did not find any beans (OnBeanCondition)\n\n   SpringDocWebMvcConfiguration#springWebProvider matched:\n      - @ConditionalOnMissingBean (types: org.springdoc.core.providers.SpringWebProvider; SearchStrategy: all) did not find any beans (OnBeanCondition)\n\n   SpringDocWebMvcConfiguration.SpringDocWebMvcActuatorConfiguration matched:\n      - @ConditionalOnClass found required class 'org.springframework.boot.actuate.endpoint.web.servlet.WebMvcEndpointHandlerMapping' (OnClassCondition)\n\n   SpringDocWebMvcConfiguration.SpringDocWebMvcRouterConfiguration matched:\n      - @ConditionalOnClass found required class 'org.springframework.web.servlet.function.RouterFunction' (OnClassCondition)\n\n   SpringDocWebMvcConfiguration.SpringDocWebMvcRouterConfiguration#routerFunctionProvider matched:\n      - @ConditionalOnMissingBean (types: org.springdoc.webmvc.core.providers.RouterFunctionWebMvcProvider; SearchStrategy: all) did not find any beans (OnBeanCondition)\n\n   SqlInitializationAutoConfiguration matched:\n      - @ConditionalOnBooleanProperty (spring.sql.init.enabled=true) matched (OnPropertyCondition)\n      - NoneNestedConditions 0 matched 1 did not; NestedCondition on SqlInitializationAutoConfiguration.SqlInitializationModeCondition.ModeIsNever @ConditionalOnProperty (spring.sql.init.mode=never) did not find property 'spring.sql.init.mode' (SqlInitializationAutoConfiguration.SqlInitializationModeCondition)\n\n   SslAutoConfiguration#sslBundleRegistry matched:\n      - @ConditionalOnMissingBean (types: org.springframework.boot.ssl.SslBundleRegistry,org.springframework.boot.ssl.SslBundles; SearchStrategy: all) did not find any beans (OnBeanCondition)\n\n   SslHealthContributorAutoConfiguration matched:\n      - @ConditionalOnEnabledHealthIndicator management.health.defaults.enabled is considered true (OnEnabledHealthIndicatorCondition)\n\n   SslHealthContributorAutoConfiguration#sslHealthIndicator matched:\n      - @ConditionalOnMissingBean (names: sslHealthIndicator; SearchStrategy: all) did not find any beans (OnBeanCondition)\n\n   SslHealthContributorAutoConfiguration#sslInfo matched:\n      - @ConditionalOnMissingBean (types: org.springframework.boot.info.SslInfo; SearchStrategy: all) did not find any beans (OnBeanCondition)\n\n   SslObservabilityAutoConfiguration matched:\n      - @ConditionalOnClass found required class 'io.micrometer.core.instrument.MeterRegistry' (OnClassCondition)\n      - @ConditionalOnBean (types: io.micrometer.core.instrument.MeterRegistry,org.springframework.boot.ssl.SslBundles; SearchStrategy: all) found beans 'sslBundleRegistry', 'simpleMeterRegistry' (OnBeanCondition)\n\n   StandaloneShutdownDialogManager matched:\n      - @ConditionalOnWebApplication (required) found 'session' scope (OnWebApplicationCondition)\n\n   StartupTimeMetricsListenerAutoConfiguration matched:\n      - @ConditionalOnClass found required class 'io.micrometer.core.instrument.MeterRegistry' (OnClassCondition)\n      - @ConditionalOnBean (types: io.micrometer.core.instrument.MeterRegistry; SearchStrategy: all) found bean 'simpleMeterRegistry' (OnBeanCondition)\n\n   StartupTimeMetricsListenerAutoConfiguration#startupTimeMetrics matched:\n      - @ConditionalOnMissingBean (types: org.springframework.boot.actuate.metrics.startup.StartupTimeMetricsListener; SearchStrategy: all) did not find any beans (OnBeanCondition)\n\n   StatsServiceUIAutoConfiguration matched:\n      - @ConditionalOnWebApplication (required) found 'session' scope (OnWebApplicationCondition)\n      - @ConditionalOnBean (types: de.tudarmstadt.ukp.inception.search.SearchService; SearchStrategy: all) found bean 'searchService' (OnBeanCondition)\n\n   StatsServiceUIAutoConfiguration#statisticsAnnotationSidebarFactory matched:\n      - @ConditionalOnProperty (search.statistics-sidebar.enabled=true) matched (OnPropertyCondition)\n\n   StoreSettingsConfig matched:\n      - @ConditionalOnProperty (wicket.core.settings.pagestore.enabled) matched (OnPropertyCondition)\n\n   StringMatchingRecommenderAutoConfiguration matched:\n      - @ConditionalOnBean (types: de.tudarmstadt.ukp.inception.recommendation.api.RecommendationService; SearchStrategy: all) found bean 'recommendationService' (OnBeanCondition)\n\n   SwaggerConfig matched:\n      - found 'session' scope (OnWebApplicationCondition)\n      - @ConditionalOnProperty (springdoc.swagger-ui.enabled) matched (OnPropertyCondition)\n      - @ConditionalOnBean (types: org.springdoc.core.configuration.SpringDocConfiguration; SearchStrategy: all) found bean 'org.springdoc.core.configuration.SpringDocConfiguration' (OnBeanCondition)\n\n   SwaggerConfig#indexPageTransformer matched:\n      - @ConditionalOnMissingBean (types: org.springdoc.webmvc.ui.SwaggerIndexTransformer; SearchStrategy: all) did not find any beans (OnBeanCondition)\n\n   SwaggerConfig#swaggerConfigResource matched:\n      - @ConditionalOnProperty (springdoc.use-management-port=false) matched (OnPropertyCondition)\n      - @ConditionalOnMissingBean (types: org.springdoc.webmvc.ui.SwaggerConfigResource; SearchStrategy: all) did not find any beans (OnBeanCondition)\n\n   SwaggerConfig#swaggerResourceResolver matched:\n      - @ConditionalOnMissingBean (types: org.springdoc.webmvc.ui.SwaggerResourceResolver; SearchStrategy: all) did not find any beans (OnBeanCondition)\n\n   SwaggerConfig#swaggerWebMvcConfigurer matched:\n      - @ConditionalOnMissingBean (types: org.springdoc.webmvc.ui.SwaggerWebMvcConfigurer; SearchStrategy: all) did not find any beans (OnBeanCondition)\n\n   SwaggerConfig#swaggerWelcome matched:\n      - @ConditionalOnProperty (springdoc.use-management-port=false) matched (OnPropertyCondition)\n      - @ConditionalOnMissingBean (types: org.springdoc.webmvc.ui.SwaggerWelcomeWebMvc; SearchStrategy: all) did not find any beans (OnBeanCondition)\n\n   SwaggerUiConfigProperties matched:\n      - @ConditionalOnProperty (springdoc.swagger-ui.enabled) matched (OnPropertyCondition)\n      - @ConditionalOnBean (types: org.springdoc.core.configuration.SpringDocConfiguration; SearchStrategy: all) found bean 'org.springdoc.core.configuration.SpringDocConfiguration' (OnBeanCondition)\n\n   SwaggerUiOAuthProperties matched:\n      - @ConditionalOnProperty (springdoc.swagger-ui.enabled) matched (OnPropertyCondition)\n      - @ConditionalOnBean (types: org.springdoc.core.configuration.SpringDocConfiguration; SearchStrategy: all) found bean 'org.springdoc.core.configuration.SpringDocConfiguration' (OnBeanCondition)\n\n   SystemMetricsAutoConfiguration matched:\n      - @ConditionalOnClass found required class 'io.micrometer.core.instrument.MeterRegistry' (OnClassCondition)\n      - @ConditionalOnBean (types: io.micrometer.core.instrument.MeterRegistry; SearchStrategy: all) found bean 'simpleMeterRegistry' (OnBeanCondition)\n\n   SystemMetricsAutoConfiguration#diskSpaceMetrics matched:\n      - @ConditionalOnMissingBean (types: org.springframework.boot.actuate.metrics.system.DiskSpaceMetricsBinder; SearchStrategy: all) did not find any beans (OnBeanCondition)\n\n   SystemMetricsAutoConfiguration#fileDescriptorMetrics matched:\n      - @ConditionalOnMissingBean (types: io.micrometer.core.instrument.binder.system.FileDescriptorMetrics; SearchStrategy: all) did not find any beans (OnBeanCondition)\n\n   SystemMetricsAutoConfiguration#processorMetrics matched:\n      - @ConditionalOnMissingBean (types: io.micrometer.core.instrument.binder.system.ProcessorMetrics; SearchStrategy: all) did not find any beans (OnBeanCondition)\n\n   SystemMetricsAutoConfiguration#uptimeMetrics matched:\n      - @ConditionalOnMissingBean (types: io.micrometer.core.instrument.binder.system.UptimeMetrics; SearchStrategy: all) did not find any beans (OnBeanCondition)\n\n   TagSetsUiAutoConfiguration matched:\n      - @ConditionalOnWebApplication (required) found 'session' scope (OnWebApplicationCondition)\n\n   TaskExecutionAutoConfiguration matched:\n      - @ConditionalOnClass found required class 'org.springframework.scheduling.concurrent.ThreadPoolTaskExecutor' (OnClassCondition)\n\n   TaskExecutorConfigurations.SimpleAsyncTaskExecutorBuilderConfiguration#simpleAsyncTaskExecutorBuilder matched:\n      - @ConditionalOnMissingBean (types: org.springframework.boot.task.SimpleAsyncTaskExecutorBuilder; SearchStrategy: all) did not find any beans (OnBeanCondition)\n      - @ConditionalOnThreading found PLATFORM (OnThreadingCondition)\n\n   TaskExecutorConfigurations.ThreadPoolTaskExecutorBuilderConfiguration#threadPoolTaskExecutorBuilder matched:\n      - @ConditionalOnMissingBean (types: org.springframework.boot.task.ThreadPoolTaskExecutorBuilder; SearchStrategy: all) did not find any beans (OnBeanCondition)\n\n   TaskExecutorMetricsAutoConfiguration matched:\n      - @ConditionalOnClass found required class 'io.micrometer.core.instrument.binder.jvm.ExecutorServiceMetrics' (OnClassCondition)\n      - @ConditionalOnBean (types: java.util.concurrent.Executor,io.micrometer.core.instrument.MeterRegistry; SearchStrategy: all) found beans 'clientOutboundChannelExecutor', 'clientInboundChannelExecutor', 'simpleMeterRegistry', 'brokerChannelExecutor' (OnBeanCondition)\n\n   TaskSchedulingAutoConfiguration matched:\n      - @ConditionalOnClass found required class 'org.springframework.scheduling.concurrent.ThreadPoolTaskScheduler' (OnClassCondition)\n\n   TaskSchedulingConfigurations.SimpleAsyncTaskSchedulerBuilderConfiguration#simpleAsyncTaskSchedulerBuilder matched:\n      - @ConditionalOnMissingBean (types: org.springframework.boot.task.SimpleAsyncTaskSchedulerBuilder; SearchStrategy: all) did not find any beans (OnBeanCondition)\n      - @ConditionalOnThreading found PLATFORM (OnThreadingCondition)\n\n   TaskSchedulingConfigurations.ThreadPoolTaskSchedulerBuilderConfiguration#threadPoolTaskSchedulerBuilder matched:\n      - @ConditionalOnMissingBean (types: org.springframework.boot.task.ThreadPoolTaskSchedulerBuilder; SearchStrategy: all) did not find any beans (OnBeanCondition)\n\n   TcfFormatsAutoConfiguration#tcfFormatSupport matched:\n      - @ConditionalOnProperty (format.tcf.enabled=true) matched (OnPropertyCondition)\n\n   TeiFormatsAutoConfiguration#teiFormatSupport matched:\n      - @ConditionalOnProperty (format.dkpro-core-tei.enabled=true) matched (OnPropertyCondition)\n\n   TextFormatsAutoConfiguration#lineOrientedTextFormatSupport matched:\n      - @ConditionalOnProperty (format.text-line-oriented.enabled=true) matched (OnPropertyCondition)\n\n   TextFormatsAutoConfiguration#pretokenizedTextFormatSupport matched:\n      - @ConditionalOnProperty (format.text-pretokenized.enabled=true) matched (OnPropertyCondition)\n\n   TextFormatsAutoConfiguration#textFormatSupport matched:\n      - @ConditionalOnProperty (format.text.enabled=true) matched (OnPropertyCondition)\n\n   TomcatMetricsAutoConfiguration matched:\n      - @ConditionalOnClass found required classes 'io.micrometer.core.instrument.binder.tomcat.TomcatMetrics', 'org.apache.catalina.Manager' (OnClassCondition)\n      - @ConditionalOnWebApplication (required) found 'session' scope (OnWebApplicationCondition)\n\n   TomcatMetricsAutoConfiguration#tomcatMetricsBinder matched:\n      - @ConditionalOnBean (types: io.micrometer.core.instrument.MeterRegistry; SearchStrategy: all) found bean 'simpleMeterRegistry'; @ConditionalOnMissingBean (types: io.micrometer.core.instrument.binder.tomcat.TomcatMetrics,org.springframework.boot.actuate.metrics.web.tomcat.TomcatMetricsBinder; SearchStrategy: all) did not find any beans (OnBeanCondition)\n\n   TransactionAutoConfiguration matched:\n      - @ConditionalOnClass found required class 'org.springframework.transaction.PlatformTransactionManager' (OnClassCondition)\n\n   TransactionAutoConfiguration.EnableTransactionManagementConfiguration matched:\n      - @ConditionalOnBean (types: org.springframework.transaction.TransactionManager; SearchStrategy: all) found bean 'transactionManager'; @ConditionalOnMissingBean (types: org.springframework.transaction.annotation.AbstractTransactionManagementConfiguration; SearchStrategy: all) did not find any beans (OnBeanCondition)\n\n   TransactionAutoConfiguration.EnableTransactionManagementConfiguration.CglibAutoProxyConfiguration matched:\n      - @ConditionalOnBooleanProperty (spring.aop.proxy-target-class=true) matched (OnPropertyCondition)\n\n   TransactionAutoConfiguration.TransactionTemplateConfiguration matched:\n      - @ConditionalOnSingleCandidate (types: org.springframework.transaction.PlatformTransactionManager; SearchStrategy: all) found a single bean 'transactionManager' (OnBeanCondition)\n\n   TransactionAutoConfiguration.TransactionTemplateConfiguration#transactionTemplate matched:\n      - @ConditionalOnMissingBean (types: org.springframework.transaction.support.TransactionOperations; SearchStrategy: all) did not find any beans (OnBeanCondition)\n\n   TransactionManagerCustomizationAutoConfiguration matched:\n      - @ConditionalOnClass found required class 'org.springframework.transaction.PlatformTransactionManager' (OnClassCondition)\n\n   TransactionManagerCustomizationAutoConfiguration#platformTransactionManagerCustomizers matched:\n      - @ConditionalOnMissingBean (types: org.springframework.boot.autoconfigure.transaction.TransactionManagerCustomizers; SearchStrategy: all) did not find any beans (OnBeanCondition)\n\n   UimaFormatsAutoConfiguration#uimaInlineXmlFormatSupport matched:\n      - @ConditionalOnProperty (format.uima-inline-xml.enabled=true) matched (OnPropertyCondition)\n\n   UimaFormatsAutoConfiguration#xmiFormatSupport matched:\n      - @ConditionalOnProperty (format.uima-xmi.enabled=true) matched (OnPropertyCondition)\n\n   UimaFormatsAutoConfiguration#xmiXml11FormatSupport matched:\n      - @ConditionalOnProperty (format.uima-xmi-xml1_1.enabled=true) matched (OnPropertyCondition)\n\n   UimaJsonCasSupportAutoConfiguration#uimaJsonCasFormatSupport matched:\n      - @ConditionalOnProperty (format.json-cas.enabled=true) matched (OnPropertyCondition)\n\n   ValidationAutoConfiguration matched:\n      - @ConditionalOnClass found required class 'jakarta.validation.executable.ExecutableValidator' (OnClassCondition)\n      - @ConditionalOnResource found location classpath:META-INF/services/jakarta.validation.spi.ValidationProvider (OnResourceCondition)\n\n   ValidationAutoConfiguration#methodValidationPostProcessor matched:\n      - @ConditionalOnMissingBean (types: org.springframework.validation.beanvalidation.MethodValidationPostProcessor; SearchStrategy: current) did not find any beans (OnBeanCondition)\n\n   WebAnnoFormatsAutoConfiguration#webAnnoTsv1FormatSupport matched:\n      - @ConditionalOnProperty (format.webanno1.enabled=true) matched (OnPropertyCondition)\n\n   WebAnnoFormatsAutoConfiguration#webAnnoTsv2FormatSupport matched:\n      - @ConditionalOnProperty (format.webanno2.enabled=true) matched (OnPropertyCondition)\n\n   WebAnnoFormatsAutoConfiguration#webAnnoTsv3FormatSupport matched:\n      - @ConditionalOnProperty (format.webanno3.enabled=true) matched (OnPropertyCondition)\n\n   WebEndpointAutoConfiguration matched:\n      - @ConditionalOnWebApplication (required) found 'session' scope (OnWebApplicationCondition)\n\n   WebEndpointAutoConfiguration#controllerEndpointDiscoverer matched:\n      - @ConditionalOnMissingBean (types: org.springframework.boot.actuate.endpoint.web.annotation.ControllerEndpointsSupplier; SearchStrategy: all) did not find any beans (OnBeanCondition)\n\n   WebEndpointAutoConfiguration#endpointMediaTypes matched:\n      - @ConditionalOnMissingBean (types: org.springframework.boot.actuate.endpoint.web.EndpointMediaTypes; SearchStrategy: all) did not find any beans (OnBeanCondition)\n\n   WebEndpointAutoConfiguration#pathMappedEndpoints matched:\n      - @ConditionalOnMissingBean (types: org.springframework.boot.actuate.endpoint.web.PathMappedEndpoints; SearchStrategy: all) did not find any beans (OnBeanCondition)\n\n   WebEndpointAutoConfiguration#webEndpointDiscoverer matched:\n      - @ConditionalOnMissingBean (types: org.springframework.boot.actuate.endpoint.web.WebEndpointsSupplier; SearchStrategy: all) did not find any beans (OnBeanCondition)\n\n   WebEndpointAutoConfiguration.WebEndpointServletConfiguration matched:\n      - found 'session' scope (OnWebApplicationCondition)\n\n   WebEndpointAutoConfiguration.WebEndpointServletConfiguration#servletEndpointDiscoverer matched:\n      - @ConditionalOnMissingBean (types: org.springframework.boot.actuate.endpoint.web.annotation.ServletEndpointsSupplier; SearchStrategy: all) did not find any beans (OnBeanCondition)\n\n   WebMvcAutoConfiguration matched:\n      - @ConditionalOnClass found required classes 'jakarta.servlet.Servlet', 'org.springframework.web.servlet.DispatcherServlet', 'org.springframework.web.servlet.config.annotation.WebMvcConfigurer' (OnClassCondition)\n      - found 'session' scope (OnWebApplicationCondition)\n      - @ConditionalOnMissingBean (types: org.springframework.web.servlet.config.annotation.WebMvcConfigurationSupport; SearchStrategy: all) did not find any beans (OnBeanCondition)\n\n   WebMvcAutoConfiguration#formContentFilter matched:\n      - @ConditionalOnBooleanProperty (spring.mvc.formcontent.filter.enabled=true) matched (OnPropertyCondition)\n      - @ConditionalOnMissingBean (types: org.springframework.web.filter.FormContentFilter; SearchStrategy: all) did not find any beans (OnBeanCondition)\n\n   WebMvcAutoConfiguration.EnableWebMvcConfiguration#flashMapManager matched:\n      - @ConditionalOnMissingBean (names: flashMapManager; SearchStrategy: all) did not find any beans (OnBeanCondition)\n\n   WebMvcAutoConfiguration.EnableWebMvcConfiguration#localeResolver matched:\n      - @ConditionalOnMissingBean (names: localeResolver; SearchStrategy: all) did not find any beans (OnBeanCondition)\n\n   WebMvcAutoConfiguration.EnableWebMvcConfiguration#themeResolver matched:\n      - @ConditionalOnMissingBean (names: themeResolver; SearchStrategy: all) did not find any beans (OnBeanCondition)\n\n   WebMvcAutoConfiguration.EnableWebMvcConfiguration#viewNameTranslator matched:\n      - @ConditionalOnMissingBean (names: viewNameTranslator; SearchStrategy: all) did not find any beans (OnBeanCondition)\n\n   WebMvcAutoConfiguration.ResourceChainCustomizerConfiguration matched:\n      - @ConditionalOnEnabledResourceChain found class org.webjars.WebJarVersionLocator (OnEnabledResourceChainCondition)\n\n   WebMvcAutoConfiguration.WebMvcAutoConfigurationAdapter#defaultViewResolver matched:\n      - @ConditionalOnMissingBean (types: org.springframework.web.servlet.view.InternalResourceViewResolver; SearchStrategy: all) did not find any beans (OnBeanCondition)\n\n   WebMvcAutoConfiguration.WebMvcAutoConfigurationAdapter#requestContextFilter matched:\n      - @ConditionalOnMissingBean (types: org.springframework.web.context.request.RequestContextListener,org.springframework.web.filter.RequestContextFilter; SearchStrategy: all) did not find any beans (OnBeanCondition)\n\n   WebMvcAutoConfiguration.WebMvcAutoConfigurationAdapter#viewResolver matched:\n      - @ConditionalOnBean (types: org.springframework.web.servlet.ViewResolver; SearchStrategy: all) found beans 'defaultViewResolver', 'mvcViewResolver'; @ConditionalOnMissingBean (names: viewResolver types: org.springframework.web.servlet.view.ContentNegotiatingViewResolver; SearchStrategy: all) did not find any beans (OnBeanCondition)\n\n   WebMvcEndpointManagementContextConfiguration matched:\n      - @ConditionalOnClass found required class 'org.springframework.web.servlet.DispatcherServlet' (OnClassCondition)\n      - found 'session' scope (OnWebApplicationCondition)\n      - @ConditionalOnBean (types: org.springframework.web.servlet.DispatcherServlet,org.springframework.boot.actuate.endpoint.web.WebEndpointsSupplier; SearchStrategy: all) found beans 'webEndpointDiscoverer', 'dispatcherServlet' (OnBeanCondition)\n\n   WebMvcEndpointManagementContextConfiguration#controllerEndpointHandlerMapping matched:\n      - @ConditionalOnMissingBean (types: org.springframework.boot.actuate.endpoint.web.servlet.ControllerEndpointHandlerMapping; SearchStrategy: all) did not find any beans (OnBeanCondition)\n\n   WebMvcEndpointManagementContextConfiguration#endpointObjectMapperWebMvcConfigurer matched:\n      - @ConditionalOnBean (types: org.springframework.boot.actuate.endpoint.jackson.EndpointObjectMapper; SearchStrategy: all) found bean 'endpointObjectMapper' (OnBeanCondition)\n\n   WebMvcEndpointManagementContextConfiguration#webEndpointServletHandlerMapping matched:\n      - @ConditionalOnMissingBean (types: org.springframework.boot.actuate.endpoint.web.servlet.WebMvcEndpointHandlerMapping; SearchStrategy: all) did not find any beans (OnBeanCondition)\n\n   WebMvcObservationAutoConfiguration matched:\n      - @ConditionalOnClass found required classes 'org.springframework.web.servlet.DispatcherServlet', 'io.micrometer.observation.Observation' (OnClassCondition)\n      - found 'session' scope (OnWebApplicationCondition)\n      - @ConditionalOnBean (types: io.micrometer.observation.ObservationRegistry; SearchStrategy: all) found bean 'observationRegistry' (OnBeanCondition)\n\n   WebMvcObservationAutoConfiguration#webMvcObservationFilter matched:\n      - @ConditionalOnMissingBean (types: org.springframework.web.filter.ServerHttpObservationFilter; SearchStrategy: all) did not find any beans (OnBeanCondition)\n\n   WebMvcObservationAutoConfiguration.MeterFilterConfiguration matched:\n      - @ConditionalOnClass found required class 'io.micrometer.core.instrument.MeterRegistry' (OnClassCondition)\n      - @ConditionalOnBean (types: io.micrometer.core.instrument.MeterRegistry; SearchStrategy: all) found bean 'simpleMeterRegistry' (OnBeanCondition)\n\n   WebSocketMessagingAutoConfiguration matched:\n      - @ConditionalOnClass found required class 'org.springframework.web.socket.config.annotation.WebSocketMessageBrokerConfigurer' (OnClassCondition)\n      - found 'session' scope (OnWebApplicationCondition)\n\n   WebSocketMessagingAutoConfiguration.WebSocketMessageConverterConfiguration matched:\n      - @ConditionalOnClass found required classes 'com.fasterxml.jackson.databind.ObjectMapper', 'org.springframework.messaging.simp.config.AbstractMessageBrokerConfiguration' (OnClassCondition)\n      - @ConditionalOnBean (types: org.springframework.web.socket.config.annotation.DelegatingWebSocketMessageBrokerConfiguration,com.fasterxml.jackson.databind.ObjectMapper; SearchStrategy: all) found beans 'jacksonObjectMapper', 'org.springframework.web.socket.config.annotation.DelegatingWebSocketMessageBrokerConfiguration' (OnBeanCondition)\n\n   WebSocketServletAutoConfiguration matched:\n      - @ConditionalOnClass found required classes 'jakarta.servlet.Servlet', 'jakarta.websocket.server.ServerContainer' (OnClassCondition)\n      - found 'session' scope (OnWebApplicationCondition)\n\n   WebSocketServletAutoConfiguration.TomcatWebSocketConfiguration matched:\n      - @ConditionalOnClass found required classes 'org.apache.catalina.startup.Tomcat', 'org.apache.tomcat.websocket.server.WsSci' (OnClassCondition)\n\n   WebSocketServletAutoConfiguration.TomcatWebSocketConfiguration#websocketServletWebServerCustomizer matched:\n      - @ConditionalOnMissingBean (names: websocketServletWebServerCustomizer; SearchStrategy: all) did not find any beans (OnBeanCondition)\n\n   WebjarsConfig matched:\n      - @ConditionalOnClass found required class 'de.agilecoders.wicket.webjars.WicketWebjars' (OnClassCondition)\n      - @ConditionalOnProperty (wicket.external.webjars.enabled) matched (OnPropertyCondition)\n      - Wicket version matches current: 10 EQUALS_OR_HIGHER expected: 7 (WicketSettingsCondition)\n\n   WeblichtRecommenderAutoConfiguration matched:\n      - @ConditionalOnProperty (recommender.weblicht.enabled=true) matched (OnPropertyCondition)\n\n   WebsocketAutoConfiguration matched:\n      - @ConditionalOnWebApplication (required) found 'session' scope (OnWebApplicationCondition)\n      - @ConditionalOnProperty (websocket.enabled=true) matched (OnPropertyCondition)\n\n   WebsocketSecurityConfig matched:\n      - @ConditionalOnWebApplication (required) found 'session' scope (OnWebApplicationCondition)\n      - @ConditionalOnProperty (websocket.enabled=true) matched (OnPropertyCondition)\n\n   WicketDependencyVersionChecker matched:\n      - @ConditionalOnProperty (wicket.verifier.dependencies.enabled) matched (OnPropertyCondition)\n\n   WicketEndpointConfiguration#wicketEndpointRepositoryDefault matched:\n      - @ConditionalOnMissingBean (types: com.giffing.wicket.spring.boot.context.extensions.boot.actuator.WicketEndpointRepository; SearchStrategy: all) did not find any beans (OnBeanCondition)\n\n   WicketWebInitializerAutoConfig.StandardWicketWebInitializerAutoConfiguration matched:\n      - @ConditionalOnMissingBean (types: com.giffing.wicket.spring.boot.starter.web.config.WicketWebInitializerConfig; SearchStrategy: all) did not find any beans (OnBeanCondition)\n\n   WikiDataLinkingProjectInitializersAutoConfiguration#agroVocKnowledgeBaseInitializer matched:\n      - @ConditionalOnBean (types: de.tudarmstadt.ukp.inception.kb.KnowledgeBaseService; SearchStrategy: all) found bean 'knowledgeBaseService' (OnBeanCondition)\n\n   WikiDataLinkingProjectInitializersAutoConfiguration#babelNetKnowledgeBaseInitializer matched:\n      - @ConditionalOnBean (types: de.tudarmstadt.ukp.inception.kb.KnowledgeBaseService; SearchStrategy: all) found bean 'knowledgeBaseService' (OnBeanCondition)\n\n   WikiDataLinkingProjectInitializersAutoConfiguration#dbPediaNetKnowledgeBaseInitializer matched:\n      - @ConditionalOnBean (types: de.tudarmstadt.ukp.inception.kb.KnowledgeBaseService; SearchStrategy: all) found bean 'knowledgeBaseService' (OnBeanCondition)\n\n   WikiDataLinkingProjectInitializersAutoConfiguration#entityLinkingProjectInitializer matched:\n      - @ConditionalOnBean (types: de.tudarmstadt.ukp.inception.project.initializers.wikidatalinking.WikiDataKnowledgeBaseInitializer; SearchStrategy: all) found bean 'wikiDataKnowledgeBaseInitializer' (OnBeanCondition)\n\n   WikiDataLinkingProjectInitializersAutoConfiguration#hpoKnowledgeBaseInitializer matched:\n      - @ConditionalOnBean (types: de.tudarmstadt.ukp.inception.kb.KnowledgeBaseService; SearchStrategy: all) found bean 'knowledgeBaseService' (OnBeanCondition)\n\n   WikiDataLinkingProjectInitializersAutoConfiguration#iaoKnowledgeBaseInitializer matched:\n      - @ConditionalOnBean (types: de.tudarmstadt.ukp.inception.kb.KnowledgeBaseService; SearchStrategy: all) found bean 'knowledgeBaseService' (OnBeanCondition)\n\n   WikiDataLinkingProjectInitializersAutoConfiguration#namedEntityIdentifierStringRecommenderInitializer matched:\n      - @ConditionalOnBean (types: de.tudarmstadt.ukp.inception.recommendation.api.RecommendationService; SearchStrategy: all) found bean 'recommendationService' (OnBeanCondition)\n\n   WikiDataLinkingProjectInitializersAutoConfiguration#namedEntitySequenceClassifierRecommenderInitializer matched:\n      - @ConditionalOnBean (types: de.tudarmstadt.ukp.inception.recommendation.api.RecommendationService; SearchStrategy: all) found bean 'recommendationService' (OnBeanCondition)\n\n   WikiDataLinkingProjectInitializersAutoConfiguration#namedEntityStringRecommenderInitializer matched:\n      - @ConditionalOnBean (types: de.tudarmstadt.ukp.inception.recommendation.api.RecommendationService; SearchStrategy: all) found bean 'recommendationService' (OnBeanCondition)\n\n   WikiDataLinkingProjectInitializersAutoConfiguration#oliaPennKnowledgeBaseInitializer matched:\n      - @ConditionalOnBean (types: de.tudarmstadt.ukp.inception.kb.KnowledgeBaseService; SearchStrategy: all) found bean 'knowledgeBaseService' (OnBeanCondition)\n\n   WikiDataLinkingProjectInitializersAutoConfiguration#snomwedCtKnowledgeBaseInitializer matched:\n      - @ConditionalOnBean (types: de.tudarmstadt.ukp.inception.kb.KnowledgeBaseService; SearchStrategy: all) found bean 'knowledgeBaseService' (OnBeanCondition)\n\n   WikiDataLinkingProjectInitializersAutoConfiguration#wikiDataKnowledgeBaseInitializer matched:\n      - @ConditionalOnBean (types: de.tudarmstadt.ukp.inception.kb.KnowledgeBaseService; SearchStrategy: all) found bean 'knowledgeBaseService' (OnBeanCondition)\n\n   WikiDataLinkingProjectInitializersAutoConfiguration#wineOntologyKnowledgeBaseInitializer matched:\n      - @ConditionalOnBean (types: de.tudarmstadt.ukp.inception.kb.KnowledgeBaseService; SearchStrategy: all) found bean 'knowledgeBaseService' (OnBeanCondition)\n\n   WikiDataLinkingProjectInitializersAutoConfiguration#yagoKnowledgeBaseInitializer matched:\n      - @ConditionalOnBean (types: de.tudarmstadt.ukp.inception.kb.KnowledgeBaseService; SearchStrategy: all) found bean 'knowledgeBaseService' (OnBeanCondition)\n\n   WikiDataLinkingProjectInitializersAutoConfiguration#zbwGndKnowledgeBaseInitializer matched:\n      - @ConditionalOnBean (types: de.tudarmstadt.ukp.inception.kb.KnowledgeBaseService; SearchStrategy: all) found bean 'knowledgeBaseService' (OnBeanCondition)\n\n   WikiDataLinkingProjectInitializersAutoConfiguration#zbwStwEconomicsKnowledgeBaseInitializer matched:\n      - @ConditionalOnBean (types: de.tudarmstadt.ukp.inception.kb.KnowledgeBaseService; SearchStrategy: all) found bean 'knowledgeBaseService' (OnBeanCondition)\n\n   XHtmlXmlDocumentViewControllerImpl matched:\n      - @ConditionalOnWebApplication (required) found 'session' scope (OnWebApplicationCondition)\n\n   XmlDocumentViewControllerImpl matched:\n      - @ConditionalOnWebApplication (required) found 'session' scope (OnWebApplicationCondition)\n\n\nNegative matches:\n-----------------\n\n   ActiveMQAutoConfiguration:\n      Did not match:\n         - @ConditionalOnClass did not find required class 'jakarta.jms.ConnectionFactory' (OnClassCondition)\n\n   AeroAnnotationController:\n      Did not match:\n         - @ConditionalOnExpression (#{false}) resulted in false (OnExpressionCondition)\n\n   AeroCurationController:\n      Did not match:\n         - @ConditionalOnExpression (#{false}) resulted in false (OnExpressionCondition)\n\n   AeroDocumentController:\n      Did not match:\n         - @ConditionalOnExpression (#{false}) resulted in false (OnExpressionCondition)\n\n   AeroKnowledgeBaseController:\n      Did not match:\n         - @ConditionalOnExpression (#{false}) resulted in false (OnExpressionCondition)\n\n   AeroProjectController:\n      Did not match:\n         - @ConditionalOnExpression (#{false}) resulted in false (OnExpressionCondition)\n\n   AnnotationController:\n      Did not match:\n         - @ConditionalOnExpression (#{false}) resulted in false (OnExpressionCondition)\n\n   AopAutoConfiguration.AspectJAutoProxyingConfiguration.JdkDynamicAutoProxyConfiguration:\n      Did not match:\n         - @ConditionalOnBooleanProperty (spring.aop.proxy-target-class=false) did not find property 'spring.aop.proxy-target-class' (OnPropertyCondition)\n\n   AopAutoConfiguration.ClassProxyingConfiguration:\n      Did not match:\n         - @ConditionalOnMissingClass found unwanted class 'org.aspectj.weaver.Advice' (OnClassCondition)\n\n   AppOpticsMetricsExportAutoConfiguration:\n      Did not match:\n         - @ConditionalOnClass did not find required class 'io.micrometer.appoptics.AppOpticsMeterRegistry' (OnClassCondition)\n\n   ArtemisAutoConfiguration:\n      Did not match:\n         - @ConditionalOnClass did not find required class 'jakarta.jms.ConnectionFactory' (OnClassCondition)\n\n   AssistantAutoConfiguration:\n      Did not match:\n         - @ConditionalOnProperty (assistant.enabled=true) did not find property 'enabled' (OnPropertyCondition)\n      Matched:\n         - @ConditionalOnWebApplication (required) found 'session' scope (OnWebApplicationCondition)\n\n   AssistantToolsAutoConfiguration:\n      Did not match:\n         - @ConditionalOnProperty (assistant.enabled=true) did not find property 'enabled' (OnPropertyCondition)\n      Matched:\n         - @ConditionalOnWebApplication (required) found 'session' scope (OnWebApplicationCondition)\n\n   AssistantWebsocketControllerImpl:\n      Did not match:\n         - @ConditionalOnExpression (#{${websocket.enabled:true} and ${assistant.enabled:false}}) resulted in false (OnExpressionCondition)\n      Matched:\n         - @ConditionalOnWebApplication (required) found 'session' scope (OnWebApplicationCondition)\n\n   AtlasMetricsExportAutoConfiguration:\n      Did not match:\n         - @ConditionalOnClass did not find required class 'io.micrometer.atlas.AtlasMeterRegistry' (OnClassCondition)\n\n   AuditAutoConfiguration:\n      Did not match:\n         - @ConditionalOnBean (types: org.springframework.boot.actuate.audit.AuditEventRepository; SearchStrategy: all) did not find any beans of type org.springframework.boot.actuate.audit.AuditEventRepository (OnBeanCondition)\n      Matched:\n         - @ConditionalOnBooleanProperty (management.auditevents.enabled=true) matched (OnPropertyCondition)\n\n   AuditEventsEndpointAutoConfiguration:\n      Did not match:\n         - @ConditionalOnAvailableEndpoint not exposed (OnAvailableEndpointCondition)\n\n   AvailabilityHealthContributorAutoConfiguration#livenessStateHealthIndicator:\n      Did not match:\n         - @ConditionalOnBooleanProperty (management.health.livenessstate.enabled=true) did not find property 'management.health.livenessstate.enabled' (OnPropertyCondition)\n\n   AvailabilityHealthContributorAutoConfiguration#readinessStateHealthIndicator:\n      Did not match:\n         - @ConditionalOnBooleanProperty (management.health.readinessstate.enabled=true) did not find property 'management.health.readinessstate.enabled' (OnPropertyCondition)\n\n   AvailabilityProbesAutoConfiguration:\n      Did not match:\n         - Probes availability not running on a supported cloud platform (AvailabilityProbesAutoConfiguration.ProbesCondition)\n\n   AzureAiOpenAiRecommenderAutoConfiguration:\n      Did not match:\n         - @ConditionalOnProperty (recommender.azureai-openai.enabled=true) did not find property 'enabled' (OnPropertyCondition)\n\n   BatchAutoConfiguration:\n      Did not match:\n         - @ConditionalOnClass did not find required class 'org.springframework.batch.core.launch.JobLauncher' (OnClassCondition)\n\n   BatchObservationAutoConfiguration:\n      Did not match:\n         - @ConditionalOnClass did not find required class 'org.springframework.batch.core.configuration.annotation.BatchObservabilityBeanPostProcessor' (OnClassCondition)\n\n   BeanInitializationTimesLogger:\n      Did not match:\n         - @ConditionalOnProperty (profiling.bean-initialization-timing=true) did not find property 'bean-initialization-timing' (OnPropertyCondition)\n\n   BeanValidationConfig:\n      Did not match:\n         - @ConditionalOnClass did not find required class 'org.apache.wicket.bean.validation.BeanValidationConfiguration' (OnClassCondition)\n\n   BeansEndpointAutoConfiguration:\n      Did not match:\n         - @ConditionalOnAvailableEndpoint not exposed (OnAvailableEndpointCondition)\n\n   BioCAutoConfiguration#bioCFormatSupport:\n      Did not match:\n         - @ConditionalOnProperty (format.bioc.enabled=true) did not find property 'enabled' (OnPropertyCondition)\n\n   BioCAutoConfiguration#bioCXmlDocumentFormatSupport:\n      Did not match:\n         - @ConditionalOnProperty (format.bioc-xml.enabled=true) did not find property 'enabled' (OnPropertyCondition)\n\n   BratAutoConfiguration#bratBasicFormatSupport:\n      Did not match:\n         - @ConditionalOnProperty (format.brat-basic.enabled=true) did not find property 'enabled' (OnPropertyCondition)\n\n   BratAutoConfiguration#bratCustomFormatSupport:\n      Did not match:\n         - @ConditionalOnProperty (format.brat-custom.enabled=true) did not find property 'enabled' (OnPropertyCondition)\n\n   BraveAutoConfiguration:\n      Did not match:\n         - @ConditionalOnClass did not find required class 'brave.Tracer' (OnClassCondition)\n\n   Cache2kCacheConfiguration:\n      Did not match:\n         - @ConditionalOnClass did not find required class 'org.cache2k.Cache2kBuilder' (OnClassCondition)\n\n   CacheMeterBinderProvidersConfiguration.Cache2kCacheMeterBinderProviderConfiguration:\n      Did not match:\n         - @ConditionalOnClass did not find required classes 'org.cache2k.Cache2kBuilder', 'org.cache2k.extra.spring.SpringCache2kCache', 'org.cache2k.extra.micrometer.Cache2kCacheMetrics' (OnClassCondition)\n\n   CacheMeterBinderProvidersConfiguration.HazelcastCacheMeterBinderProviderConfiguration:\n      Did not match:\n         - @ConditionalOnClass did not find required classes 'com.hazelcast.spring.cache.HazelcastCache', 'com.hazelcast.core.Hazelcast' (OnClassCondition)\n\n   CacheMeterBinderProvidersConfiguration.JCacheCacheMeterBinderProviderConfiguration:\n      Did not match:\n         - @ConditionalOnClass did not find required class 'javax.cache.CacheManager' (OnClassCondition)\n\n   CacheMeterBinderProvidersConfiguration.RedisCacheMeterBinderProviderConfiguration:\n      Did not match:\n         - @ConditionalOnClass did not find required class 'org.springframework.data.redis.cache.RedisCache' (OnClassCondition)\n\n   CachesEndpointAutoConfiguration:\n      Did not match:\n         - @ConditionalOnAvailableEndpoint not exposed (OnAvailableEndpointCondition)\n      Matched:\n         - @ConditionalOnClass found required class 'org.springframework.cache.CacheManager' (OnClassCondition)\n\n   CassandraAutoConfiguration:\n      Did not match:\n         - @ConditionalOnClass did not find required class 'com.datastax.oss.driver.api.core.CqlSession' (OnClassCondition)\n\n   CassandraDataAutoConfiguration:\n      Did not match:\n         - @ConditionalOnClass did not find required class 'com.datastax.oss.driver.api.core.CqlSession' (OnClassCondition)\n\n   CassandraHealthContributorAutoConfiguration:\n      Did not match:\n         - @ConditionalOnClass did not find required class 'com.datastax.oss.driver.api.core.CqlSession' (OnClassCondition)\n\n   CassandraReactiveDataAutoConfiguration:\n      Did not match:\n         - @ConditionalOnClass did not find required class 'com.datastax.oss.driver.api.core.CqlSession' (OnClassCondition)\n\n   CassandraReactiveHealthContributorAutoConfiguration:\n      Did not match:\n         - @ConditionalOnClass did not find required class 'com.datastax.oss.driver.api.core.CqlSession' (OnClassCondition)\n\n   CassandraReactiveRepositoriesAutoConfiguration:\n      Did not match:\n         - @ConditionalOnClass did not find required class 'org.springframework.data.cassandra.ReactiveSession' (OnClassCondition)\n\n   CassandraRepositoriesAutoConfiguration:\n      Did not match:\n         - @ConditionalOnClass did not find required class 'com.datastax.oss.driver.api.core.CqlSession' (OnClassCondition)\n\n   ChatGptRecommenderAutoConfiguration:\n      Did not match:\n         - @ConditionalOnProperty (recommender.chatgpt.enabled=true) did not find property 'enabled' (OnPropertyCondition)\n\n   org.springframework.boot.autoconfigure.web.reactive.function.client.ClientHttpConnectorAutoConfiguration:\n      Did not match:\n         - @ConditionalOnClass did not find required class 'org.springframework.web.reactive.function.client.WebClient' (OnClassCondition)\n\n   ClientHttpConnectorAutoConfiguration.ReactorNetty:\n      Did not match:\n         - @ConditionalOnClass did not find required class 'reactor.netty.http.client.HttpClient' (OnClassCondition)\n\n   CloudFoundryActuatorAutoConfiguration:\n      Did not match:\n         - @ConditionalOnCloudPlatform did not find CLOUD_FOUNDRY (OnCloudPlatformCondition)\n      Matched:\n         - @ConditionalOnClass found required class 'org.springframework.web.servlet.DispatcherServlet' (OnClassCondition)\n         - found 'session' scope (OnWebApplicationCondition)\n         - @ConditionalOnBooleanProperty (management.cloudfoundry.enabled=true) matched (OnPropertyCondition)\n\n   CodecsAutoConfiguration:\n      Did not match:\n         - @ConditionalOnClass did not find required class 'org.springframework.web.reactive.function.client.WebClient' (OnClassCondition)\n\n   CompositeMeterRegistryConfiguration:\n      Did not match:\n         - NoneNestedConditions 1 matched 1 did not; NestedCondition on CompositeMeterRegistryConfiguration.MultipleNonPrimaryMeterRegistriesCondition.SingleInjectableMeterRegistry @ConditionalOnSingleCandidate (types: io.micrometer.core.instrument.MeterRegistry; SearchStrategy: all) found a single bean 'simpleMeterRegistry'; NestedCondition on CompositeMeterRegistryConfiguration.MultipleNonPrimaryMeterRegistriesCondition.NoMeterRegistryCondition @ConditionalOnMissingBean (types: io.micrometer.core.instrument.MeterRegistry; SearchStrategy: all) found beans of type 'io.micrometer.core.instrument.MeterRegistry' simpleMeterRegistry (CompositeMeterRegistryConfiguration.MultipleNonPrimaryMeterRegistriesCondition)\n\n   ConditionsReportEndpointAutoConfiguration:\n      Did not match:\n         - @ConditionalOnAvailableEndpoint not exposed (OnAvailableEndpointCondition)\n\n   ConfigurationPropertiesReportEndpointAutoConfiguration:\n      Did not match:\n         - @ConditionalOnAvailableEndpoint not exposed (OnAvailableEndpointCondition)\n\n   ConnectionFactoryHealthContributorAutoConfiguration:\n      Did not match:\n         - @ConditionalOnClass did not find required class 'io.r2dbc.spi.ConnectionFactory' (OnClassCondition)\n\n   ConnectionPoolMetricsAutoConfiguration:\n      Did not match:\n         - @ConditionalOnClass did not find required class 'io.r2dbc.pool.ConnectionPool' (OnClassCondition)\n\n   CoreUiAutoConfiguration#darkModeMenuBarItemSupport:\n      Did not match:\n         - @ConditionalOnProperty (ui.dark-mode.enabled=true) did not find property 'enabled' (OnPropertyCondition)\n\n   CouchbaseAutoConfiguration:\n      Did not match:\n         - @ConditionalOnClass did not find required class 'com.couchbase.client.java.Cluster' (OnClassCondition)\n\n   CouchbaseCacheConfiguration:\n      Did not match:\n         - @ConditionalOnClass did not find required class 'com.couchbase.client.java.Cluster' (OnClassCondition)\n\n   CouchbaseDataAutoConfiguration:\n      Did not match:\n         - @ConditionalOnClass did not find required class 'com.couchbase.client.java.Bucket' (OnClassCondition)\n\n   CouchbaseHealthContributorAutoConfiguration:\n      Did not match:\n         - @ConditionalOnClass did not find required class 'com.couchbase.client.java.Cluster' (OnClassCondition)\n\n   CouchbaseReactiveDataAutoConfiguration:\n      Did not match:\n         - @ConditionalOnClass did not find required class 'com.couchbase.client.java.Cluster' (OnClassCondition)\n\n   CouchbaseReactiveHealthContributorAutoConfiguration:\n      Did not match:\n         - @ConditionalOnClass did not find required class 'com.couchbase.client.java.Cluster' (OnClassCondition)\n\n   CouchbaseReactiveRepositoriesAutoConfiguration:\n      Did not match:\n         - @ConditionalOnClass did not find required class 'com.couchbase.client.java.Cluster' (OnClassCondition)\n\n   CouchbaseRepositoriesAutoConfiguration:\n      Did not match:\n         - @ConditionalOnClass did not find required class 'com.couchbase.client.java.Bucket' (OnClassCondition)\n\n   CryptMapperConfig:\n      Did not match:\n         - @ConditionalOnProperty (wicket.core.requestmapper.cryptmapper.enabled) did not find property 'enabled' (OnPropertyCondition)\n\n   CustomXmlFormatLoader:\n      Did not match:\n         - @ConditionalOnProperty (format.custom-xml.enabled=true) did not find property 'enabled' (OnPropertyCondition)\n      Matched:\n         - @ConditionalOnWebApplication (required) found 'session' scope (OnWebApplicationCondition)\n\n   DashboardAutoConfiguration#legacyProjectExportMenuItem:\n      Did not match:\n         - @ConditionalOnExpression (#{!${websocket.enabled:true} or ${dashboard.legacy-export.enabled:false}}) resulted in false (OnExpressionCondition)\n\n   DataSourceAutoConfiguration.EmbeddedDatabaseConfiguration:\n      Did not match:\n         - EmbeddedDataSource spring.datasource.url is set (DataSourceAutoConfiguration.EmbeddedDatabaseCondition)\n\n   DataSourceCheckpointRestoreConfiguration:\n      Did not match:\n         - @ConditionalOnClass did not find required class 'org.crac.Resource' (OnClassCondition)\n\n   DataSourceConfiguration.Dbcp2:\n      Did not match:\n         - @ConditionalOnClass did not find required class 'org.apache.commons.dbcp2.BasicDataSource' (OnClassCondition)\n\n   DataSourceConfiguration.Generic:\n      Did not match:\n         - @ConditionalOnProperty (spring.datasource.type) did not find property 'spring.datasource.type' (OnPropertyCondition)\n\n   DataSourceConfiguration.OracleUcp:\n      Did not match:\n         - @ConditionalOnClass did not find required classes 'oracle.ucp.jdbc.PoolDataSourceImpl', 'oracle.jdbc.OracleConnection' (OnClassCondition)\n\n   DataSourceConfiguration.Tomcat:\n      Did not match:\n         - @ConditionalOnClass did not find required class 'org.apache.tomcat.jdbc.pool.DataSource' (OnClassCondition)\n\n   DataSourceJmxConfiguration:\n      Did not match:\n         - @ConditionalOnBooleanProperty (spring.jmx.enabled=true) did not find property 'spring.jmx.enabled' (OnPropertyCondition)\n\n   DataSourcePoolMetadataProvidersConfiguration.CommonsDbcp2PoolDataSourceMetadataProviderConfiguration:\n      Did not match:\n         - @ConditionalOnClass did not find required class 'org.apache.commons.dbcp2.BasicDataSource' (OnClassCondition)\n\n   DataSourcePoolMetadataProvidersConfiguration.OracleUcpPoolDataSourceMetadataProviderConfiguration:\n      Did not match:\n         - @ConditionalOnClass did not find required classes 'oracle.ucp.jdbc.PoolDataSource', 'oracle.jdbc.OracleConnection' (OnClassCondition)\n\n   DataSourcePoolMetadataProvidersConfiguration.TomcatDataSourcePoolMetadataProviderConfiguration:\n      Did not match:\n         - @ConditionalOnClass did not find required class 'org.apache.tomcat.jdbc.pool.DataSource' (OnClassCondition)\n\n   DataSourceTransactionManagerAutoConfiguration.JdbcTransactionManagerConfiguration#transactionManager:\n      Did not match:\n         - @ConditionalOnMissingBean (types: org.springframework.transaction.TransactionManager; SearchStrategy: all) found beans of type 'org.springframework.transaction.TransactionManager' transactionManager (OnBeanCondition)\n\n   DataStoreCassandraConfig:\n      Did not match:\n         - @ConditionalOnClass did not find required classes 'org.wicketstuff.datastores.cassandra.CassandraDataStore', 'com.datastax.driver.core.Session' (OnClassCondition)\n\n   DataStoreHazelcastConfig:\n      Did not match:\n         - @ConditionalOnClass did not find required classes 'com.hazelcast.core.HazelcastInstance', 'org.wicketstuff.datastores.hazelcast.HazelcastDataStore' (OnClassCondition)\n\n   DataStoreHttpSessionConfig:\n      Did not match:\n         - @ConditionalOnProperty (wicket.core.datastore.httpsession.enabled) did not find property 'enabled' (OnPropertyCondition)\n\n   DataStoreMemcachedConfig:\n      Did not match:\n         - @ConditionalOnClass did not find required classes 'net.spy.memcached.MemcachedClient', 'org.wicketstuff.datastores.memcached.MemcachedDataStore' (OnClassCondition)\n\n   DataStoreRedisConfig:\n      Did not match:\n         - @ConditionalOnClass did not find required classes 'redis.clients.jedis.Jedis', 'org.wicketstuff.datastores.redis.RedisDataStore' (OnClassCondition)\n\n   DatadogMetricsExportAutoConfiguration:\n      Did not match:\n         - @ConditionalOnClass did not find required class 'io.micrometer.datadog.DatadogMeterRegistry' (OnClassCondition)\n\n   DebugSettingsConfig:\n      Did not match:\n         - @ConditionalOnProperty (wicket.core.settings.debug.enabled) did not find property 'enabled' (OnPropertyCondition)\n\n   DeflatedJavaSerializerConfig:\n      Did not match:\n         - @ConditionalOnProperty (wicket.core.serializer.deflated.enabled) did not find property 'enabled' (OnPropertyCondition)\n\n   DiskStoreBrowserConfig:\n      Did not match:\n         - @ConditionalOnProperty (wicket.external.development.devutils.diskstorebrowser.enabled) did not find property 'enabled' (OnPropertyCondition)\n      Matched:\n         - @ConditionalOnClass found required class 'org.apache.wicket.devutils.pagestore.PageStorePage' (OnClassCondition)\n\n   DispatcherServletAutoConfiguration.DispatcherServletConfiguration#multipartResolver:\n      Did not match:\n         - @ConditionalOnBean (types: org.springframework.web.multipart.MultipartResolver; SearchStrategy: all) did not find any beans of type org.springframework.web.multipart.MultipartResolver (OnBeanCondition)\n\n   DocumentsMetricsImpl:\n      Did not match:\n         - @ConditionalOnProperty (monitoring.metrics.enabled=true) did not find property 'enabled' (OnPropertyCondition)\n\n   DocxSupportAutoConfiguration:\n      Did not match:\n         - @ConditionalOnProperty (format.docx.enabled=true) did not find property 'enabled' (OnPropertyCondition)\n\n   DynatraceMetricsExportAutoConfiguration:\n      Did not match:\n         - @ConditionalOnClass did not find required class 'io.micrometer.dynatrace.DynatraceMeterRegistry' (OnClassCondition)\n\n   ElasticMetricsExportAutoConfiguration:\n      Did not match:\n         - @ConditionalOnClass did not find required class 'io.micrometer.elastic.ElasticMeterRegistry' (OnClassCondition)\n\n   ElasticsearchClientAutoConfiguration:\n      Did not match:\n         - @ConditionalOnClass did not find required class 'co.elastic.clients.elasticsearch.ElasticsearchClient' (OnClassCondition)\n\n   ElasticsearchDataAutoConfiguration:\n      Did not match:\n         - @ConditionalOnClass did not find required class 'org.springframework.data.elasticsearch.client.elc.ElasticsearchTemplate' (OnClassCondition)\n\n   ElasticsearchReactiveHealthContributorAutoConfiguration:\n      Did not match:\n         - @ConditionalOnClass did not find required class 'org.springframework.data.elasticsearch.client.elc.ReactiveElasticsearchClient' (OnClassCondition)\n\n   ElasticsearchRepositoriesAutoConfiguration:\n      Did not match:\n         - @ConditionalOnClass did not find required class 'org.springframework.data.elasticsearch.repository.ElasticsearchRepository' (OnClassCondition)\n\n   ElasticsearchRestHealthContributorAutoConfiguration:\n      Did not match:\n         - @ConditionalOnClass did not find required class 'org.elasticsearch.client.RestClient' (OnClassCondition)\n\n   EmbeddedLdapAutoConfiguration:\n      Did not match:\n         - @ConditionalOnClass did not find required class 'com.unboundid.ldap.listener.InMemoryDirectoryServer' (OnClassCondition)\n\n   EmbeddedWebServerFactoryCustomizerAutoConfiguration.JettyWebServerFactoryCustomizerConfiguration:\n      Did not match:\n         - @ConditionalOnClass did not find required classes 'org.eclipse.jetty.server.Server', 'org.eclipse.jetty.ee10.webapp.WebAppContext' (OnClassCondition)\n\n   EmbeddedWebServerFactoryCustomizerAutoConfiguration.NettyWebServerFactoryCustomizerConfiguration:\n      Did not match:\n         - @ConditionalOnClass did not find required class 'reactor.netty.http.server.HttpServer' (OnClassCondition)\n\n   EmbeddedWebServerFactoryCustomizerAutoConfiguration.TomcatWebServerFactoryCustomizerConfiguration#tomcatVirtualThreadsProtocolHandlerCustomizer:\n      Did not match:\n         - @ConditionalOnThreading did not find VIRTUAL (OnThreadingCondition)\n\n   EmbeddedWebServerFactoryCustomizerAutoConfiguration.UndertowWebServerFactoryCustomizerConfiguration:\n      Did not match:\n         - @ConditionalOnClass did not find required classes 'io.undertow.Undertow', 'org.xnio.SslClientAuthMode' (OnClassCondition)\n\n   EnvironmentEndpointAutoConfiguration:\n      Did not match:\n         - @ConditionalOnAvailableEndpoint not exposed (OnAvailableEndpointCondition)\n\n   ErrorMvcAutoConfiguration#basicErrorController:\n      Did not match:\n         - @ConditionalOnMissingBean (types: org.springframework.boot.web.servlet.error.ErrorController; SearchStrategy: current) found beans of type 'org.springframework.boot.web.servlet.error.ErrorController' errorController (OnBeanCondition)\n\n   ErrorMvcAutoConfiguration.WhitelabelErrorViewConfiguration:\n      Did not match:\n         - @ConditionalOnBooleanProperty (server.error.whitelabel.enabled=true) found different value in property 'server.error.whitelabel.enabled' (OnPropertyCondition)\n\n   ErrorWebFluxAutoConfiguration:\n      Did not match:\n         - @ConditionalOnClass did not find required class 'org.springframework.web.reactive.config.WebFluxConfigurer' (OnClassCondition)\n\n   FlywayAutoConfiguration:\n      Did not match:\n         - @ConditionalOnClass did not find required class 'org.flywaydb.core.Flyway' (OnClassCondition)\n\n   FlywayEndpointAutoConfiguration:\n      Did not match:\n         - @ConditionalOnClass did not find required class 'org.flywaydb.core.Flyway' (OnClassCondition)\n\n   FreeMarkerAutoConfiguration:\n      Did not match:\n         - @ConditionalOnClass did not find required class 'freemarker.template.Configuration' (OnClassCondition)\n\n   GangliaMetricsExportAutoConfiguration:\n      Did not match:\n         - @ConditionalOnClass did not find required class 'io.micrometer.ganglia.GangliaMeterRegistry' (OnClassCondition)\n\n   GenericCacheConfiguration:\n      Did not match:\n         - @ConditionalOnBean (types: org.springframework.cache.Cache; SearchStrategy: all) did not find any beans of type org.springframework.cache.Cache (OnBeanCondition)\n      Matched:\n         - Cache org.springframework.boot.autoconfigure.cache.GenericCacheConfiguration automatic cache type (CacheCondition)\n\n   GraphQlAutoConfiguration:\n      Did not match:\n         - @ConditionalOnClass did not find required class 'graphql.GraphQL' (OnClassCondition)\n\n   GraphQlObservationAutoConfiguration:\n      Did not match:\n         - @ConditionalOnClass did not find required class 'graphql.GraphQL' (OnClassCondition)\n\n   GraphQlQueryByExampleAutoConfiguration:\n      Did not match:\n         - @ConditionalOnClass did not find required class 'graphql.GraphQL' (OnClassCondition)\n\n   GraphQlQuerydslAutoConfiguration:\n      Did not match:\n         - @ConditionalOnClass did not find required class 'com.querydsl.core.Query' (OnClassCondition)\n\n   GraphQlRSocketAutoConfiguration:\n      Did not match:\n         - @ConditionalOnClass did not find required class 'graphql.GraphQL' (OnClassCondition)\n\n   GraphQlReactiveQueryByExampleAutoConfiguration:\n      Did not match:\n         - @ConditionalOnClass did not find required class 'graphql.GraphQL' (OnClassCondition)\n\n   GraphQlReactiveQuerydslAutoConfiguration:\n      Did not match:\n         - @ConditionalOnClass did not find required class 'com.querydsl.core.Query' (OnClassCondition)\n\n   GraphQlWebFluxAutoConfiguration:\n      Did not match:\n         - @ConditionalOnClass did not find required class 'graphql.GraphQL' (OnClassCondition)\n\n   GraphQlWebFluxSecurityAutoConfiguration:\n      Did not match:\n         - @ConditionalOnClass did not find required class 'graphql.GraphQL' (OnClassCondition)\n\n   GraphQlWebMvcAutoConfiguration:\n      Did not match:\n         - @ConditionalOnClass did not find required class 'graphql.GraphQL' (OnClassCondition)\n\n   GraphQlWebMvcSecurityAutoConfiguration:\n      Did not match:\n         - @ConditionalOnClass did not find required class 'graphql.GraphQL' (OnClassCondition)\n\n   GraphiteMetricsExportAutoConfiguration:\n      Did not match:\n         - @ConditionalOnClass did not find required class 'io.micrometer.graphite.GraphiteMeterRegistry' (OnClassCondition)\n\n   GroovyTemplateAutoConfiguration:\n      Did not match:\n         - @ConditionalOnClass did not find required class 'groovy.text.markup.MarkupTemplateEngine' (OnClassCondition)\n\n   GsonHttpMessageConvertersConfiguration.GsonHttpMessageConverterConfiguration:\n      Did not match:\n         - AnyNestedCondition 0 matched 2 did not; NestedCondition on GsonHttpMessageConvertersConfiguration.PreferGsonOrJacksonAndJsonbUnavailableCondition.JacksonJsonbUnavailable NoneNestedConditions 1 matched 1 did not; NestedCondition on GsonHttpMessageConvertersConfiguration.JacksonAndJsonbUnavailableCondition.JsonbPreferred @ConditionalOnPreferredJsonMapper JSONB no property was configured and Jackson is the default; NestedCondition on GsonHttpMessageConvertersConfiguration.JacksonAndJsonbUnavailableCondition.JacksonAvailable @ConditionalOnBean (types: org.springframework.http.converter.json.MappingJackson2HttpMessageConverter; SearchStrategy: all) found bean 'mappingJackson2HttpMessageConverter'; NestedCondition on GsonHttpMessageConvertersConfiguration.PreferGsonOrJacksonAndJsonbUnavailableCondition.GsonPreferred @ConditionalOnPreferredJsonMapper GSON no property was configured and Jackson is the default (GsonHttpMessageConvertersConfiguration.PreferGsonOrJacksonAndJsonbUnavailableCondition)\n\n   H2ConsoleAutoConfiguration:\n      Did not match:\n         - @ConditionalOnClass did not find required class 'org.h2.server.web.JakartaWebServlet' (OnClassCondition)\n\n   HazelcastAutoConfiguration:\n      Did not match:\n         - @ConditionalOnClass did not find required class 'com.hazelcast.core.HazelcastInstance' (OnClassCondition)\n\n   HazelcastCacheConfiguration:\n      Did not match:\n         - @ConditionalOnClass did not find required class 'com.hazelcast.core.HazelcastInstance' (OnClassCondition)\n\n   HazelcastHealthContributorAutoConfiguration:\n      Did not match:\n         - @ConditionalOnClass did not find required class 'com.hazelcast.core.HazelcastInstance' (OnClassCondition)\n\n   HazelcastJpaDependencyAutoConfiguration:\n      Did not match:\n         - @ConditionalOnClass did not find required class 'com.hazelcast.core.HazelcastInstance' (OnClassCondition)\n\n   HealthEndpointReactiveWebExtensionConfiguration:\n      Did not match:\n         - did not find reactive web application classes (OnWebApplicationCondition)\n\n   HealthEndpointWebExtensionConfiguration.JerseyAdditionalHealthEndpointPathsConfiguration:\n      Did not match:\n         - @ConditionalOnClass did not find required class 'org.glassfish.jersey.server.ResourceConfig' (OnClassCondition)\n\n   HeapDumpWebEndpointAutoConfiguration:\n      Did not match:\n         - @ConditionalOnAvailableEndpoint the configured access for endpoint 'heapdump' is NONE (OnAvailableEndpointCondition)\n\n   HfRecommenderAutoConfiguration:\n      Did not match:\n         - @ConditionalOnProperty (recommender.hf.enabled=true) did not find property 'enabled' (OnPropertyCondition)\n\n   HibernateMetricsAutoConfiguration:\n      Did not match:\n         - @ConditionalOnClass did not find required class 'org.hibernate.stat.HibernateMetrics' (OnClassCondition)\n\n   HtmlSupportAutoConfiguration#htmlArchiveFormatSupport:\n      Did not match:\n         - @ConditionalOnProperty (format.html-zip.enabled=true) did not find property 'enabled' (OnPropertyCondition)\n\n   HtmlSupportAutoConfiguration#legacyHtmlFormatSupport:\n      Did not match:\n         - @ConditionalOnProperty (format.html-legacy.enabled=true) did not find property 'enabled' (OnPropertyCondition)\n\n   HtmlSupportAutoConfiguration#mhtmlFormatSupport:\n      Did not match:\n         - @ConditionalOnProperty (format.mhtml.enabled=true) did not find property 'enabled' (OnPropertyCondition)\n\n   HttpExchangesAutoConfiguration:\n      Did not match:\n         - @ConditionalOnBean (types: org.springframework.boot.actuate.web.exchanges.HttpExchangeRepository; SearchStrategy: all) did not find any beans of type org.springframework.boot.actuate.web.exchanges.HttpExchangeRepository (OnBeanCondition)\n      Matched:\n         - @ConditionalOnWebApplication (required) found 'session' scope (OnWebApplicationCondition)\n         - @ConditionalOnBooleanProperty (management.httpexchanges.recording.enabled=true) matched (OnPropertyCondition)\n\n   HttpExchangesAutoConfiguration.ReactiveHttpExchangesConfiguration:\n      Did not match:\n         - did not find reactive web application classes (OnWebApplicationCondition)\n         - Ancestor org.springframework.boot.actuate.autoconfigure.web.exchanges.HttpExchangesAutoConfiguration did not match (ConditionEvaluationReport.AncestorsMatchedCondition)\n\n   HttpExchangesAutoConfiguration.ServletHttpExchangesConfiguration:\n      Did not match:\n         - Ancestor org.springframework.boot.actuate.autoconfigure.web.exchanges.HttpExchangesAutoConfiguration did not match (ConditionEvaluationReport.AncestorsMatchedCondition)\n      Matched:\n         - found 'session' scope (OnWebApplicationCondition)\n\n   HttpExchangesEndpointAutoConfiguration:\n      Did not match:\n         - @ConditionalOnAvailableEndpoint not exposed (OnAvailableEndpointCondition)\n\n   HttpHandlerAutoConfiguration:\n      Did not match:\n         - @ConditionalOnClass did not find required class 'org.springframework.web.reactive.DispatcherHandler' (OnClassCondition)\n\n   HumioMetricsExportAutoConfiguration:\n      Did not match:\n         - @ConditionalOnClass did not find required class 'io.micrometer.humio.HumioMeterRegistry' (OnClassCondition)\n\n   HypermediaAutoConfiguration:\n      Did not match:\n         - @ConditionalOnClass did not find required class 'org.springframework.hateoas.EntityModel' (OnClassCondition)\n\n   InceptionBasicProjectInitializersAutoConfiguration#basicRelationRecommenderInitializer:\n      Did not match:\n         - @ConditionalOnBean (types: de.tudarmstadt.ukp.inception.recommendation.api.RecommendationService,de.tudarmstadt.ukp.inception.recommendation.imls.stringmatch.relation.StringMatchingRelationRecommenderFactory,de.tudarmstadt.ukp.inception.project.initializers.basic.BasicSpanRecommenderInitializer; SearchStrategy: all) did not find any beans of type de.tudarmstadt.ukp.inception.recommendation.imls.stringmatch.relation.StringMatchingRelationRecommenderFactory (OnBeanCondition)\n\n   InceptionCliCommand:\n      Did not match:\n         - @ConditionalOnWebApplication found 'session' scope and did not find reactive web application classes (OnWebApplicationCondition)\n\n   InceptionCliRunner:\n      Did not match:\n         - @ConditionalOnWebApplication found 'session' scope and did not find reactive web application classes (OnWebApplicationCondition)\n\n   InfinispanCacheConfiguration:\n      Did not match:\n         - @ConditionalOnClass did not find required class 'org.infinispan.spring.embedded.provider.SpringEmbeddedCacheManager' (OnClassCondition)\n\n   InfluxMetricsExportAutoConfiguration:\n      Did not match:\n         - @ConditionalOnClass did not find required class 'io.micrometer.influx.InfluxMeterRegistry' (OnClassCondition)\n\n   InfoContributorAutoConfiguration#buildInfoContributor:\n      Did not match:\n         - @ConditionalOnSingleCandidate (types: org.springframework.boot.info.BuildProperties; SearchStrategy: all) did not find any beans (OnBeanCondition)\n      Matched:\n         - @ConditionalOnEnabledInfoContributor management.info.defaults.enabled is considered true (OnEnabledInfoContributorCondition)\n\n   InfoContributorAutoConfiguration#envInfoContributor:\n      Did not match:\n         - @ConditionalOnEnabledInfoContributor management.info.env.enabled is not true (OnEnabledInfoContributorCondition)\n\n   InfoContributorAutoConfiguration#gitInfoContributor:\n      Did not match:\n         - @ConditionalOnSingleCandidate (types: org.springframework.boot.info.GitProperties; SearchStrategy: all) did not find any beans (OnBeanCondition)\n      Matched:\n         - @ConditionalOnEnabledInfoContributor management.info.defaults.enabled is considered true (OnEnabledInfoContributorCondition)\n\n   InfoContributorAutoConfiguration#javaInfoContributor:\n      Did not match:\n         - @ConditionalOnEnabledInfoContributor management.info.java.enabled is not true (OnEnabledInfoContributorCondition)\n\n   InfoContributorAutoConfiguration#osInfoContributor:\n      Did not match:\n         - @ConditionalOnEnabledInfoContributor management.info.os.enabled is not true (OnEnabledInfoContributorCondition)\n\n   InfoContributorAutoConfiguration#processInfoContributor:\n      Did not match:\n         - @ConditionalOnEnabledInfoContributor management.info.process.enabled is not true (OnEnabledInfoContributorCondition)\n\n   InfoContributorAutoConfiguration#sslInfo:\n      Did not match:\n         - @ConditionalOnEnabledInfoContributor management.info.ssl.enabled is not true (OnEnabledInfoContributorCondition)\n      Matched:\n         - @ConditionalOnMissingBean (types: org.springframework.boot.info.SslInfo; SearchStrategy: all) did not find any beans (OnBeanCondition)\n\n   InfoContributorAutoConfiguration#sslInfoContributor:\n      Did not match:\n         - @ConditionalOnEnabledInfoContributor management.info.ssl.enabled is not true (OnEnabledInfoContributorCondition)\n\n   InfoEndpointAutoConfiguration:\n      Did not match:\n         - @ConditionalOnAvailableEndpoint not exposed (OnAvailableEndpointCondition)\n\n   IntegrationAutoConfiguration:\n      Did not match:\n         - @ConditionalOnClass did not find required class 'org.springframework.integration.config.EnableIntegration' (OnClassCondition)\n\n   IntegrationGraphEndpointAutoConfiguration:\n      Did not match:\n         - @ConditionalOnClass did not find required class 'org.springframework.integration.graph.IntegrationGraphServer' (OnClassCondition)\n\n   IntertextAutoConfiguration:\n      Did not match:\n         - @ConditionalOnProperty (format.intertext.enabled=true) did not find property 'enabled' (OnPropertyCondition)\n\n   InviteServiceAutoConfiguration:\n      Did not match:\n         - @ConditionalOnExpression (#{${sharing.invites.enabled:false} and !('${restoreDefaultAdminAccount:false}' != 'false')}) resulted in false (OnExpressionCondition)\n\n   JCacheCacheConfiguration:\n      Did not match:\n         - @ConditionalOnClass did not find required class 'javax.cache.Caching' (OnClassCondition)\n\n   JamonConfig:\n      Did not match:\n         - @ConditionalOnClass did not find required class 'org.wicketstuff.jamon.request.cycle.JamonAwareRequestCycleListener' (OnClassCondition)\n\n   JdbcRepositoriesAutoConfiguration:\n      Did not match:\n         - @ConditionalOnClass did not find required class 'org.springframework.data.jdbc.repository.config.AbstractJdbcConfiguration' (OnClassCondition)\n\n   JerseyAutoConfiguration:\n      Did not match:\n         - @ConditionalOnClass did not find required class 'org.glassfish.jersey.server.spring.SpringComponentProvider' (OnClassCondition)\n\n   JerseySameManagementContextConfiguration:\n      Did not match:\n         - @ConditionalOnClass did not find required class 'org.glassfish.jersey.server.ResourceConfig' (OnClassCondition)\n\n   JerseyServerMetricsAutoConfiguration:\n      Did not match:\n         - @ConditionalOnClass did not find required class 'org.glassfish.jersey.micrometer.server.ObservationApplicationEventListener' (OnClassCondition)\n\n   JerseyWebEndpointManagementContextConfiguration:\n      Did not match:\n         - @ConditionalOnClass did not find required class 'org.glassfish.jersey.server.ResourceConfig' (OnClassCondition)\n\n   JettyMetricsAutoConfiguration:\n      Did not match:\n         - @ConditionalOnClass did not find required class 'org.eclipse.jetty.server.Server' (OnClassCondition)\n\n   JmsAutoConfiguration:\n      Did not match:\n         - @ConditionalOnClass did not find required class 'jakarta.jms.Message' (OnClassCondition)\n\n   JmsHealthContributorAutoConfiguration:\n      Did not match:\n         - @ConditionalOnClass did not find required class 'jakarta.jms.ConnectionFactory' (OnClassCondition)\n\n   JmxAutoConfiguration:\n      Did not match:\n         - @ConditionalOnBooleanProperty (spring.jmx.enabled=true) did not find property 'spring.jmx.enabled' (OnPropertyCondition)\n      Matched:\n         - @ConditionalOnClass found required class 'org.springframework.jmx.export.MBeanExporter' (OnClassCondition)\n\n   JmxEndpointAutoConfiguration:\n      Did not match:\n         - @ConditionalOnBooleanProperty (spring.jmx.enabled=true) did not find property 'spring.jmx.enabled' (OnPropertyCondition)\n\n   JmxMetricsExportAutoConfiguration:\n      Did not match:\n         - @ConditionalOnClass did not find required class 'io.micrometer.jmx.JmxMeterRegistry' (OnClassCondition)\n\n   JndiConnectionFactoryAutoConfiguration:\n      Did not match:\n         - @ConditionalOnClass did not find required class 'org.springframework.jms.core.JmsTemplate' (OnClassCondition)\n\n   JndiDataSourceAutoConfiguration:\n      Did not match:\n         - @ConditionalOnProperty (spring.datasource.jndi-name) did not find property 'spring.datasource.jndi-name' (OnPropertyCondition)\n      Matched:\n         - @ConditionalOnClass found required classes 'javax.sql.DataSource', 'org.springframework.jdbc.datasource.embedded.EmbeddedDatabaseType' (OnClassCondition)\n\n   JndiJtaConfiguration:\n      Did not match:\n         - @ConditionalOnJndi JNDI environment is not available (OnJndiCondition)\n      Matched:\n         - @ConditionalOnClass found required class 'org.springframework.transaction.jta.JtaTransactionManager' (OnClassCondition)\n\n   JooqAutoConfiguration:\n      Did not match:\n         - @ConditionalOnClass did not find required class 'org.jooq.DSLContext' (OnClassCondition)\n\n   JpaBaseConfiguration.JpaWebConfiguration:\n      Did not match:\n         - @ConditionalOnMissingBean (types: org.springframework.orm.jpa.support.OpenEntityManagerInViewInterceptor,org.springframework.orm.jpa.support.OpenEntityManagerInViewFilter; SearchStrategy: all) found beans of type 'org.springframework.orm.jpa.support.OpenEntityManagerInViewFilter' perRequestJpaSession (OnBeanCondition)\n      Matched:\n         - @ConditionalOnClass found required class 'org.springframework.web.servlet.config.annotation.WebMvcConfigurer' (OnClassCondition)\n         - found 'session' scope (OnWebApplicationCondition)\n         - @ConditionalOnBooleanProperty (spring.jpa.open-in-view=true) matched (OnPropertyCondition)\n\n   JpaRepositoriesAutoConfiguration#entityManagerFactoryBootstrapExecutorCustomizer:\n      Did not match:\n         - AnyNestedCondition 0 matched 2 did not; NestedCondition on JpaRepositoriesAutoConfiguration.BootstrapExecutorCondition.LazyBootstrapMode @ConditionalOnProperty (spring.data.jpa.repositories.bootstrap-mode=lazy) did not find property 'spring.data.jpa.repositories.bootstrap-mode'; NestedCondition on JpaRepositoriesAutoConfiguration.BootstrapExecutorCondition.DeferredBootstrapMode @ConditionalOnProperty (spring.data.jpa.repositories.bootstrap-mode=deferred) did not find property 'spring.data.jpa.repositories.bootstrap-mode' (JpaRepositoriesAutoConfiguration.BootstrapExecutorCondition)\n\n   JsonbAutoConfiguration:\n      Did not match:\n         - @ConditionalOnClass did not find required class 'jakarta.json.bind.Jsonb' (OnClassCondition)\n\n   JsonbHttpMessageConvertersConfiguration:\n      Did not match:\n         - @ConditionalOnClass did not find required class 'jakarta.json.bind.Jsonb' (OnClassCondition)\n\n   JvmMetricsAutoConfiguration#virtualThreadMetrics:\n      Did not match:\n         - @ConditionalOnClass did not find required class 'io.micrometer.java21.instrument.binder.jdk.VirtualThreadMetrics' (OnClassCondition)\n\n   KafkaAutoConfiguration:\n      Did not match:\n         - @ConditionalOnClass did not find required class 'org.springframework.kafka.core.KafkaTemplate' (OnClassCondition)\n\n   KafkaMetricsAutoConfiguration:\n      Did not match:\n         - @ConditionalOnClass did not find required class 'org.springframework.kafka.core.ProducerFactory' (OnClassCondition)\n\n   KairosMetricsExportAutoConfiguration:\n      Did not match:\n         - @ConditionalOnClass did not find required class 'io.micrometer.kairos.KairosMeterRegistry' (OnClassCondition)\n\n   LdapAutoConfiguration:\n      Did not match:\n         - @ConditionalOnClass did not find required class 'org.springframework.ldap.core.ContextSource' (OnClassCondition)\n\n   LdapHealthContributorAutoConfiguration:\n      Did not match:\n         - @ConditionalOnClass did not find required class 'org.springframework.ldap.core.LdapOperations' (OnClassCondition)\n\n   LdapRepositoriesAutoConfiguration:\n      Did not match:\n         - @ConditionalOnClass did not find required class 'org.springframework.data.ldap.repository.LdapRepository' (OnClassCondition)\n\n   LegacyRemoteApiController:\n      Did not match:\n         - @ConditionalOnExpression (#{false}) resulted in false (OnExpressionCondition)\n\n   LettuceMetricsAutoConfiguration:\n      Did not match:\n         - @ConditionalOnClass did not find required class 'io.lettuce.core.metrics.MicrometerCommandLatencyRecorder' (OnClassCondition)\n\n   LiquibaseAutoConfiguration.CustomizerConfiguration#springLiquibaseCustomizer:\n      Did not match:\n         - @ConditionalOnBean (types: liquibase.integration.spring.Customizer; SearchStrategy: all) did not find any beans of type liquibase.integration.spring.Customizer (OnBeanCondition)\n\n   LiquibaseEndpointAutoConfiguration:\n      Did not match:\n         - @ConditionalOnAvailableEndpoint not exposed (OnAvailableEndpointCondition)\n      Matched:\n         - @ConditionalOnClass found required class 'liquibase.integration.spring.SpringLiquibase' (OnClassCondition)\n\n   LogFileWebEndpointAutoConfiguration:\n      Did not match:\n         - @ConditionalOnAvailableEndpoint not exposed (OnAvailableEndpointCondition)\n\n   LogbackMetricsAutoConfiguration:\n      Did not match:\n         - @ConditionalOnClass did not find required class 'ch.qos.logback.classic.LoggerContext' (OnClassCondition)\n\n   LoggersEndpointAutoConfiguration:\n      Did not match:\n         - @ConditionalOnAvailableEndpoint not exposed (OnAvailableEndpointCondition)\n\n   LookupServiceAutoConfiguration:\n      Did not match:\n         - @ConditionalOnProperty (annotation.feature-support.lookup.enabled=true) did not find property 'enabled' (OnPropertyCondition)\n\n   MailHealthContributorAutoConfiguration:\n      Did not match:\n         - @ConditionalOnBean (types: org.springframework.mail.javamail.JavaMailSenderImpl; SearchStrategy: all) did not find any beans of type org.springframework.mail.javamail.JavaMailSenderImpl (OnBeanCondition)\n      Matched:\n         - @ConditionalOnClass found required class 'org.springframework.mail.javamail.JavaMailSenderImpl' (OnClassCondition)\n         - @ConditionalOnEnabledHealthIndicator management.health.defaults.enabled is considered true (OnEnabledHealthIndicatorCondition)\n\n   MailSenderAutoConfiguration:\n      Did not match:\n         - @ConditionalOnClass did not find required class 'jakarta.mail.internet.MimeMessage' (OnClassCondition)\n\n   MailSenderValidatorAutoConfiguration:\n      Did not match:\n         - @ConditionalOnBooleanProperty (spring.mail.test-connection=true) did not find property 'spring.mail.test-connection' (OnPropertyCondition)\n\n   ManagementContextAutoConfiguration.DifferentManagementContextConfiguration:\n      Did not match:\n         - Management Port actual port type (SAME) did not match required type (DIFFERENT) (OnManagementPortCondition)\n\n   ManagementWebSecurityAutoConfiguration:\n      Did not match:\n         - AllNestedConditions 1 matched 1 did not; NestedCondition on DefaultWebSecurityCondition.Beans @ConditionalOnMissingBean (types: org.springframework.security.web.SecurityFilterChain; SearchStrategy: all) found beans of type 'org.springframework.security.web.SecurityFilterChain' remoteApiFilterChain, webUiFilterChain, actuatorFilterChain, uiApiFilterChain, uiViewFilterChain; NestedCondition on DefaultWebSecurityCondition.Classes @ConditionalOnClass found required classes 'org.springframework.security.web.SecurityFilterChain', 'org.springframework.security.config.annotation.web.builders.HttpSecurity' (DefaultWebSecurityCondition)\n      Matched:\n         - found 'session' scope (OnWebApplicationCondition)\n\n   MappingsEndpointAutoConfiguration:\n      Did not match:\n         - @ConditionalOnAvailableEndpoint not exposed (OnAvailableEndpointCondition)\n\n   MessageSourceAutoConfiguration:\n      Did not match:\n         - ResourceBundle did not find bundle with basename messages (MessageSourceAutoConfiguration.ResourceBundleCondition)\n\n   MetricsAspectsAutoConfiguration:\n      Did not match:\n         - @ConditionalOnBooleanProperty (management.observations.annotations.enabled=true) did not find property 'management.observations.annotations.enabled' (OnPropertyCondition)\n      Matched:\n         - @ConditionalOnClass found required classes 'io.micrometer.core.instrument.MeterRegistry', 'org.aspectj.weaver.Advice' (OnClassCondition)\n\n   MetricsEndpointAutoConfiguration:\n      Did not match:\n         - @ConditionalOnAvailableEndpoint not exposed (OnAvailableEndpointCondition)\n      Matched:\n         - @ConditionalOnClass found required class 'io.micrometer.core.annotation.Timed' (OnClassCondition)\n\n   MicrometerTracingAutoConfiguration:\n      Did not match:\n         - @ConditionalOnClass did not find required class 'io.micrometer.tracing.Tracer' (OnClassCondition)\n\n   MongoAutoConfiguration:\n      Did not match:\n         - @ConditionalOnClass did not find required class 'com.mongodb.client.MongoClient' (OnClassCondition)\n\n   MongoDataAutoConfiguration:\n      Did not match:\n         - @ConditionalOnClass did not find required class 'com.mongodb.client.MongoClient' (OnClassCondition)\n\n   MongoHealthContributorAutoConfiguration:\n      Did not match:\n         - @ConditionalOnClass did not find required class 'org.springframework.data.mongodb.core.MongoTemplate' (OnClassCondition)\n\n   MongoMetricsAutoConfiguration:\n      Did not match:\n         - @ConditionalOnClass did not find required class 'com.mongodb.MongoClientSettings' (OnClassCondition)\n\n   MongoReactiveAutoConfiguration:\n      Did not match:\n         - @ConditionalOnClass did not find required class 'com.mongodb.reactivestreams.client.MongoClient' (OnClassCondition)\n\n   MongoReactiveDataAutoConfiguration:\n      Did not match:\n         - @ConditionalOnClass did not find required class 'com.mongodb.reactivestreams.client.MongoClient' (OnClassCondition)\n\n   MongoReactiveHealthContributorAutoConfiguration:\n      Did not match:\n         - @ConditionalOnClass did not find required class 'org.springframework.data.mongodb.core.ReactiveMongoTemplate' (OnClassCondition)\n\n   MongoReactiveRepositoriesAutoConfiguration:\n      Did not match:\n         - @ConditionalOnClass did not find required class 'com.mongodb.reactivestreams.client.MongoClient' (OnClassCondition)\n\n   MongoRepositoriesAutoConfiguration:\n      Did not match:\n         - @ConditionalOnClass did not find required class 'com.mongodb.client.MongoClient' (OnClassCondition)\n\n   MultipleOpenApiSupportConfiguration.SpringDocWebMvcActuatorDifferentConfiguration:\n      Did not match:\n         - Management Port actual port type (SAME) did not match required type (DIFFERENT) (OnManagementPortCondition)\n      Matched:\n         - @ConditionalOnClass found required class 'org.springframework.boot.actuate.endpoint.web.servlet.WebMvcEndpointHandlerMapping' (OnClassCondition)\n\n   MustacheAutoConfiguration:\n      Did not match:\n         - @ConditionalOnClass did not find required class 'com.samskivert.mustache.Mustache' (OnClassCondition)\n\n   Neo4jAutoConfiguration:\n      Did not match:\n         - @ConditionalOnClass did not find required class 'org.neo4j.driver.Driver' (OnClassCondition)\n\n   Neo4jDataAutoConfiguration:\n      Did not match:\n         - @ConditionalOnClass did not find required class 'org.neo4j.driver.Driver' (OnClassCondition)\n\n   Neo4jHealthContributorAutoConfiguration:\n      Did not match:\n         - @ConditionalOnClass did not find required class 'org.neo4j.driver.Driver' (OnClassCondition)\n\n   Neo4jReactiveDataAutoConfiguration:\n      Did not match:\n         - @ConditionalOnClass did not find required class 'org.neo4j.driver.Driver' (OnClassCondition)\n\n   Neo4jReactiveRepositoriesAutoConfiguration:\n      Did not match:\n         - @ConditionalOnClass did not find required class 'org.neo4j.driver.Driver' (OnClassCondition)\n\n   Neo4jRepositoriesAutoConfiguration:\n      Did not match:\n         - @ConditionalOnClass did not find required class 'org.neo4j.driver.Driver' (OnClassCondition)\n\n   NewRelicMetricsExportAutoConfiguration:\n      Did not match:\n         - @ConditionalOnClass did not find required class 'io.micrometer.newrelic.NewRelicMeterRegistry' (OnClassCondition)\n\n   NoOpCacheConfiguration:\n      Did not match:\n         - @ConditionalOnMissingBean (types: org.springframework.cache.CacheManager; SearchStrategy: all) found beans of type 'org.springframework.cache.CacheManager' cacheManager (OnBeanCondition)\n      Matched:\n         - Cache org.springframework.boot.autoconfigure.cache.NoOpCacheConfiguration automatic cache type (CacheCondition)\n\n   NoOpMeterRegistryConfiguration:\n      Did not match:\n         - @ConditionalOnMissingBean (types: io.micrometer.core.instrument.MeterRegistry; SearchStrategy: all) found beans of type 'io.micrometer.core.instrument.MeterRegistry' simpleMeterRegistry (OnBeanCondition)\n\n   NoopTracerAutoConfiguration:\n      Did not match:\n         - @ConditionalOnClass did not find required class 'io.micrometer.tracing.Tracer' (OnClassCondition)\n\n   OAuth2AuthorizationServerAutoConfiguration:\n      Did not match:\n         - @ConditionalOnClass did not find required class 'org.springframework.security.oauth2.server.authorization.OAuth2Authorization' (OnClassCondition)\n\n   OAuth2AuthorizationServerJwtAutoConfiguration:\n      Did not match:\n         - @ConditionalOnClass did not find required class 'org.springframework.security.oauth2.server.authorization.OAuth2Authorization' (OnClassCondition)\n\n   OAuth2ClientConfigurations.ClientRegistrationRepositoryConfiguration:\n      Did not match:\n         - OAuth2 Clients Configured Condition registered clients is not available (ClientsConfiguredCondition)\n\n   OAuth2ClientConfigurations.OAuth2AuthorizedClientServiceConfiguration:\n      Did not match:\n         - @ConditionalOnBean (types: org.springframework.security.oauth2.client.registration.ClientRegistrationRepository; SearchStrategy: all) did not find any beans of type org.springframework.security.oauth2.client.registration.ClientRegistrationRepository (OnBeanCondition)\n\n   OAuth2ClientWebSecurityAutoConfiguration:\n      Did not match:\n         - @ConditionalOnBean (types: org.springframework.security.oauth2.client.OAuth2AuthorizedClientService; SearchStrategy: all) did not find any beans of type org.springframework.security.oauth2.client.OAuth2AuthorizedClientService (OnBeanCondition)\n      Matched:\n         - @ConditionalOnClass found required classes 'org.springframework.security.config.annotation.web.configuration.EnableWebSecurity', 'org.springframework.security.oauth2.client.web.OAuth2AuthorizedClientRepository' (OnClassCondition)\n         - found 'session' scope (OnWebApplicationCondition)\n\n   OAuth2ResourceServerJwtConfiguration.JwtConverterConfiguration:\n      Did not match:\n         - AnyNestedCondition 0 matched 3 did not; NestedCondition on OAuth2ResourceServerJwtConfiguration.JwtConverterPropertiesCondition.OnAuthoritiesClaimName @ConditionalOnProperty (spring.security.oauth2.resourceserver.jwt.authorities-claim-name) did not find property 'spring.security.oauth2.resourceserver.jwt.authorities-claim-name'; NestedCondition on OAuth2ResourceServerJwtConfiguration.JwtConverterPropertiesCondition.OnPrincipalClaimName @ConditionalOnProperty (spring.security.oauth2.resourceserver.jwt.principal-claim-name) did not find property 'spring.security.oauth2.resourceserver.jwt.principal-claim-name'; NestedCondition on OAuth2ResourceServerJwtConfiguration.JwtConverterPropertiesCondition.OnAuthorityPrefix @ConditionalOnProperty (spring.security.oauth2.resourceserver.jwt.authority-prefix) did not find property 'spring.security.oauth2.resourceserver.jwt.authority-prefix' (OAuth2ResourceServerJwtConfiguration.JwtConverterPropertiesCondition)\n\n   OAuth2ResourceServerJwtConfiguration.JwtDecoderConfiguration#jwtDecoderByIssuerUri:\n      Did not match:\n         - OpenID Connect Issuer URI Condition did not find issuer-uri property (IssuerUriCondition)\n\n   OAuth2ResourceServerJwtConfiguration.JwtDecoderConfiguration#jwtDecoderByJwkKeySetUri:\n      Did not match:\n         - @ConditionalOnProperty (spring.security.oauth2.resourceserver.jwt.jwk-set-uri) did not find property 'spring.security.oauth2.resourceserver.jwt.jwk-set-uri' (OnPropertyCondition)\n\n   OAuth2ResourceServerJwtConfiguration.JwtDecoderConfiguration#jwtDecoderByPublicKeyValue:\n      Did not match:\n         - Public Key Value Condition did not find public-key-location property (KeyValueCondition)\n\n   OAuth2ResourceServerJwtConfiguration.OAuth2SecurityFilterChainConfiguration:\n      Did not match:\n         - AllNestedConditions 1 matched 1 did not; NestedCondition on DefaultWebSecurityCondition.Beans @ConditionalOnMissingBean (types: org.springframework.security.web.SecurityFilterChain; SearchStrategy: all) found beans of type 'org.springframework.security.web.SecurityFilterChain' remoteApiFilterChain, webUiFilterChain, actuatorFilterChain, uiApiFilterChain, uiViewFilterChain; NestedCondition on DefaultWebSecurityCondition.Classes @ConditionalOnClass found required classes 'org.springframework.security.web.SecurityFilterChain', 'org.springframework.security.config.annotation.web.builders.HttpSecurity' (DefaultWebSecurityCondition)\n\n   OAuth2ResourceServerOpaqueTokenConfiguration.OAuth2SecurityFilterChainConfiguration:\n      Did not match:\n         - AllNestedConditions 1 matched 1 did not; NestedCondition on DefaultWebSecurityCondition.Beans @ConditionalOnMissingBean (types: org.springframework.security.web.SecurityFilterChain; SearchStrategy: all) found beans of type 'org.springframework.security.web.SecurityFilterChain' remoteApiFilterChain, webUiFilterChain, actuatorFilterChain, uiApiFilterChain, uiViewFilterChain; NestedCondition on DefaultWebSecurityCondition.Classes @ConditionalOnClass found required classes 'org.springframework.security.web.SecurityFilterChain', 'org.springframework.security.config.annotation.web.builders.HttpSecurity' (DefaultWebSecurityCondition)\n\n   OAuth2ResourceServerOpaqueTokenConfiguration.OpaqueTokenIntrospectionClientConfiguration#opaqueTokenIntrospector:\n      Did not match:\n         - @ConditionalOnProperty (spring.security.oauth2.resourceserver.opaquetoken.introspection-uri) did not find property 'spring.security.oauth2.resourceserver.opaquetoken.introspection-uri' (OnPropertyCondition)\n\n   ObservationAutoConfiguration.MeterObservationHandlerConfiguration.TracingAndMetricsObservationHandlerConfiguration:\n      Did not match:\n         - @ConditionalOnBean did not find required type 'io.micrometer.tracing.Tracer' (OnBeanCondition)\n         - @ConditionalOnBean (types: ?; SearchStrategy: all) did not find any beans of type ? (OnBeanCondition)\n\n   ObservationAutoConfiguration.MetricsWithTracingConfiguration:\n      Did not match:\n         - @ConditionalOnClass did not find required class 'io.micrometer.tracing.Tracer' (OnClassCondition)\n\n   ObservationAutoConfiguration.ObservedAspectConfiguration:\n      Did not match:\n         - @ConditionalOnBooleanProperty (management.observations.annotations.enabled=true) did not find property 'management.observations.annotations.enabled' (OnPropertyCondition)\n      Matched:\n         - @ConditionalOnClass found required class 'org.aspectj.weaver.Advice' (OnClassCondition)\n\n   ObservationAutoConfiguration.OnlyTracingConfiguration:\n      Did not match:\n         - @ConditionalOnClass did not find required class 'io.micrometer.tracing.Tracer' (OnClassCondition)\n\n   OllamaRecommenderAutoConfiguration#ollamaRecommenderFactory:\n      Did not match:\n         - @ConditionalOnProperty (recommender.ollama.enabled=true) did not find property 'enabled' (OnPropertyCondition)\n\n   OpenTelemetryAutoConfiguration:\n      Did not match:\n         - @ConditionalOnClass did not find required class 'io.opentelemetry.sdk.OpenTelemetrySdk' (OnClassCondition)\n\n   OpenTelemetryLoggingAutoConfiguration:\n      Did not match:\n         - @ConditionalOnClass did not find required class 'io.opentelemetry.api.OpenTelemetry' (OnClassCondition)\n\n   OpenTelemetryTracingAutoConfiguration:\n      Did not match:\n         - @ConditionalOnClass did not find required class 'io.micrometer.tracing.otel.bridge.OtelTracer' (OnClassCondition)\n\n   OtlpLoggingAutoConfiguration:\n      Did not match:\n         - @ConditionalOnClass did not find required class 'io.opentelemetry.api.OpenTelemetry' (OnClassCondition)\n\n   OtlpMetricsExportAutoConfiguration:\n      Did not match:\n         - @ConditionalOnClass did not find required class 'io.micrometer.registry.otlp.OtlpMeterRegistry' (OnClassCondition)\n\n   OtlpTracingAutoConfiguration:\n      Did not match:\n         - @ConditionalOnClass did not find required class 'io.micrometer.tracing.otel.bridge.OtelTracer' (OnClassCondition)\n\n   PdfAnnotationEditor2SupportAutoConfiguration#pdfJsonCasFormatSupport:\n      Did not match:\n         - @ConditionalOnProperty (format.pdf-json-cas.enabled=true) did not find property 'enabled' (OnPropertyCondition)\n\n   PdfAnnotationEditor2SupportAutoConfiguration#pdfXmiCasFormatSupport:\n      Did not match:\n         - @ConditionalOnProperty (format.pdf-xmi-cas.enabled=true) did not find property 'enabled' (OnPropertyCondition)\n\n   PdfAnnotationEditorSupportAutoConfiguration#pdfAnnotationEditorFactory:\n      Did not match:\n         - @ConditionalOnProperty (ui.pdf-legacy.enabled=true) did not find property 'enabled' (OnPropertyCondition)\n\n   PdfAnnotationEditorSupportAutoConfiguration#pdfDocumentIFrameViewFactory:\n      Did not match:\n         - @ConditionalOnProperty (ui.pdf-legacy.enabled=true) did not find property 'enabled' (OnPropertyCondition)\n\n   PdfAnnotationEditorSupportAutoConfiguration#pdfFormatSupport:\n      Did not match:\n         - @ConditionalOnProperty (format.pdf-legacy.enabled=true) did not find property 'enabled' (OnPropertyCondition)\n\n   PermissionController:\n      Did not match:\n         - @ConditionalOnExpression (#{false}) resulted in false (OnExpressionCondition)\n\n   ProcessingAutoConfiguration#bulkCurationProcessor:\n      Did not match:\n         - @ConditionalOnProperty (bulk-processing.process.auto-curation.enabled=true) did not find property 'enabled' (OnPropertyCondition)\n\n   ProcessingAutoConfiguration#bulkRecommenderProcessor:\n      Did not match:\n         - @ConditionalOnProperty (bulk-processing.process.apply-recommender.enabled=true) did not find property 'enabled' (OnPropertyCondition)\n\n   ProjectExportServiceAutoConfiguration#legacyExportProjectSettingsPanelFactory:\n      Did not match:\n         - @ConditionalOnProperty (dashboard.legacy-export=true) did not find property 'dashboard.legacy-export' (OnPropertyCondition)\n\n   ProjectInfoAutoConfiguration#buildProperties:\n      Did not match:\n         - @ConditionalOnResource did not find resource '${spring.info.build.location:classpath:META-INF/build-info.properties}' (OnResourceCondition)\n\n   ProjectInfoAutoConfiguration#gitProperties:\n      Did not match:\n         - GitResource did not find git info at classpath:git.properties (ProjectInfoAutoConfiguration.GitResourceAvailableCondition)\n\n   PrometheusExemplarsAutoConfiguration:\n      Did not match:\n         - @ConditionalOnClass did not find required class 'io.micrometer.tracing.Tracer' (OnClassCondition)\n\n   PrometheusMetricsExportAutoConfiguration:\n      Did not match:\n         - @ConditionalOnClass did not find required class 'io.micrometer.prometheusmetrics.PrometheusMeterRegistry' (OnClassCondition)\n\n   PubMedDocumentRepositoryAutoConfiguration:\n      Did not match:\n         - @ConditionalOnProperty (external-search.pmc.enabled=true) did not find property 'enabled' (OnPropertyCondition)\n\n   PulsarAutoConfiguration:\n      Did not match:\n         - @ConditionalOnClass did not find required class 'org.apache.pulsar.client.api.PulsarClient' (OnClassCondition)\n\n   PulsarReactiveAutoConfiguration:\n      Did not match:\n         - @ConditionalOnClass did not find required class 'org.apache.pulsar.client.api.PulsarClient' (OnClassCondition)\n\n   QuartzAutoConfiguration:\n      Did not match:\n         - @ConditionalOnClass did not find required class 'org.quartz.Scheduler' (OnClassCondition)\n\n   QuartzEndpointAutoConfiguration:\n      Did not match:\n         - @ConditionalOnClass did not find required class 'org.quartz.Scheduler' (OnClassCondition)\n\n   R2dbcAutoConfiguration:\n      Did not match:\n         - @ConditionalOnClass did not find required class 'io.r2dbc.spi.ConnectionFactory' (OnClassCondition)\n\n   R2dbcDataAutoConfiguration:\n      Did not match:\n         - @ConditionalOnClass did not find required class 'org.springframework.data.r2dbc.core.R2dbcEntityTemplate' (OnClassCondition)\n\n   R2dbcInitializationConfiguration:\n      Did not match:\n         - @ConditionalOnClass did not find required classes 'io.r2dbc.spi.ConnectionFactory', 'org.springframework.r2dbc.connection.init.DatabasePopulator' (OnClassCondition)\n\n   R2dbcObservationAutoConfiguration:\n      Did not match:\n         - @ConditionalOnClass did not find required class 'io.r2dbc.proxy.ProxyConnectionFactory' (OnClassCondition)\n\n   R2dbcProxyAutoConfiguration:\n      Did not match:\n         - @ConditionalOnClass did not find required class 'io.r2dbc.proxy.ProxyConnectionFactory' (OnClassCondition)\n\n   R2dbcRepositoriesAutoConfiguration:\n      Did not match:\n         - @ConditionalOnClass did not find required class 'io.r2dbc.spi.ConnectionFactory' (OnClassCondition)\n\n   R2dbcTransactionManagerAutoConfiguration:\n      Did not match:\n         - @ConditionalOnClass did not find required class 'org.springframework.r2dbc.connection.R2dbcTransactionManager' (OnClassCondition)\n\n   RSocketGraphQlClientAutoConfiguration:\n      Did not match:\n         - @ConditionalOnClass did not find required class 'graphql.GraphQL' (OnClassCondition)\n\n   RSocketMessagingAutoConfiguration:\n      Did not match:\n         - @ConditionalOnClass did not find required class 'io.rsocket.RSocket' (OnClassCondition)\n\n   RSocketRequesterAutoConfiguration:\n      Did not match:\n         - @ConditionalOnClass did not find required class 'io.rsocket.RSocket' (OnClassCondition)\n\n   RSocketSecurityAutoConfiguration:\n      Did not match:\n         - @ConditionalOnClass did not find required class 'org.springframework.security.rsocket.core.SecuritySocketAcceptorInterceptor' (OnClassCondition)\n\n   RSocketServerAutoConfiguration:\n      Did not match:\n         - @ConditionalOnClass did not find required class 'io.rsocket.core.RSocketServer' (OnClassCondition)\n\n   RSocketStrategiesAutoConfiguration:\n      Did not match:\n         - @ConditionalOnClass did not find required class 'io.rsocket.RSocket' (OnClassCondition)\n\n   RabbitAutoConfiguration:\n      Did not match:\n         - @ConditionalOnClass did not find required class 'com.rabbitmq.client.Channel' (OnClassCondition)\n\n   RabbitHealthContributorAutoConfiguration:\n      Did not match:\n         - @ConditionalOnClass did not find required class 'org.springframework.amqp.rabbit.core.RabbitTemplate' (OnClassCondition)\n\n   RabbitMetricsAutoConfiguration:\n      Did not match:\n         - @ConditionalOnClass did not find required class 'com.rabbitmq.client.ConnectionFactory' (OnClassCondition)\n\n   RdfFormatAutoConfiguration#uimaRdfCasFormatSupport:\n      Did not match:\n         - @ConditionalOnProperty (format.rdf-cas.enabled=true) did not find property 'enabled' (OnPropertyCondition)\n\n   ReactiveCloudFoundryActuatorAutoConfiguration:\n      Did not match:\n         - @ConditionalOnWebApplication did not find reactive web application classes (OnWebApplicationCondition)\n\n   ReactiveElasticsearchClientAutoConfiguration:\n      Did not match:\n         - @ConditionalOnClass did not find required class 'co.elastic.clients.transport.ElasticsearchTransport' (OnClassCondition)\n\n   ReactiveElasticsearchRepositoriesAutoConfiguration:\n      Did not match:\n         - @ConditionalOnClass did not find required class 'org.springframework.data.elasticsearch.client.elc.ReactiveElasticsearchClient' (OnClassCondition)\n\n   ReactiveManagementContextAutoConfiguration:\n      Did not match:\n         - @ConditionalOnWebApplication did not find reactive web application classes (OnWebApplicationCondition)\n\n   ReactiveManagementWebSecurityAutoConfiguration:\n      Did not match:\n         - @ConditionalOnWebApplication did not find reactive web application classes (OnWebApplicationCondition)\n\n   ReactiveMultipartAutoConfiguration:\n      Did not match:\n         - @ConditionalOnClass did not find required class 'org.springframework.web.reactive.config.WebFluxConfigurer' (OnClassCondition)\n\n   ReactiveOAuth2ClientAutoConfiguration:\n      Did not match:\n         - NoneNestedConditions 1 matched 0 did not; NestedCondition on ReactiveOAuth2ClientAutoConfiguration.NonServletApplicationCondition.ServletApplicationCondition found 'session' scope (ReactiveOAuth2ClientAutoConfiguration.NonServletApplicationCondition)\n      Matched:\n         - @ConditionalOnClass found required classes 'reactor.core.publisher.Flux', 'org.springframework.security.oauth2.client.registration.ClientRegistration' (OnClassCondition)\n\n   ReactiveOAuth2ClientWebSecurityAutoConfiguration:\n      Did not match:\n         - @ConditionalOnWebApplication did not find reactive web application classes (OnWebApplicationCondition)\n\n   ReactiveOAuth2ResourceServerAutoConfiguration:\n      Did not match:\n         - @ConditionalOnWebApplication did not find reactive web application classes (OnWebApplicationCondition)\n\n   ReactiveSecurityAutoConfiguration:\n      Did not match:\n         - @ConditionalOnClass did not find required class 'org.springframework.web.reactive.config.WebFluxConfigurer' (OnClassCondition)\n\n   ReactiveUserDetailsServiceAutoConfiguration:\n      Did not match:\n         - AnyNestedCondition 0 matched 3 did not; NestedCondition on ReactiveUserDetailsServiceAutoConfiguration.MissingAlternativeOrUserPropertiesConfigured.PasswordConfigured @ConditionalOnProperty (spring.security.user.password) did not find property 'spring.security.user.password'; NestedCondition on ReactiveUserDetailsServiceAutoConfiguration.MissingAlternativeOrUserPropertiesConfigured.NameConfigured @ConditionalOnProperty (spring.security.user.name) did not find property 'spring.security.user.name'; NestedCondition on ReactiveUserDetailsServiceAutoConfiguration.MissingAlternativeOrUserPropertiesConfigured.MissingAlternative @ConditionalOnMissingClass found unwanted classes 'org.springframework.security.oauth2.client.registration.ClientRegistrationRepository', 'org.springframework.security.oauth2.server.resource.introspection.ReactiveOpaqueTokenIntrospector' (ReactiveUserDetailsServiceAutoConfiguration.MissingAlternativeOrUserPropertiesConfigured)\n      Matched:\n         - @ConditionalOnClass found required class 'org.springframework.security.authentication.ReactiveAuthenticationManager' (OnClassCondition)\n\n   ReactiveWebServerFactoryAutoConfiguration:\n      Did not match:\n         - @ConditionalOnWebApplication did not find reactive web application classes (OnWebApplicationCondition)\n\n   RecogitoHtmlAnnotationEditorSupportAutoConfiguration:\n      Did not match:\n         - @ConditionalOnProperty (ui.html-recogitojs.enabled=true) did not find property 'enabled' (OnPropertyCondition)\n\n   RecommenderServiceAutoConfiguration#interactiveRecommenderSidebarFactory:\n      Did not match:\n         - @ConditionalOnProperty (recommender.interactive.enabled=true) did not find property 'enabled' (OnPropertyCondition)\n\n   RecommenderServiceAutoConfiguration#recommendationMetricsImpl:\n      Did not match:\n         - @ConditionalOnProperty (monitoring.metrics.enabled=true) did not find property 'enabled' (OnPropertyCondition)\n      Matched:\n         - @ConditionalOnWebApplication (required) found 'session' scope (OnWebApplicationCondition)\n\n   RedisAutoConfiguration:\n      Did not match:\n         - @ConditionalOnClass did not find required class 'org.springframework.data.redis.core.RedisOperations' (OnClassCondition)\n\n   RedisCacheConfiguration:\n      Did not match:\n         - @ConditionalOnClass did not find required class 'org.springframework.data.redis.connection.RedisConnectionFactory' (OnClassCondition)\n\n   RedisHealthContributorAutoConfiguration:\n      Did not match:\n         - @ConditionalOnClass did not find required class 'org.springframework.data.redis.connection.RedisConnectionFactory' (OnClassCondition)\n\n   RedisReactiveAutoConfiguration:\n      Did not match:\n         - @ConditionalOnClass did not find required class 'org.springframework.data.redis.connection.ReactiveRedisConnectionFactory' (OnClassCondition)\n\n   RedisReactiveHealthContributorAutoConfiguration:\n      Did not match:\n         - @ConditionalOnClass did not find required class 'org.springframework.data.redis.connection.ReactiveRedisConnectionFactory' (OnClassCondition)\n\n   RedisRepositoriesAutoConfiguration:\n      Did not match:\n         - @ConditionalOnClass did not find required class 'org.springframework.data.redis.repository.configuration.EnableRedisRepositories' (OnClassCondition)\n\n   RemoteApiAutoConfiguration#aeroBulkPredictionSubmissionController:\n      Did not match:\n         - @ConditionalOnExpression (#{((${remote-api.enabled:false} || ${webanno.remote-api.enable:false}) && !('${restoreDefaultAdminAccount:false}' != 'false'))&& ${remote-api.tasks.enabled:false}&& ${remote-api.tasks.bulk-prediction.enabled:false}}) resulted in false (OnExpressionCondition)\n\n   RemoteApiAutoConfiguration#aeroTaskController:\n      Did not match:\n         - @ConditionalOnExpression (#{((${remote-api.enabled:false} || ${webanno.remote-api.enable:false}) && !('${restoreDefaultAdminAccount:false}' != 'false'))&& ${remote-api.tasks.enabled:false}}) resulted in false (OnExpressionCondition)\n\n   RemoteApiAutoConfiguration#defaultDocket:\n      Did not match:\n         - @ConditionalOnExpression (#{!((${remote-api.enabled:false} || ${webanno.remote-api.enable:false}) && !('${restoreDefaultAdminAccount:false}' != 'false'))}) resulted in false (OnExpressionCondition)\n\n   RepositoryRestMvcAutoConfiguration:\n      Did not match:\n         - @ConditionalOnClass did not find required class 'org.springframework.data.rest.webmvc.config.RepositoryRestMvcConfiguration' (OnClassCondition)\n\n   RequestLoggerSettingsConfig:\n      Did not match:\n         - @ConditionalOnProperty (wicket.core.settings.requestlogger.enabled) did not find property 'enabled' (OnPropertyCondition)\n\n   ResourceSettingsConfig:\n      Did not match:\n         - @ConditionalOnProperty (wicket.core.settings.resource.enabled) did not find property 'enabled' (OnPropertyCondition)\n\n   RestAnnotationsConfig:\n      Did not match:\n         - @ConditionalOnClass did not find required class 'org.wicketstuff.rest.utils.mounting.PackageScanner' (OnClassCondition)\n\n   ReviewEditorFactory:\n      Did not match:\n         - @ConditionalOnProperty (ui.review.enabled=true) did not find property 'enabled' (OnPropertyCondition)\n\n   Saml2LoginConfiguration:\n      Did not match:\n         - AllNestedConditions 1 matched 1 did not; NestedCondition on DefaultWebSecurityCondition.Beans @ConditionalOnMissingBean (types: org.springframework.security.web.SecurityFilterChain; SearchStrategy: all) found beans of type 'org.springframework.security.web.SecurityFilterChain' remoteApiFilterChain, webUiFilterChain, actuatorFilterChain, uiApiFilterChain, uiViewFilterChain; NestedCondition on DefaultWebSecurityCondition.Classes @ConditionalOnClass found required classes 'org.springframework.security.web.SecurityFilterChain', 'org.springframework.security.config.annotation.web.builders.HttpSecurity' (DefaultWebSecurityCondition)\n\n   Saml2RelyingPartyRegistrationConfiguration:\n      Did not match:\n         - Relying Party Registration Condition did not find any registrations (RegistrationConfiguredCondition)\n\n   SbomEndpointAutoConfiguration:\n      Did not match:\n         - @ConditionalOnAvailableEndpoint not exposed (OnAvailableEndpointCondition)\n\n   ScheduledTasksEndpointAutoConfiguration:\n      Did not match:\n         - @ConditionalOnAvailableEndpoint not exposed (OnAvailableEndpointCondition)\n\n   SearchCliCommand:\n      Did not match:\n         - @ConditionalOnWebApplication found 'session' scope and did not find reactive web application classes (OnWebApplicationCondition)\n\n   SearchReindexCliCommand:\n      Did not match:\n         - @ConditionalOnWebApplication found 'session' scope and did not find reactive web application classes (OnWebApplicationCondition)\n\n   SecurityDataConfiguration:\n      Did not match:\n         - @ConditionalOnClass did not find required class 'org.springframework.security.data.repository.query.SecurityEvaluationContextExtension' (OnClassCondition)\n\n   SecurityRequestMatchersManagementContextConfiguration.JerseyRequestMatcherConfiguration:\n      Did not match:\n         - @ConditionalOnClass did not find required class 'org.glassfish.jersey.server.ResourceConfig' (OnClassCondition)\n\n   SendGridAutoConfiguration:\n      Did not match:\n         - @ConditionalOnClass did not find required class 'com.sendgrid.SendGrid' (OnClassCondition)\n\n   SentryAutoConfiguration:\n      Did not match:\n         - @ConditionalOnProperty (sentry.dsn) did not find property 'sentry.dsn' (OnPropertyCondition)\n\n   SentryLogbackAppenderAutoConfiguration:\n      Did not match:\n         - @ConditionalOnClass did not find required class 'ch.qos.logback.classic.LoggerContext' (OnClassCondition)\n\n   SentryWebfluxAutoConfiguration:\n      Did not match:\n         - @ConditionalOnWebApplication did not find reactive web application classes (OnWebApplicationCondition)\n\n   ServletEndpointManagementContextConfiguration.JerseyServletEndpointManagementContextConfiguration:\n      Did not match:\n         - @ConditionalOnClass did not find required class 'org.glassfish.jersey.server.ResourceConfig' (OnClassCondition)\n\n   ServletManagementContextAutoConfiguration.ApplicationContextFilterConfiguration:\n      Did not match:\n         - @ConditionalOnBooleanProperty (management.server.add-application-context-header=true) did not find property 'management.server.add-application-context-header' (OnPropertyCondition)\n\n   ServletWebServerFactoryAutoConfiguration.ForwardedHeaderFilterConfiguration:\n      Did not match:\n         - @ConditionalOnProperty (server.forward-headers-strategy=framework) found different value in property 'server.forward-headers-strategy' (OnPropertyCondition)\n\n   ServletWebServerFactoryConfiguration.EmbeddedJetty:\n      Did not match:\n         - @ConditionalOnClass did not find required classes 'org.eclipse.jetty.server.Server', 'org.eclipse.jetty.ee10.webapp.WebAppContext' (OnClassCondition)\n\n   ServletWebServerFactoryConfiguration.EmbeddedTomcat:\n      Did not match:\n         - @ConditionalOnMissingBean (types: org.springframework.boot.web.servlet.server.ServletWebServerFactory; SearchStrategy: current) found beans of type 'org.springframework.boot.web.servlet.server.ServletWebServerFactory' servletContainer (OnBeanCondition)\n      Matched:\n         - @ConditionalOnClass found required classes 'jakarta.servlet.Servlet', 'org.apache.catalina.startup.Tomcat', 'org.apache.coyote.UpgradeProtocol' (OnClassCondition)\n\n   ServletWebServerFactoryConfiguration.EmbeddedUndertow:\n      Did not match:\n         - @ConditionalOnClass did not find required classes 'io.undertow.Undertow', 'org.xnio.SslClientAuthMode' (OnClassCondition)\n\n   SessionAutoConfiguration:\n      Did not match:\n         - @ConditionalOnClass did not find required class 'org.springframework.session.Session' (OnClassCondition)\n\n   SessionsEndpointAutoConfiguration:\n      Did not match:\n         - @ConditionalOnClass did not find required class 'org.springframework.session.Session' (OnClassCondition)\n\n   ShiroSecurityConfig:\n      Did not match:\n         - @ConditionalOnClass did not find required classes 'org.wicketstuff.shiro.annotation.AnnotationsShiroAuthorizationStrategy', 'org.apache.shiro.spring.boot.autoconfigure.ShiroAutoConfiguration' (OnClassCondition)\n\n   ShutdownEndpointAutoConfiguration:\n      Did not match:\n         - @ConditionalOnAvailableEndpoint the configured access for endpoint 'shutdown' is NONE (OnAvailableEndpointCondition)\n\n   SignalFxMetricsExportAutoConfiguration:\n      Did not match:\n         - @ConditionalOnClass did not find required class 'io.micrometer.signalfx.SignalFxMeterRegistry' (OnClassCondition)\n\n   SimpleCacheConfiguration:\n      Did not match:\n         - @ConditionalOnMissingBean (types: org.springframework.cache.CacheManager; SearchStrategy: all) found beans of type 'org.springframework.cache.CacheManager' cacheManager (OnBeanCondition)\n      Matched:\n         - Cache org.springframework.boot.autoconfigure.cache.SimpleCacheConfiguration automatic cache type (CacheCondition)\n\n   SpringApplicationAdminJmxAutoConfiguration:\n      Did not match:\n         - @ConditionalOnBooleanProperty (spring.application.admin.enabled=true) did not find property 'spring.application.admin.enabled' (OnPropertyCondition)\n\n   SpringBootWebSecurityConfiguration.SecurityFilterChainConfiguration:\n      Did not match:\n         - AllNestedConditions 1 matched 1 did not; NestedCondition on DefaultWebSecurityCondition.Beans @ConditionalOnMissingBean (types: org.springframework.security.web.SecurityFilterChain; SearchStrategy: all) found beans of type 'org.springframework.security.web.SecurityFilterChain' remoteApiFilterChain, webUiFilterChain, actuatorFilterChain, uiApiFilterChain, uiViewFilterChain; NestedCondition on DefaultWebSecurityCondition.Classes @ConditionalOnClass found required classes 'org.springframework.security.web.SecurityFilterChain', 'org.springframework.security.config.annotation.web.builders.HttpSecurity' (DefaultWebSecurityCondition)\n\n   SpringBootWebSecurityConfiguration.WebSecurityEnablerConfiguration:\n      Did not match:\n         - @ConditionalOnMissingBean (names: springSecurityFilterChain; SearchStrategy: all) found beans named springSecurityFilterChain (OnBeanCondition)\n      Matched:\n         - @ConditionalOnClass found required class 'org.springframework.security.config.annotation.web.configuration.EnableWebSecurity' (OnClassCondition)\n\n   SpringDevtoolsSerializerConfig:\n      Did not match:\n         - @ConditionalOnClass did not find required class 'org.springframework.boot.devtools.autoconfigure.LocalDevToolsAutoConfiguration' (OnClassCondition)\n\n   SpringDocConfiguration#oas31ModelConverter:\n      Did not match:\n         - @ConditionalOnProperty (springdoc.explicit-object-schema=true) did not find property 'springdoc.explicit-object-schema' (OnPropertyCondition)\n\n   SpringDocConfiguration#propertiesResolverForSchema:\n      Did not match:\n         - @ConditionalOnProperty (springdoc.api-docs.resolve-schema-properties) did not find property 'springdoc.api-docs.resolve-schema-properties' (OnPropertyCondition)\n\n   SpringDocConfiguration#propertyCustomizingConverter:\n      Did not match:\n         - @ConditionalOnBean (types: org.springdoc.core.customizers.PropertyCustomizer; SearchStrategy: all) did not find any beans of type org.springdoc.core.customizers.PropertyCustomizer (OnBeanCondition)\n\n   SpringDocConfiguration#springdocBeanFactoryPostProcessor2:\n      Did not match:\n         - @ConditionalOnMissingClass found unwanted class 'org.springframework.boot.context.properties.bind.BindResult' (OnClassCondition)\n\n   SpringDocConfiguration.SpringDocActuatorConfiguration:\n      Did not match:\n         - @ConditionalOnProperty (springdoc.show-actuator) did not find property 'springdoc.show-actuator' (OnPropertyCondition)\n      Matched:\n         - @ConditionalOnClass found required class 'org.springframework.boot.actuate.autoconfigure.endpoint.web.WebEndpointProperties' (OnClassCondition)\n\n   SpringDocConfiguration.SpringDocRepositoryRestConfiguration:\n      Did not match:\n         - @ConditionalOnClass did not find required class 'org.springframework.data.rest.core.config.RepositoryRestConfiguration' (OnClassCondition)\n\n   SpringDocDataRestConfiguration:\n      Did not match:\n         - @ConditionalOnClass did not find required class 'org.springframework.data.rest.core.config.RepositoryRestConfiguration' (OnClassCondition)\n\n   SpringDocFunctionCatalogConfiguration:\n      Did not match:\n         - @ConditionalOnClass did not find required class 'org.springframework.cloud.function.web.function.FunctionEndpointInitializer' (OnClassCondition)\n\n   SpringDocGroovyConfiguration:\n      Did not match:\n         - @ConditionalOnClass did not find required class 'groovy.lang.MetaClass' (OnClassCondition)\n\n   SpringDocHateoasConfiguration:\n      Did not match:\n         - @ConditionalOnClass did not find required class 'org.springframework.hateoas.server.LinkRelationProvider' (OnClassCondition)\n\n   SpringDocJavadocConfiguration:\n      Did not match:\n         - @ConditionalOnClass did not find required class 'com.github.therapi.runtimejavadoc.CommentFormatter' (OnClassCondition)\n\n   SpringDocKotlinxConfiguration:\n      Did not match:\n         - @ConditionalOnClass did not find required class 'kotlinx.coroutines.flow.Flow' (OnClassCondition)\n\n   SpringDocSecurityConfiguration.SpringDocSecurityOAuth2Configuration:\n      Did not match:\n         - @ConditionalOnClass did not find required class 'org.springframework.security.oauth2.server.authorization.OAuth2AuthorizationService' (OnClassCondition)\n\n   SpringDocSecurityConfiguration.SpringSecurityLoginEndpointConfiguration#springSecurityLoginEndpointCustomizer:\n      Did not match:\n         - @ConditionalOnProperty (springdoc.show-login-endpoint) did not find property 'springdoc.show-login-endpoint' (OnPropertyCondition)\n\n   SpringDocSortConfiguration#dataRestDelegatingMethodParameterCustomizer:\n      Did not match:\n         - @ConditionalOnMissingBean (types: org.springdoc.core.customizers.DataRestDelegatingMethodParameterCustomizer; SearchStrategy: all) found beans of type 'org.springdoc.core.customizers.DataRestDelegatingMethodParameterCustomizer' dataRestDelegatingMethodParameterCustomizer (OnBeanCondition)\n\n   SpringDocWebMvcConfiguration.SpringDocWebMvcActuatorConfiguration#actuatorProvider:\n      Did not match:\n         - @ConditionalOnExpression (#{${springdoc.show-actuator:false} or ${springdoc.use-management-port:false}}) resulted in false (OnExpressionCondition)\n\n   SpringDocWebMvcConfiguration.SpringDocWebMvcActuatorConfiguration#openApiActuatorResource:\n      Did not match:\n         - @ConditionalOnExpression (#{${springdoc.use-management-port:false} and ${springdoc.enable-default-api-docs:true}}) resulted in false (OnExpressionCondition)\n\n   SpringReferenceConfig:\n      Did not match:\n         - @ConditionalOnClass did not find required class 'org.wicketstuff.springreference.SpringReferenceSupporter' (OnClassCondition)\n\n   SpringSecurityConfig:\n      Did not match:\n         - @ConditionalOnMissingBean (types: com.giffing.wicket.spring.boot.starter.app.WicketBootWebApplication; SearchStrategy: all) found beans of type 'com.giffing.wicket.spring.boot.starter.app.WicketBootWebApplication' wicketApplication (OnBeanCondition)\n      Matched:\n         - @ConditionalOnClass found required classes 'org.apache.wicket.authroles.authentication.AbstractAuthenticatedWebSession', 'org.springframework.security.core.Authentication', 'org.springframework.security.web.SecurityFilterChain' (OnClassCondition)\n         - @ConditionalOnProperty (wicket.external.spring.security.enabled) matched (OnPropertyCondition)\n\n   SslObservabilityAutoConfiguration#sslInfoProvider:\n      Did not match:\n         - @ConditionalOnMissingBean (types: org.springframework.boot.info.SslInfo; SearchStrategy: all) found beans of type 'org.springframework.boot.info.SslInfo' sslInfo (OnBeanCondition)\n\n   StackdriverMetricsExportAutoConfiguration:\n      Did not match:\n         - @ConditionalOnClass did not find required class 'io.micrometer.stackdriver.StackdriverMeterRegistry' (OnClassCondition)\n\n   StartupEndpointAutoConfiguration:\n      Did not match:\n         - ApplicationStartup configured applicationStartup is of type class org.springframework.core.metrics.DefaultApplicationStartup, expected BufferingApplicationStartup. (StartupEndpointAutoConfiguration.ApplicationStartupCondition)\n\n   StatelessCheckerConfig:\n      Did not match:\n         - @ConditionalOnProperty (wicket.external.development.devutils.statelesschecker.enabled) did not find property 'enabled' (OnPropertyCondition)\n      Matched:\n         - @ConditionalOnClass found required class 'org.apache.wicket.devutils.stateless.StatelessChecker' (OnClassCondition)\n\n   StatsdMetricsExportAutoConfiguration:\n      Did not match:\n         - @ConditionalOnClass did not find required class 'io.micrometer.statsd.StatsdMeterRegistry' (OnClassCondition)\n\n   StringMatchingRecommenderAutoConfiguration#stringMatchingRelationRecommenderFactory:\n      Did not match:\n         - @ConditionalOnProperty (recommender.string-matching.relation.enabled=true) did not find property 'enabled' (OnPropertyCondition)\n\n   SwaggerConfig#springWebProvider:\n      Did not match:\n         - @ConditionalOnMissingBean (types: org.springdoc.core.providers.SpringWebProvider; SearchStrategy: all) found beans of type 'org.springdoc.core.providers.SpringWebProvider' springWebProvider (OnBeanCondition)\n\n   SwaggerConfig#swaggerUiHome:\n      Did not match:\n         - @ConditionalOnProperty (springdoc.swagger-ui.use-root-path=true) did not find property 'springdoc.swagger-ui.use-root-path' (OnPropertyCondition)\n\n   SwaggerConfig.SwaggerActuatorWelcomeConfiguration:\n      Did not match:\n         - @ConditionalOnProperty (springdoc.use-management-port) did not find property 'springdoc.use-management-port' (OnPropertyCondition)\n      Matched:\n         - @ConditionalOnClass found required class 'org.springframework.boot.actuate.endpoint.web.servlet.WebMvcEndpointHandlerMapping' (OnClassCondition)\n\n   TaskBulkPredictionController:\n      Did not match:\n         - @ConditionalOnExpression (#{false}) resulted in false (OnExpressionCondition)\n\n   TaskController:\n      Did not match:\n         - @ConditionalOnExpression (#{false}) resulted in false (OnExpressionCondition)\n\n   TaskExecutorConfigurations.SimpleAsyncTaskExecutorBuilderConfiguration#simpleAsyncTaskExecutorBuilderVirtualThreads:\n      Did not match:\n         - @ConditionalOnMissingBean (types: org.springframework.boot.task.SimpleAsyncTaskExecutorBuilder; SearchStrategy: all) found beans of type 'org.springframework.boot.task.SimpleAsyncTaskExecutorBuilder' simpleAsyncTaskExecutorBuilder (OnBeanCondition)\n\n   TaskExecutorConfigurations.TaskExecutorConfiguration:\n      Did not match:\n         - AnyNestedCondition 0 matched 2 did not; NestedCondition on TaskExecutorConfigurations.OnExecutorCondition.ModelCondition @ConditionalOnProperty (spring.task.execution.mode=force) did not find property 'spring.task.execution.mode'; NestedCondition on TaskExecutorConfigurations.OnExecutorCondition.ExecutorBeanCondition @ConditionalOnMissingBean (types: java.util.concurrent.Executor; SearchStrategy: all) found beans of type 'java.util.concurrent.Executor' clientInboundChannelExecutor, clientOutboundChannelExecutor, brokerChannelExecutor (TaskExecutorConfigurations.OnExecutorCondition)\n\n   TaskSchedulingAutoConfiguration#scheduledBeanLazyInitializationExcludeFilter:\n      Did not match:\n         - @ConditionalOnBean (names: org.springframework.context.annotation.internalScheduledAnnotationProcessor; SearchStrategy: all) did not find any beans named org.springframework.context.annotation.internalScheduledAnnotationProcessor (OnBeanCondition)\n\n   TaskSchedulingConfigurations.SimpleAsyncTaskSchedulerBuilderConfiguration#simpleAsyncTaskSchedulerBuilderVirtualThreads:\n      Did not match:\n         - @ConditionalOnMissingBean (types: org.springframework.boot.task.SimpleAsyncTaskSchedulerBuilder; SearchStrategy: all) found beans of type 'org.springframework.boot.task.SimpleAsyncTaskSchedulerBuilder' simpleAsyncTaskSchedulerBuilder (OnBeanCondition)\n\n   TaskSchedulingConfigurations.TaskSchedulerConfiguration:\n      Did not match:\n         - @ConditionalOnBean (names: org.springframework.context.annotation.internalScheduledAnnotationProcessor; SearchStrategy: all) did not find any beans named org.springframework.context.annotation.internalScheduledAnnotationProcessor (OnBeanCondition)\n\n   TeiFormatsAutoConfiguration#teiXmlDocumentFormatSupport:\n      Did not match:\n         - @ConditionalOnProperty (format.tei.enabled=true) did not find property 'enabled' (OnPropertyCondition)\n\n   TelemetryServiceAutoConfiguration:\n      Did not match:\n         - @ConditionalOnProperty (telemetry.enabled=true) found different value in property 'enabled' (OnPropertyCondition)\n      Matched:\n         - @ConditionalOnWebApplication (required) found 'session' scope (OnWebApplicationCondition)\n\n   ThreadDumpEndpointAutoConfiguration:\n      Did not match:\n         - @ConditionalOnAvailableEndpoint not exposed (OnAvailableEndpointCondition)\n\n   ThymeleafAutoConfiguration:\n      Did not match:\n         - @ConditionalOnClass did not find required class 'org.thymeleaf.spring6.SpringTemplateEngine' (OnClassCondition)\n\n   TransactionAutoConfiguration#transactionalOperator:\n      Did not match:\n         - @ConditionalOnSingleCandidate (types: org.springframework.transaction.ReactiveTransactionManager; SearchStrategy: all) did not find any beans (OnBeanCondition)\n\n   TransactionAutoConfiguration.AspectJTransactionManagementConfiguration:\n      Did not match:\n         - @ConditionalOnBean (types: org.springframework.transaction.aspectj.AbstractTransactionAspect; SearchStrategy: all) did not find any beans of type org.springframework.transaction.aspectj.AbstractTransactionAspect (OnBeanCondition)\n\n   TransactionAutoConfiguration.EnableTransactionManagementConfiguration.JdkDynamicAutoProxyConfiguration:\n      Did not match:\n         - @ConditionalOnBooleanProperty (spring.aop.proxy-target-class=false) did not find property 'spring.aop.proxy-target-class' (OnPropertyCondition)\n\n   UimaFormatsAutoConfiguration#binaryCasFormatSupport:\n      Did not match:\n         - @ConditionalOnProperty (format.uima-binary-cas.enabled=true) did not find property 'enabled' (OnPropertyCondition)\n\n   UimaJsonCasSupportAutoConfiguration#legacyUimaJsonFormatSupport:\n      Did not match:\n         - @ConditionalOnProperty (format.json-cas-legacy.enabled=true) did not find property 'enabled' (OnPropertyCondition)\n\n   UserController:\n      Did not match:\n         - @ConditionalOnExpression (#{false}) resulted in false (OnExpressionCondition)\n\n   UserDetailsServiceAutoConfiguration:\n      Did not match:\n         - AnyNestedCondition 0 matched 3 did not; NestedCondition on UserDetailsServiceAutoConfiguration.MissingAlternativeOrUserPropertiesConfigured.PasswordConfigured @ConditionalOnProperty (spring.security.user.password) did not find property 'spring.security.user.password'; NestedCondition on UserDetailsServiceAutoConfiguration.MissingAlternativeOrUserPropertiesConfigured.NameConfigured @ConditionalOnProperty (spring.security.user.name) did not find property 'spring.security.user.name'; NestedCondition on UserDetailsServiceAutoConfiguration.MissingAlternativeOrUserPropertiesConfigured.MissingAlternative @ConditionalOnMissingClass found unwanted classes 'org.springframework.security.oauth2.client.registration.ClientRegistrationRepository', 'org.springframework.security.oauth2.server.resource.introspection.OpaqueTokenIntrospector', 'org.springframework.security.saml2.provider.service.registration.RelyingPartyRegistrationRepository' (UserDetailsServiceAutoConfiguration.MissingAlternativeOrUserPropertiesConfigured)\n      Matched:\n         - @ConditionalOnClass found required class 'org.springframework.security.authentication.AuthenticationManager' (OnClassCondition)\n         - found 'session' scope (OnWebApplicationCondition)\n\n   UserMetricsImpl:\n      Did not match:\n         - @ConditionalOnProperty (monitoring.metrics.enabled=true) did not find property 'enabled' (OnPropertyCondition)\n\n   UsersCliCommand:\n      Did not match:\n         - @ConditionalOnWebApplication found 'session' scope and did not find reactive web application classes (OnWebApplicationCondition)\n\n   UsersMigratePreAuthenticatedToRealmCliCommand:\n      Did not match:\n         - @ConditionalOnWebApplication found 'session' scope and did not find reactive web application classes (OnWebApplicationCondition)\n\n   ValidationAutoConfiguration#defaultValidator:\n      Did not match:\n         - @ConditionalOnMissingBean (types: jakarta.validation.Validator; SearchStrategy: all) found beans of type 'jakarta.validation.Validator' validator (OnBeanCondition)\n\n   VersioningServiceAutoConfiguration:\n      Did not match:\n         - @ConditionalOnProperty (versioning.enabled=true) did not find property 'enabled' (OnPropertyCondition)\n\n   WavefrontAutoConfiguration:\n      Did not match:\n         - @ConditionalOnClass did not find required class 'com.wavefront.sdk.common.application.ApplicationTags' (OnClassCondition)\n\n   WavefrontMetricsExportAutoConfiguration:\n      Did not match:\n         - @ConditionalOnClass did not find required class 'com.wavefront.sdk.common.WavefrontSender' (OnClassCondition)\n\n   WavefrontTracingAutoConfiguration:\n      Did not match:\n         - @ConditionalOnClass did not find required class 'com.wavefront.sdk.common.WavefrontSender' (OnClassCondition)\n\n   WebClientAutoConfiguration:\n      Did not match:\n         - @ConditionalOnClass did not find required class 'org.springframework.web.reactive.function.client.WebClient' (OnClassCondition)\n\n   WebClientObservationConfiguration:\n      Did not match:\n         - @ConditionalOnClass did not find required class 'org.springframework.web.reactive.function.client.WebClient' (OnClassCondition)\n\n   WebFluxAutoConfiguration:\n      Did not match:\n         - @ConditionalOnClass did not find required class 'org.springframework.web.reactive.config.WebFluxConfigurer' (OnClassCondition)\n\n   WebFluxEndpointManagementContextConfiguration:\n      Did not match:\n         - @ConditionalOnClass did not find required class 'org.springframework.web.reactive.DispatcherHandler' (OnClassCondition)\n\n   WebFluxObservationAutoConfiguration:\n      Did not match:\n         - @ConditionalOnWebApplication did not find reactive web application classes (OnWebApplicationCondition)\n\n   WebMvcAutoConfiguration#hiddenHttpMethodFilter:\n      Did not match:\n         - @ConditionalOnBooleanProperty (spring.mvc.hiddenmethod.filter.enabled=true) did not find property 'spring.mvc.hiddenmethod.filter.enabled' (OnPropertyCondition)\n\n   WebMvcAutoConfiguration.ProblemDetailsErrorHandlingConfiguration:\n      Did not match:\n         - @ConditionalOnBooleanProperty (spring.mvc.problemdetails.enabled=true) did not find property 'spring.mvc.problemdetails.enabled' (OnPropertyCondition)\n\n   WebMvcAutoConfiguration.WebMvcAutoConfigurationAdapter#beanNameViewResolver:\n      Did not match:\n         - @ConditionalOnBean (types: org.springframework.web.servlet.View; SearchStrategy: all) did not find any beans of type org.springframework.web.servlet.View (OnBeanCondition)\n\n   WebMvcEndpointManagementContextConfiguration#managementHealthEndpointWebMvcHandlerMapping:\n      Did not match:\n         - Management Port actual port type (SAME) did not match required type (DIFFERENT) (OnManagementPortCondition)\n\n   WebServiceTemplateAutoConfiguration:\n      Did not match:\n         - @ConditionalOnClass did not find required class 'org.springframework.oxm.Marshaller' (OnClassCondition)\n\n   WebServicesAutoConfiguration:\n      Did not match:\n         - @ConditionalOnClass did not find required class 'org.springframework.ws.transport.http.MessageDispatcherServlet' (OnClassCondition)\n\n   WebSessionIdResolverAutoConfiguration:\n      Did not match:\n         - @ConditionalOnWebApplication did not find reactive web application classes (OnWebApplicationCondition)\n\n   WebSocketReactiveAutoConfiguration:\n      Did not match:\n         - @ConditionalOnWebApplication did not find reactive web application classes (OnWebApplicationCondition)\n\n   WebSocketServletAutoConfiguration.JettyWebSocketConfiguration:\n      Did not match:\n         - @ConditionalOnClass did not find required class 'org.eclipse.jetty.ee10.websocket.jakarta.server.config.JakartaWebSocketServletContainerInitializer' (OnClassCondition)\n\n   WebSocketServletAutoConfiguration.UndertowWebSocketConfiguration:\n      Did not match:\n         - @ConditionalOnClass did not find required class 'io.undertow.websockets.jsr.Bootstrap' (OnClassCondition)\n\n   WicketBootWebApplicationAutoConfiguration:\n      Did not match:\n         - @ConditionalOnMissingBean (types: com.giffing.wicket.spring.boot.starter.app.WicketBootSecuredWebApplication,com.giffing.wicket.spring.boot.starter.app.WicketBootWebApplication; SearchStrategy: all) found beans of type 'com.giffing.wicket.spring.boot.starter.app.WicketBootWebApplication' wicketApplication and found beans of type 'com.giffing.wicket.spring.boot.starter.app.WicketBootSecuredWebApplication' wicketApplication (OnBeanCondition)\n\n   WicketSerializerFast2Config:\n      Did not match:\n         - @ConditionalOnClass did not find required class 'org.wicketstuff.pageserializer.fast2.Fast2WicketSerializer' (OnClassCondition)\n\n   WicketSerializerKryo2Config:\n      Did not match:\n         - @ConditionalOnClass did not find required class 'org.wicketstuff.pageserializer.kryo2.KryoSerializer' (OnClassCondition)\n\n   WicketSourceConfig:\n      Did not match:\n         - @ConditionalOnClass did not find required class 'com.github.jennybrown8.wicketsource.WicketSource' (OnClassCondition)\n\n   WicketWebInitializerAutoConfig.WebSocketWicketWebInitializerAutoConfiguration:\n      Did not match:\n         - @ConditionalOnClass did not find required class 'org.apache.wicket.protocol.ws.javax.JavaxWebSocketFilter' (OnClassCondition)\n\n   XADataSourceAutoConfiguration:\n      Did not match:\n         - @ConditionalOnBean (types: org.springframework.boot.jdbc.XADataSourceWrapper; SearchStrategy: all) did not find any beans of type org.springframework.boot.jdbc.XADataSourceWrapper (OnBeanCondition)\n      Matched:\n         - @ConditionalOnClass found required classes 'javax.sql.DataSource', 'jakarta.transaction.TransactionManager', 'org.springframework.jdbc.datasource.embedded.EmbeddedDatabaseType' (OnClassCondition)\n\n   XmlSupportAutoConfiguration#xmlFormatSupport:\n      Did not match:\n         - @ConditionalOnProperty (format.generic-xml.enabled=true) did not find property 'enabled' (OnPropertyCondition)\n\n   ZipkinAutoConfiguration:\n      Did not match:\n         - @ConditionalOnClass did not find required class 'zipkin2.reporter.Encoding' (OnClassCondition)\n\n\nExclusions:\n-----------\n\n    org.springframework.boot.autoconfigure.elasticsearch.ElasticsearchRestClientAutoConfiguration\n\n\nUnconditional classes:\n----------------------\n\n    de.tudarmstadt.ukp.inception.project.initializers.doclabeling.config.InceptionDocumentLabelingProjectInitializersAutoConfiguration\n\n    org.springframework.boot.actuate.autoconfigure.info.InfoContributorAutoConfiguration\n\n    org.springframework.boot.autoconfigure.context.PropertyPlaceholderAutoConfiguration\n\n    de.tudarmstadt.ukp.inception.io.brat.config.BratAutoConfiguration\n\n    de.tudarmstadt.ukp.inception.editor.config.AnnotationEditorAutoConfiguration\n\n    de.tudarmstadt.ukp.inception.image.config.ImageSupportAutoConfiguration\n\n    com.giffing.wicket.spring.boot.starter.WicketAutoConfiguration\n\n    de.tudarmstadt.ukp.inception.workload.config.WorkloadManagementAutoConfiguration\n\n    org.springframework.boot.actuate.autoconfigure.metrics.integration.IntegrationMetricsAutoConfiguration\n\n    de.tudarmstadt.ukp.inception.annotation.storage.config.CasStorageServiceAutoConfiguration\n\n    de.tudarmstadt.ukp.inception.project.initializers.basic.config.InceptionBasicProjectInitializersAutoConfiguration\n\n    de.tudarmstadt.ukp.inception.annotation.layer.behavior.config.LayerBehaviorAutoConfiguration\n\n    de.tudarmstadt.ukp.inception.io.perseus.config.PerseusFormatAutoConfiguration\n\n    de.tudarmstadt.ukp.inception.externaleditor.config.ExternalEditorAutoConfiguration\n\n    de.tudarmstadt.ukp.clarin.webanno.text.config.TextFormatsAutoConfiguration\n\n    de.tudarmstadt.ukp.inception.pivot.config.PivotAutoConfiguration\n\n    de.tudarmstadt.ukp.inception.documents.config.DocumentServiceAutoConfiguration\n\n    de.tudarmstadt.ukp.inception.annotation.layer.document.config.DocumentMetadataLayerSupportAutoConfiguration\n\n    de.tudarmstadt.ukp.inception.annotation.layer.chain.config.ChainLayerAutoConfiguration\n\n    de.tudarmstadt.ukp.inception.recommendation.imls.opennlp.config.OpenNlpRecommenderAutoConfiguration\n\n    de.tudarmstadt.ukp.clarin.webanno.api.annotation.config.AnnotationAutoConfiguration\n\n    de.tudarmstadt.ukp.inception.io.xmi.config.UimaFormatsAutoConfiguration\n\n    de.tudarmstadt.ukp.inception.scheduling.config.SchedulingServiceAutoConfiguration\n\n    de.tudarmstadt.ukp.clarin.webanno.ui.annotation.actionbar.undo.config.UndoAutoConfiguration\n\n    de.tudarmstadt.ukp.inception.preferences.config.PreferencesServiceAutoConfig\n\n    de.tudarmstadt.ukp.inception.io.bioc.config.BioCAutoConfiguration\n\n    de.tudarmstadt.ukp.inception.project.initializers.phi.config.InceptionPhiProjectInitializersAutoConfiguration\n\n    de.tudarmstadt.ukp.inception.io.tei.config.TeiFormatsAutoConfiguration\n\n    org.springframework.boot.actuate.autoconfigure.endpoint.EndpointAutoConfiguration\n\n    de.tudarmstadt.ukp.inception.curation.config.CurationServiceAutoConfiguration\n\n    de.tudarmstadt.ukp.clarin.webanno.tcf.config.TcfFormatsAutoConfiguration\n\n    de.tudarmstadt.ukp.clarin.webanno.diag.config.CasDoctorAutoConfiguration\n\n    de.tudarmstadt.ukp.inception.diam.editor.config.DiamAutoConfig\n\n    de.tudarmstadt.ukp.inception.diam.model.compactv2.config.DiamCompactV2AutoConfig\n\n    de.tudarmstadt.ukp.inception.project.initializers.wikidatalinking.config.WikiDataLinkingProjectInitializersAutoConfiguration\n\n    de.tudarmstadt.ukp.inception.annotation.layer.relation.config.RelationLayerAutoConfiguration\n\n    de.tudarmstadt.ukp.inception.annotation.feature.link.config.LinkFeatureAutoConfiguration\n\n    de.tudarmstadt.ukp.inception.export.config.DocumentImportExportServiceAutoConfiguration\n\n    de.tudarmstadt.ukp.clarin.webanno.constraints.config.ConstraintsServiceAutoConfiguration\n\n    de.tudarmstadt.ukp.inception.documents.api.RepositoryAutoConfiguration\n\n    de.tudarmstadt.ukp.inception.app.config.LiquibaseLockCheckAutoConfiguration\n\n    de.tudarmstadt.ukp.inception.project.initializers.sentencelabeling.config.InceptionSentenceLabelingProjectInitializersAutoConfiguration\n\n    org.springframework.boot.autoconfigure.context.LifecycleAutoConfiguration\n\n    de.tudarmstadt.ukp.inception.io.xml.config.XmlSupportAutoConfiguration\n\n    de.tudarmstadt.ukp.clarin.webanno.curation.casdiff.config.CasDiffAutoConfiguration\n\n    de.tudarmstadt.ukp.inception.io.html.config.HtmlSupportAutoConfiguration\n\n    de.tudarmstadt.ukp.inception.ui.core.config.CoreUiAutoConfiguration\n\n    de.tudarmstadt.ukp.inception.io.jsoncas.config.UimaJsonCasSupportAutoConfiguration\n\n    de.tudarmstadt.ukp.clarin.webanno.project.initializers.config.ProjectInitializersAutoConfiguration\n\n    de.tudarmstadt.ukp.clarin.webanno.conll.config.ConllFormatsAutoConfiguration\n\n    de.tudarmstadt.ukp.inception.workload.project.config.WorkloadUiAutoConfiguration\n\n    de.tudarmstadt.ukp.clarin.webanno.agreement.config.AgreementAutoConfiguration\n\n    de.tudarmstadt.ukp.clarin.webanno.security.config.SecurityAutoConfiguration\n\n    de.tudarmstadt.ukp.inception.ui.agreement.config.AgreementUiAutoConfiguration\n\n    org.springframework.boot.actuate.autoconfigure.health.HealthContributorAutoConfiguration\n\n    de.tudarmstadt.ukp.inception.recommendation.imls.llm.ollama.config.OllamaRecommenderAutoConfiguration\n\n    de.tudarmstadt.ukp.inception.annotation.layer.span.config.SpanLayerAutoConfiguration\n\n    de.tudarmstadt.ukp.inception.annotation.feature.string.config.StringFeatureAutoConfiguration\n\n    org.springframework.boot.autoconfigure.context.ConfigurationPropertiesAutoConfiguration\n\n    org.springframework.boot.actuate.autoconfigure.availability.AvailabilityHealthContributorAutoConfiguration\n\n    org.springframework.boot.autoconfigure.ssl.SslAutoConfiguration\n\n    de.tudarmstadt.ukp.inception.pdfeditor2.config.PdfAnnotationEditor2SupportAutoConfiguration\n\n    de.tudarmstadt.ukp.inception.guidelines.config.GuidelinesServiceAutoConfiguration\n\n    org.springframework.boot.actuate.autoconfigure.web.server.ManagementContextAutoConfiguration\n\n    de.tudarmstadt.ukp.inception.schema.config.AnnotationSchemaServiceAutoConfiguration\n\n    org.springframework.boot.actuate.autoconfigure.endpoint.jackson.JacksonEndpointAutoConfiguration\n\n    org.springdoc.core.configuration.SpringDocSpecPropertiesConfiguration\n\n    org.springframework.boot.autoconfigure.availability.ApplicationAvailabilityAutoConfiguration\n\n    de.tudarmstadt.ukp.clarin.webanno.security.config.InceptionSecurityAutoConfiguration\n\n    de.tudarmstadt.ukp.clarin.webanno.tsv.config.WebAnnoFormatsAutoConfiguration\n\n    de.tudarmstadt.ukp.inception.pdfeditor.config.PdfAnnotationEditorSupportAutoConfiguration\n\n    de.tudarmstadt.ukp.inception.rendering.config.RenderingAutoConfig\n\n    org.springframework.boot.autoconfigure.info.ProjectInfoAutoConfiguration\n\n    de.tudarmstadt.ukp.clarin.webanno.project.config.ProjectServiceAutoConfiguration\n\n\n
2026-10-07 21:34:02 INFO [SYSTEM] boot - Found [5] MenuBarItemRegistryImpl extensions
2026-10-07 21:34:02 INFO [SYSTEM] boot - Found [0] global interceptors
2026-10-07 21:34:02 INFO [SYSTEM] boot - Found [5] footer items
2026-10-07 21:34:02 INFO [SYSTEM] boot - Found [30] menu items
2026-10-07 21:34:02 INFO [SYSTEM] boot - Found [15] project setting panels
2026-10-07 21:34:02 INFO [SYSTEM] boot - Found [4] agreement measure supports
2026-10-07 21:34:02 INFO [SYSTEM] boot - Found [10] AnnotationSidebarRegistryImpl extensions
2026-10-07 21:34:02 INFO [SYSTEM] boot - Found [16] ActionBarExtensionPointImpl extensions
2026-10-07 21:34:02 INFO [SYSTEM] boot - Found [0] ToolLibraryExtensionPointImpl extensions
2026-10-07 21:34:02 INFO [SYSTEM] boot - Found [1] ContextMenuItemRegistryImpl extensions
2026-10-07 21:34:02 INFO [SYSTEM] boot - Found [2] DiffSupportRegistryImpl extensions
2026-10-07 21:34:02 INFO [SYSTEM] boot - Found [17] ChecksRegistryImpl extensions
2026-10-07 21:34:02 INFO [SYSTEM] boot - Found [15] RepairsRegistryImpl extensions
2026-10-07 21:34:02 INFO [SYSTEM] boot - Found [59] project initializers
2026-10-07 21:34:02 INFO [SYSTEM] boot - Found [59] feature initializers
2026-10-07 21:34:03 DEBUG [SYSTEM] SQL - select p1_0.id,p1_0.anonymousCuration,p1_0.created,p1_0.description,p1_0.disableExport,p1_0.mode,p1_0.name,p1_0.scriptDirection,p1_0.slug,p1_0.state,p1_0.updated,p1_0.version from project p1_0 where p1_0.slug is null
2026-10-07 21:34:03 INFO [SYSTEM] boot - Found [3] FootprintProviderRegistryImpl extensions
2026-10-07 21:34:03 DEBUG [SYSTEM] SQL - select u1_0.username,u1_0.created,u1_0.email,u1_0.enabled,u1_0.lastLogin,u1_0.opt_unique_key,u1_0.password,u1_0.realm,u1_0.uiName,u1_0.updated from users u1_0
2026-10-07 21:34:03 DEBUG [SYSTEM] SQL - insert into users (created,email,enabled,lastLogin,opt_unique_key,password,realm,uiName,updated,username) values (?,?,?,?,?,?,?,?,?,?)
2026-10-07 21:34:03 DEBUG [SYSTEM] SQL - insert into authorities (username,authority) values (?,?)
2026-10-07 21:34:03 DEBUG [SYSTEM] SQL - insert into authorities (username,authority) values (?,?)
2026-10-07 21:34:03 DEBUG [SYSTEM] SQL - insert into authorities (username,authority) values (?,?)
2026-10-07 21:34:03 DEBUG [SYSTEM] SQL - select u1_0.username,u1_0.created,u1_0.email,u1_0.enabled,u1_0.lastLogin,u1_0.opt_unique_key,u1_0.password,u1_0.realm,u1_0.uiName,u1_0.updated from users u1_0 where u1_0.realm like ? and u1_0.opt_unique_key is null
2026-10-07 21:34:03 INFO [SYSTEM] boot - Found [1] PermissionExtensionPointImpl extensions
2026-10-07 21:34:03 INFO [SYSTEM] boot - Found [6] UndoableActionSupportRegistryImpl extensions
2026-10-07 21:34:03 INFO [SYSTEM] boot - Found [11] recommendation engines
2026-10-07 21:34:03 INFO [SYSTEM] boot - Found [4] SuggestionSupportRegistryImpl extensions
2026-10-07 21:34:03 INFO [SYSTEM] boot - Found [3] external search providers
2026-10-07 21:34:03 INFO [SYSTEM] boot - Found [1] index extensions
2026-10-07 21:34:03 INFO [SYSTEM] boot - Found [2] feature indexing supports
2026-10-07 21:34:03 DEBUG [SYSTEM] SQL - select kb1_0.repositoryId,kb1_0.basePrefix,kb1_0.classIri,kb1_0.defaultDatasetIri,kb1_0.defaultLanguage,kb1_0.deprecationPropertyIri,kb1_0.descriptionIri,kb1_0.enabled,kb1_0.fullTextSearchIri,kb1_0.labelIri,kb1_0.maxResults,kb1_0.name,kb1_0.project,kb1_0.propertyDescriptionIri,kb1_0.propertyLabelIri,kb1_0.propertyTypeIri,kb1_0.readOnly,kb1_0.reification,kb1_0.skipSslValidation,kb1_0.subPropertyIri,kb1_0.subclassIri,kb1_0.traits,kb1_0.type,kb1_0.typeIri,kb1_0.useFuzzy from knowledgebase kb1_0 order by kb1_0.name
2026-10-07 21:34:03 INFO [SYSTEM] boot - Found [5] entity ranking feature generators
2026-10-07 21:34:03 INFO [SYSTEM] boot - Found [3] MergeStrategyFactoryExtensionPointImpl extensions
2026-10-07 21:34:03 INFO [SYSTEM] boot - Found [9] FeatureSupportRegistryImpl extensions
2026-10-07 21:34:03 INFO [SYSTEM] boot - Found [4] LayerSupportRegistryImpl extensions
2026-10-07 21:34:03 INFO [SYSTEM] boot - Found [6] layer behaviors
2026-10-07 21:34:03 INFO [SYSTEM] boot - Found [15] EditorAjaxRequestHandlerExtensionPointImpl extensions
2026-10-07 21:34:03 INFO [SYSTEM] boot - Found [8] CrossDocumentExporterRegistryImpl extensions
2026-10-07 21:34:03 INFO [SYSTEM] boot - Found [2] annotation editor extensions
2026-10-07 21:34:03 INFO [SYSTEM] boot - Found [5] annotation editors
2026-10-07 21:34:03 INFO [SYSTEM] boot - Found [3] DocumentViewExtensionPointImpl extensions
2026-10-07 21:34:03 INFO [SYSTEM] boot - Found [26] format supports
2026-10-07 21:34:03 INFO [SYSTEM] boot - Found [32] event logging adapters
2026-10-07 21:34:03 INFO [SYSTEM] boot - Found [11] LayerExtractorSupportRegistryImpl extensions
2026-10-07 21:34:03 INFO [SYSTEM] boot - Found [1] FeatureExtractorSupportRegistryImpl extensions
2026-10-07 21:34:03 INFO [SYSTEM] boot - Found [3] AggregatorSupportRegistryImpl extensions
2026-10-07 21:34:03 INFO [SYSTEM] boot - Found [2] ClientSiderUserPreferencesProviderRegistry extensions
2026-10-07 21:34:03 INFO [SYSTEM] boot - Found [1] BulkProcessorRegistryImpl extensions
2026-10-07 21:34:03 INFO [SYSTEM] boot - Found [21] project exporters
2026-10-07 21:34:03 INFO [SYSTEM] boot - Found [2] ProjectExportExtensionPointImpl extensions
2026-10-07 21:34:03 INFO [SYSTEM] boot - Found [3] VDocumentSerializerExtensionPointImpl extensions
2026-10-07 21:34:03 INFO [SYSTEM] boot - Found [7] RenderStepExtensionPointImpl extensions
2026-10-07 21:34:03 INFO [SYSTEM] boot - Found [3] ProjectDashboardDashletExtensionPointImpl extensions
2026-10-07 21:34:03 INFO [SYSTEM] boot - Found [5] statement coloring strategies
2026-10-07 21:34:03 INFO [SYSTEM] boot - Found [4] value type supports
2026-10-07 21:34:03 INFO [SYSTEM] boot - Found [2] WorkloadManagerExtensionPointImpl extensions
2026-10-07 21:34:03 INFO [SYSTEM] boot - Found [2] WorkflowExtensionPointImpl extensions
2026-10-07 21:34:03 INFO [SYSTEM] INCEpTION - Started INCEpTION in 12.803 seconds (process running for 16.517)
2026-10-07 21:34:03 DEBUG [SYSTEM] ApplicationAvailabilityBean - Application availability state LivenessState changed to CORRECT
2026-10-07 21:34:03 DEBUG [SYSTEM] SQL - select ii1_0.id from instance_identity ii1_0
2026-10-07 21:34:03 DEBUG [SYSTEM] SQL - insert into instance_identity (id) values (?)
2026-10-07 21:34:03 INFO [SYSTEM] boot - Console: not available
2026-10-07 21:34:03 INFO [SYSTEM] boot - Headless: yes
2026-10-07 21:34:03 INFO [SYSTEM] boot - Running in server environment or from command line: disabling interactive shutdown dialog.
2026-10-07 21:34:03 INFO [SYSTEM] boot - You can now access INCEpTION at http://localhost:53107/
2026-10-07 21:34:03 DEBUG [SYSTEM] ApplicationAvailabilityBean - Application availability state ReadinessState changed to ACCEPTING_TRAFFIC
2026-10-07 21:34:03 INFO [SYSTEM] [/] - Initializing Spring DispatcherServlet 'dispatcherServlet'
2026-10-07 21:34:03 INFO [SYSTEM] DispatcherServlet - Initializing Servlet 'dispatcherServlet'
2026-10-07 21:34:03 DEBUG [SYSTEM] DispatcherServlet - Detected StandardServletMultipartResolver
2026-10-07 21:34:03 DEBUG [SYSTEM] DispatcherServlet - Detected AcceptHeaderLocaleResolver
2026-10-07 21:34:03 DEBUG [SYSTEM] DispatcherServlet - Detected FixedThemeResolver
2026-10-07 21:34:03 DEBUG [SYSTEM] DispatcherServlet - Detected org.springframework.web.servlet.view.DefaultRequestToViewNameTranslator@4a377a8e
2026-10-07 21:34:03 DEBUG [SYSTEM] DispatcherServlet - Detected org.springframework.web.servlet.support.SessionFlashMapManager@6b5f2753
2026-10-07 21:34:03 DEBUG [SYSTEM] DispatcherServlet - enableLoggingRequestDetails='false': request parameters and headers will be masked to prevent unsafe logging of potentially sensitive data
2026-10-07 21:34:03 INFO [SYSTEM] DispatcherServlet - Completed initialization in 4 ms
2026-10-07 21:34:03 DEBUG [SYSTEM] SQL - insert into logged_event (annotator,created,details,document,event,project,user,id) values (?,?,?,?,?,?,?,default)
2026-10-07 21:34:03 DEBUG [SYSTEM] SQL - insert into logged_event (annotator,created,details,document,event,project,user,id) values (?,?,?,?,?,?,?,default)
2026-10-07 21:34:03 DEBUG [SYSTEM] JdbcTemplate - Executing prepared SQL query
2026-10-07 21:34:03 DEBUG [SYSTEM] JdbcTemplate - Executing prepared SQL statement [select username,password,enabled from users where username = ?]
2026-10-07 21:34:03 DEBUG [SYSTEM] JdbcTemplate - Executing prepared SQL query
2026-10-07 21:34:03 DEBUG [SYSTEM] JdbcTemplate - Executing prepared SQL statement [select username,authority from authorities where username = ?]
2026-10-07 21:34:04 DEBUG [SYSTEM] SQL - select u1_0.username,u1_0.created,u1_0.email,u1_0.enabled,u1_0.lastLogin,u1_0.opt_unique_key,u1_0.password,u1_0.realm,r1_0.username,r1_0.authority,u1_0.uiName,u1_0.updated from users u1_0 left join authorities r1_0 on u1_0.username=r1_0.username where u1_0.username=?
2026-10-07 21:34:04 DEBUG [SYSTEM] SQL - select u1_0.username,u1_0.created,u1_0.email,u1_0.enabled,u1_0.lastLogin,u1_0.opt_unique_key,u1_0.password,u1_0.realm,r1_0.username,r1_0.authority,u1_0.uiName,u1_0.updated from users u1_0 left join authorities r1_0 on u1_0.username=r1_0.username where u1_0.username=?
2026-10-07 21:34:04 DEBUG [SYSTEM] SQL - update users set created=?,email=?,enabled=?,lastLogin=?,opt_unique_key=?,password=?,realm=?,uiName=?,updated=? where username=?
2026-10-07 21:34:04 DEBUG [SYSTEM] DispatcherServlet - GET "/api/aero/v1/projects", parameters={}
2026-10-07 21:34:04 DEBUG [SYSTEM] RequestMappingHandlerMapping - Mapped to de.tudarmstadt.ukp.clarin.webanno.webapp.remoteapi.aero.AeroProjectController#list()
2026-10-07 21:34:04 DEBUG [SYSTEM] SQL - select u1_0.username,u1_0.created,u1_0.email,u1_0.enabled,u1_0.lastLogin,u1_0.opt_unique_key,u1_0.password,u1_0.realm,r1_0.username,r1_0.authority,u1_0.uiName,u1_0.updated from users u1_0 left join authorities r1_0 on u1_0.username=r1_0.username where u1_0.username=?
2026-10-07 21:34:04 DEBUG [SYSTEM] SQL - select p1_0.id,p1_0.anonymousCuration,p1_0.created,p1_0.description,p1_0.disableExport,p1_0.mode,p1_0.name,p1_0.scriptDirection,p1_0.slug,p1_0.state,p1_0.updated,p1_0.version from project p1_0 order by p1_0.name
2026-10-07 21:34:04 DEBUG [SYSTEM] HttpEntityMethodProcessor - Using 'application/json', given [*/*] and supported [application/json]
2026-10-07 21:34:04 DEBUG [SYSTEM] HttpEntityMethodProcessor - Writing [de.tudarmstadt.ukp.clarin.webanno.webapp.remoteapi.aero.model.RResponse@2470f36d]
2026-10-07 21:34:04 DEBUG [SYSTEM] DispatcherServlet - Completed 200 OK
2026-10-07 21:34:04 DEBUG [SYSTEM] ApplicationAvailabilityBean - Application availability state ReadinessState changed from ACCEPTING_TRAFFIC to REFUSING_TRAFFIC
2026-10-07 21:34:04 DEBUG [SYSTEM] AnnotationConfigServletWebServerApplicationContext - Closing org.springframework.boot.web.servlet.context.AnnotationConfigServletWebServerApplicationContext@1eaf1e62, started on Wed Oct 07 21:33:51 HKT 2026
2026-10-07 21:34:04 INFO [SYSTEM] GracefulShutdown - Commencing graceful shutdown. Waiting for active requests to complete
2026-10-07 21:34:04 INFO [SYSTEM] GracefulShutdown - Graceful shutdown complete
2026-10-07 21:34:04 DEBUG [SYSTEM] SimpLogging - clientOutboundChannel removed SubProtocolWebSocketHandler[StompSubProtocolHandler[v10.stomp, v11.stomp, v12.stomp]]
2026-10-07 21:34:04 DEBUG [SYSTEM] SimpLogging - clientInboundChannel removed WebSocketAnnotationMethodMessageHandler[prefixes=[/app/]]
2026-10-07 21:34:04 INFO [SYSTEM] SimpleBrokerMessageHandler - Stopping...
2026-10-07 21:34:04 INFO [SYSTEM] SimpleBrokerMessageHandler - BrokerAvailabilityEvent[available=false, SimpleBrokerMessageHandler [org.springframework.messaging.simp.broker.DefaultSubscriptionRegistry@6fd6fdc1]]
2026-10-07 21:34:04 DEBUG [SYSTEM] SimpLogging - clientInboundChannel removed SimpleBrokerMessageHandler [org.springframework.messaging.simp.broker.DefaultSubscriptionRegistry@6fd6fdc1]
2026-10-07 21:34:04 DEBUG [SYSTEM] SimpLogging - brokerChannel removed SimpleBrokerMessageHandler [org.springframework.messaging.simp.broker.DefaultSubscriptionRegistry@6fd6fdc1]
2026-10-07 21:34:04 INFO [SYSTEM] SimpleBrokerMessageHandler - Stopped.
2026-10-07 21:34:04 DEBUG [SYSTEM] SimpLogging - clientInboundChannel removed UserDestinationMessageHandler[DefaultUserDestinationResolver[prefix=/user/]]
2026-10-07 21:34:04 DEBUG [SYSTEM] SimpLogging - brokerChannel removed UserDestinationMessageHandler[DefaultUserDestinationResolver[prefix=/user/]]
2026-10-07 21:34:04 DEBUG [SYSTEM] SQL - insert into logged_event (annotator,created,details,document,event,project,user,id) values (?,?,?,?,?,?,?,default)
2026-10-07 21:34:04 INFO [SYSTEM] SearchServiceImpl - Shutting down search service!
2026-10-07 21:34:04 INFO [SYSTEM] SchedulingServiceImpl - Shutting down scheduling service!
2026-10-07 21:34:04 INFO [SYSTEM] LocalContainerEntityManagerFactoryBean - Closing JPA EntityManagerFactory for persistence unit 'default'
2026-10-07 21:34:04 INFO [SYSTEM] HikariDataSource - HikariPool-1 - Shutdown initiated...
2026-10-07 21:34:04 INFO [SYSTEM] HikariDataSource - HikariPool-1 - Shutdown completed.
2026-10-07 21:34:04 INFO [SYSTEM] Application - [wicket-filter] destroy: Wicket jQuery UI initializer (theme-uilightness)
2026-10-07 21:34:04 INFO [SYSTEM] Application - [wicket-filter] destroy: Wicket Kendo UI initializer
2026-10-07 21:34:04 INFO [SYSTEM] Application - [wicket-filter] destroy: Wicket Kendo UI initializer (theme-bootstrap)
2026-10-07 21:34:04 INFO [SYSTEM] Application - [wicket-filter] destroy: org.wicketstuff.event.annotation.Initializer@43f81c74
2026-10-07 21:34:04 INFO [SYSTEM] Application - [wicket-filter] destroy: Wicket core library initializer
2026-10-07 21:34:04 INFO [SYSTEM] Application - [wicket-filter] destroy: DevUtils DebugBar Initializer
2026-10-07 21:34:04 INFO [SYSTEM] Application - [wicket-filter] destroy: Wicket extensions initializer
2026-10-07 21:34:04 INFO [SYSTEM] Application - [wicket-filter] destroy: Wicket jQuery UI initializer
