Rc files read (in order):
  NONE
Latexmk: This is Latexmk, John Collins, 9 March 2026. Version 4.88.
Latexmk: Changing directory to 'docs/monograph/'
Latexmk: applying rule 'bibtex monograph'...
Rule 'bibtex monograph':  Reasons for rerun
Changed files or newly in use/created:
  ./references.bib
Category 'changed_user':
  ./references.bib

------------
Run number 1 of rule 'bibtex monograph'
------------
------------
Running 'bibtex  "monograph.aux"'
------------
This is BibTeX, Version 0.99e (TeX Live 2026)
The top-level auxiliary file: monograph.aux
The style file: plainnat.bst
Database file #1: references.bib
Latexmk: applying rule 'xelatex'...
Rule 'xelatex':  Reasons for rerun
Changed files or newly in use/created:
  chapters/01-problem.tex
  chapters/02-circular.tex
  chapters/03-proof.tex
  chapters/04-languages.tex
  chapters/05-search.tex
  chapters/06-ensemble.tex
  chapters/07-verification.tex
  chapters/08-implementation.tex
  chapters/09-evaluation.tex
  chapters/10-operation.tex
  monograph.tex
Category 'changed_user':
  chapters/01-problem.tex
  chapters/02-circular.tex
  chapters/03-proof.tex
  chapters/04-languages.tex
  chapters/05-search.tex
  chapters/06-ensemble.tex
  chapters/07-verification.tex
  chapters/08-implementation.tex
  chapters/09-evaluation.tex
  chapters/10-operation.tex
  monograph.tex

------------
Run number 1 of rule 'xelatex'
------------
------------
Running 'xelatex -no-pdf -interaction=nonstopmode -halt-on-error -recorder  "monograph.tex"'
------------
This is XeTeX, Version 3.141592653-2.6-0.999998 (TeX Live 2026) (preloaded format=xelatex)
 restricted \write18 enabled.
entering extended mode
(./monograph.tex
LaTeX2e <2025-11-01>
L3 programming layer <2026-03-20>
(/home/chakwong/.TinyTeX/texmf-dist/tex/latex/base/book.cls
Document Class: book 2025/01/22 v1.4n Standard LaTeX document class
(/home/chakwong/.TinyTeX/texmf-dist/tex/latex/base/bk12.clo)) (/home/chakwong/.TinyTeX/texmf-dist/tex/latex/geometry/geometry.sty (/home/chakwong/.TinyTeX/texmf-dist/tex/latex/graphics/keyval.sty) (/home/chakwong/.TinyTeX/texmf-dist/tex/generic/iftex/ifvtex.sty (/home/chakwong/.TinyTeX/texmf-dist/tex/generic/iftex/iftex.sty))) (/home/chakwong/.TinyTeX/texmf-dist/tex/latex/fontspec/fontspec.sty (/home/chakwong/.TinyTeX/texmf-dist/tex/latex/l3packages/xparse/xparse.sty (/home/chakwong/.TinyTeX/texmf-dist/tex/latex/l3kernel/expl3.sty (/home/chakwong/.TinyTeX/texmf-dist/tex/latex/l3backend/l3backend-xetex.def))) (/home/chakwong/.TinyTeX/texmf-dist/tex/latex/fontspec/fontspec-xetex.sty (/home/chakwong/.TinyTeX/texmf-dist/tex/latex/base/fontenc.sty) (/home/chakwong/.TinyTeX/texmf-dist/tex/latex/fontspec/fontspec.cfg))) (/home/chakwong/.TinyTeX/texmf-dist/tex/latex/amsmath/amsmath.sty
For additional information on amsmath, use the `?' option.
(/home/chakwong/.TinyTeX/texmf-dist/tex/latex/amsmath/amstext.sty (/home/chakwong/.TinyTeX/texmf-dist/tex/latex/amsmath/amsgen.sty)) (/home/chakwong/.TinyTeX/texmf-dist/tex/latex/amsmath/amsbsy.sty) (/home/chakwong/.TinyTeX/texmf-dist/tex/latex/amsmath/amsopn.sty)) (/home/chakwong/.TinyTeX/texmf-dist/tex/latex/amsfonts/amssymb.sty (/home/chakwong/.TinyTeX/texmf-dist/tex/latex/amsfonts/amsfonts.sty)) (/home/chakwong/.TinyTeX/texmf-dist/tex/latex/mathtools/mathtools.sty (/home/chakwong/.TinyTeX/texmf-dist/tex/latex/tools/calc.sty) (/home/chakwong/.TinyTeX/texmf-dist/tex/latex/mathtools/mhsetup.sty)) (/home/chakwong/.TinyTeX/texmf-dist/tex/latex/amscls/amsthm.sty) (/home/chakwong/.TinyTeX/texmf-dist/tex/latex/microtype/microtype.sty (/home/chakwong/.TinyTeX/texmf-dist/tex/latex/etoolbox/etoolbox.sty) (/home/chakwong/.TinyTeX/texmf-dist/tex/latex/microtype/microtype-xetex.def) (/home/chakwong/.TinyTeX/texmf-dist/tex/latex/microtype/microtype.cfg)) (/home/chakwong/.TinyTeX/texmf-dist/tex/latex/setspace/setspace.sty) (/home/chakwong/.TinyTeX/texmf-dist/tex/latex/booktabs/booktabs.sty) (/home/chakwong/.TinyTeX/texmf-dist/tex/latex/tools/longtable.sty) (/home/chakwong/.TinyTeX/texmf-dist/tex/latex/tools/tabularx.sty (/home/chakwong/.TinyTeX/texmf-dist/tex/latex/tools/array.sty)) (/home/chakwong/.TinyTeX/texmf-dist/tex/latex/graphics/graphicx.sty (/home/chakwong/.TinyTeX/texmf-dist/tex/latex/graphics/graphics.sty (/home/chakwong/.TinyTeX/texmf-dist/tex/latex/graphics/trig.sty) (/home/chakwong/.TinyTeX/texmf-dist/tex/latex/graphics-cfg/graphics.cfg) (/home/chakwong/.TinyTeX/texmf-dist/tex/latex/graphics-def/xetex.def))) (/home/chakwong/.TinyTeX/texmf-dist/tex/latex/xcolor/xcolor.sty (/home/chakwong/.TinyTeX/texmf-dist/tex/latex/graphics-cfg/color.cfg) (/home/chakwong/.TinyTeX/texmf-dist/tex/latex/graphics/mathcolor.ltx)) (/home/chakwong/.TinyTeX/texmf-dist/tex/latex/pgf/frontendlayer/tikz.sty (/home/chakwong/.TinyTeX/texmf-dist/tex/latex/pgf/basiclayer/pgf.sty (/home/chakwong/.TinyTeX/texmf-dist/tex/latex/pgf/utilities/pgfrcs.sty (/home/chakwong/.TinyTeX/texmf-dist/tex/generic/pgf/utilities/pgfutil-common.tex) (/home/chakwong/.TinyTeX/texmf-dist/tex/generic/pgf/utilities/pgfutil-latex.def) (/home/chakwong/.TinyTeX/texmf-dist/tex/generic/pgf/utilities/pgfrcs.code.tex (/home/chakwong/.TinyTeX/texmf-dist/tex/generic/pgf/pgf.revision.tex))) (/home/chakwong/.TinyTeX/texmf-dist/tex/latex/pgf/basiclayer/pgfcore.sty (/home/chakwong/.TinyTeX/texmf-dist/tex/latex/pgf/systemlayer/pgfsys.sty (/home/chakwong/.TinyTeX/texmf-dist/tex/generic/pgf/systemlayer/pgfsys.code.tex (/home/chakwong/.TinyTeX/texmf-dist/tex/generic/pgf/utilities/pgfkeys.code.tex (/home/chakwong/.TinyTeX/texmf-dist/tex/generic/pgf/utilities/pgfkeyslibraryfiltered.code.tex)) (/home/chakwong/.TinyTeX/texmf-dist/tex/generic/pgf/systemlayer/pgf.cfg) (/home/chakwong/.TinyTeX/texmf-dist/tex/generic/pgf/systemlayer/pgfsys-xetex.def (/home/chakwong/.TinyTeX/texmf-dist/tex/generic/pgf/systemlayer/pgfsys-dvipdfmx.def (/home/chakwong/.TinyTeX/texmf-dist/tex/generic/pgf/systemlayer/pgfsys-common-pdf.def)))) (/home/chakwong/.TinyTeX/texmf-dist/tex/generic/pgf/systemlayer/pgfsyssoftpath.code.tex) (/home/chakwong/.TinyTeX/texmf-dist/tex/generic/pgf/systemlayer/pgfsysprotocol.code.tex)) (/home/chakwong/.TinyTeX/texmf-dist/tex/generic/pgf/basiclayer/pgfcore.code.tex (/home/chakwong/.TinyTeX/texmf-dist/tex/generic/pgf/math/pgfmath.code.tex (/home/chakwong/.TinyTeX/texmf-dist/tex/generic/pgf/math/pgfmathutil.code.tex) (/home/chakwong/.TinyTeX/texmf-dist/tex/generic/pgf/math/pgfmathparser.code.tex) (/home/chakwong/.TinyTeX/texmf-dist/tex/generic/pgf/math/pgfmathfunctions.code.tex) (/home/chakwong/.TinyTeX/texmf-dist/tex/generic/pgf/math/pgfmathfunctions.basic.code.tex) (/home/chakwong/.TinyTeX/texmf-dist/tex/generic/pgf/math/pgfmathfunctions.trigonometric.code.tex) (/home/chakwong/.TinyTeX/texmf-dist/tex/generic/pgf/math/pgfmathfunctions.random.code.tex) (/home/chakwong/.TinyTeX/texmf-dist/tex/generic/pgf/math/pgfmathfunctions.comparison.code.tex) (/home/chakwong/.TinyTeX/texmf-dist/tex/generic/pgf/math/pgfmathfunctions.base.code.tex) (/home/chakwong/.TinyTeX/texmf-dist/tex/generic/pgf/math/pgfmathfunctions.round.code.tex) (/home/chakwong/.TinyTeX/texmf-dist/tex/generic/pgf/math/pgfmathfunctions.misc.code.tex) (/home/chakwong/.TinyTeX/texmf-dist/tex/generic/pgf/math/pgfmathfunctions.integerarithmetics.code.tex) (/home/chakwong/.TinyTeX/texmf-dist/tex/generic/pgf/math/pgfmathcalc.code.tex) (/home/chakwong/.TinyTeX/texmf-dist/tex/generic/pgf/math/pgfmathfloat.code.tex)) (/home/chakwong/.TinyTeX/texmf-dist/tex/generic/pgf/math/pgfint.code.tex) (/home/chakwong/.TinyTeX/texmf-dist/tex/generic/pgf/basiclayer/pgfcorepoints.code.tex) (/home/chakwong/.TinyTeX/texmf-dist/tex/generic/pgf/basiclayer/pgfcorepathconstruct.code.tex) (/home/chakwong/.TinyTeX/texmf-dist/tex/generic/pgf/basiclayer/pgfcorepathusage.code.tex) (/home/chakwong/.TinyTeX/texmf-dist/tex/generic/pgf/basiclayer/pgfcorescopes.code.tex) (/home/chakwong/.TinyTeX/texmf-dist/tex/generic/pgf/basiclayer/pgfcoregraphicstate.code.tex) (/home/chakwong/.TinyTeX/texmf-dist/tex/generic/pgf/basiclayer/pgfcoretransformations.code.tex) (/home/chakwong/.TinyTeX/texmf-dist/tex/generic/pgf/basiclayer/pgfcorequick.code.tex) (/home/chakwong/.TinyTeX/texmf-dist/tex/generic/pgf/basiclayer/pgfcoreobjects.code.tex) (/home/chakwong/.TinyTeX/texmf-dist/tex/generic/pgf/basiclayer/pgfcorepathprocessing.code.tex) (/home/chakwong/.TinyTeX/texmf-dist/tex/generic/pgf/basiclayer/pgfcorearrows.code.tex) (/home/chakwong/.TinyTeX/texmf-dist/tex/generic/pgf/basiclayer/pgfcoreshade.code.tex) (/home/chakwong/.TinyTeX/texmf-dist/tex/generic/pgf/basiclayer/pgfcoreimage.code.tex) (/home/chakwong/.TinyTeX/texmf-dist/tex/generic/pgf/basiclayer/pgfcoreexternal.code.tex) (/home/chakwong/.TinyTeX/texmf-dist/tex/generic/pgf/basiclayer/pgfcorelayers.code.tex) (/home/chakwong/.TinyTeX/texmf-dist/tex/generic/pgf/basiclayer/pgfcoretransparency.code.tex) (/home/chakwong/.TinyTeX/texmf-dist/tex/generic/pgf/basiclayer/pgfcorepatterns.code.tex) (/home/chakwong/.TinyTeX/texmf-dist/tex/generic/pgf/basiclayer/pgfcorerdf.code.tex))) (/home/chakwong/.TinyTeX/texmf-dist/tex/generic/pgf/modules/pgfmoduleshapes.code.tex) (/home/chakwong/.TinyTeX/texmf-dist/tex/generic/pgf/modules/pgfmoduleplot.code.tex) (/home/chakwong/.TinyTeX/texmf-dist/tex/latex/pgf/compatibility/pgfcomp-version-0-65.sty) (/home/chakwong/.TinyTeX/texmf-dist/tex/latex/pgf/compatibility/pgfcomp-version-1-18.sty)) (/home/chakwong/.TinyTeX/texmf-dist/tex/latex/pgf/utilities/pgffor.sty (/home/chakwong/.TinyTeX/texmf-dist/tex/latex/pgf/utilities/pgfkeys.sty (/home/chakwong/.TinyTeX/texmf-dist/tex/generic/pgf/utilities/pgfkeys.code.tex)) (/home/chakwong/.TinyTeX/texmf-dist/tex/latex/pgf/math/pgfmath.sty (/home/chakwong/.TinyTeX/texmf-dist/tex/generic/pgf/math/pgfmath.code.tex)) (/home/chakwong/.TinyTeX/texmf-dist/tex/generic/pgf/utilities/pgffor.code.tex)) (/home/chakwong/.TinyTeX/texmf-dist/tex/generic/pgf/frontendlayer/tikz/tikz.code.tex (/home/chakwong/.TinyTeX/texmf-dist/tex/generic/pgf/libraries/pgflibraryplothandlers.code.tex) (/home/chakwong/.TinyTeX/texmf-dist/tex/generic/pgf/modules/pgfmodulematrix.code.tex) (/home/chakwong/.TinyTeX/texmf-dist/tex/generic/pgf/frontendlayer/tikz/libraries/tikzlibrarytopaths.code.tex))) (/home/chakwong/.TinyTeX/texmf-dist/tex/generic/pgf/libraries/pgflibraryarrows.meta.code.tex) (/home/chakwong/.TinyTeX/texmf-dist/tex/generic/pgf/frontendlayer/tikz/libraries/tikzlibrarypositioning.code.tex) (/home/chakwong/.TinyTeX/texmf-dist/tex/generic/pgf/frontendlayer/tikz/libraries/tikzlibrarycalc.code.tex) (/home/chakwong/.TinyTeX/texmf-dist/tex/generic/pgf/frontendlayer/tikz/libraries/tikzlibraryshapes.geometric.code.tex (/home/chakwong/.TinyTeX/texmf-dist/tex/generic/pgf/libraries/shapes/pgflibraryshapes.geometric.code.tex)) (/home/chakwong/.TinyTeX/texmf-dist/tex/latex/enumitem/enumitem.sty) (/home/chakwong/.TinyTeX/texmf-dist/tex/latex/listings/listings.sty (/home/chakwong/.TinyTeX/texmf-dist/tex/latex/listings/lstpatch.sty) (/home/chakwong/.TinyTeX/texmf-dist/tex/latex/listings/lstmisc.sty) (/home/chakwong/.TinyTeX/texmf-dist/tex/latex/listings/listings.cfg))
==> First Aid for listings.sty no longer applied!
    Expected:
        2024/09/23 1.10c (Carsten Heinz)
    but found:
        2025/11/14 1.11b (Carsten Heinz)
    so I'm assuming it got fixed.
(/home/chakwong/.TinyTeX/texmf-dist/tex/latex/titlesec/titlesec.sty) (/home/chakwong/.TinyTeX/texmf-dist/tex/latex/natbib/natbib.sty) (/home/chakwong/.TinyTeX/texmf-dist/tex/latex/url/url.sty) (/home/chakwong/.TinyTeX/texmf-dist/tex/latex/hyperref/hyperref.sty (/home/chakwong/.TinyTeX/texmf-dist/tex/latex/kvsetkeys/kvsetkeys.sty) (/home/chakwong/.TinyTeX/texmf-dist/tex/generic/kvdefinekeys/kvdefinekeys.sty) (/home/chakwong/.TinyTeX/texmf-dist/tex/generic/pdfescape/pdfescape.sty (/home/chakwong/.TinyTeX/texmf-dist/tex/generic/ltxcmds/ltxcmds.sty) (/home/chakwong/.TinyTeX/texmf-dist/tex/generic/pdftexcmds/pdftexcmds.sty (/home/chakwong/.TinyTeX/texmf-dist/tex/generic/infwarerr/infwarerr.sty))) (/home/chakwong/.TinyTeX/texmf-dist/tex/latex/hycolor/hycolor.sty) (/home/chakwong/.TinyTeX/texmf-dist/tex/latex/hyperref/nameref.sty (/home/chakwong/.TinyTeX/texmf-dist/tex/latex/refcount/refcount.sty) (/home/chakwong/.TinyTeX/texmf-dist/tex/generic/gettitlestring/gettitlestring.sty (/home/chakwong/.TinyTeX/texmf-dist/tex/latex/kvoptions/kvoptions.sty))) (/home/chakwong/.TinyTeX/texmf-dist/tex/generic/stringenc/stringenc.sty) (/home/chakwong/.TinyTeX/texmf-dist/tex/latex/hyperref/pd1enc.def) (/home/chakwong/.TinyTeX/texmf-dist/tex/generic/intcalc/intcalc.sty) (/home/chakwong/.TinyTeX/texmf-dist/tex/latex/hyperref/puenc.def) (/home/chakwong/.TinyTeX/texmf-dist/tex/generic/bitset/bitset.sty (/home/chakwong/.TinyTeX/texmf-dist/tex/generic/bigintcalc/bigintcalc.sty))) (/home/chakwong/.TinyTeX/texmf-dist/tex/latex/hyperref/hxetex.def (/home/chakwong/.TinyTeX/texmf-dist/tex/latex/rerunfilecheck/rerunfilecheck.sty (/home/chakwong/.TinyTeX/texmf-dist/tex/generic/uniquecounter/uniquecounter.sty))) (./monograph.aux (./chapters/01-problem.aux) (./chapters/02-circular.aux) (./chapters/03-proof.aux) (./chapters/04-languages.aux) (./chapters/05-search.aux) (./chapters/06-ensemble.aux) (./chapters/07-verification.aux) (./chapters/08-implementation.aux) (./chapters/09-evaluation.aux) (./chapters/10-operation.aux))
*geometry* driver: auto-detecting
*geometry* detected driver: xetex
(/home/chakwong/.TinyTeX/texmf-dist/tex/latex/microtype/mt-Palatino.cfg) (./monograph.out) (./monograph.out) (/home/chakwong/.TinyTeX/texmf-dist/tex/latex/amsfonts/umsa.fd) (/home/chakwong/.TinyTeX/texmf-dist/tex/latex/microtype/mt-msa.cfg) (/home/chakwong/.TinyTeX/texmf-dist/tex/latex/amsfonts/umsb.fd) (/home/chakwong/.TinyTeX/texmf-dist/tex/latex/microtype/mt-msb.cfg) (/home/chakwong/.TinyTeX/texmf-dist/tex/latex/microtype/mt-cmr.cfg) [1] [1]
Overfull \hbox (0.11327pt too wide) in paragraph at lines 155--161
\TU/TeXGyrePagella(0)/m/n/12 tion monograph. One bibliography serves the entire work. The accompanying preserva-
[2] (./monograph.toc [3] [4] [5] [6]) [7] (./chapters/01-problem.tex
Chapter 1.
[1]

Package natbib Warning: Citation `sfcindex' on page 2 undefined on input line 115.


Package natbib Warning: Citation `sfcspi' on page 2 undefined on input line 115.


Package natbib Warning: Citation `sfctoken2026' on page 2 undefined on input line 115.


Underfull \hbox (badness 4416) in paragraph at lines 106--116
\TU/TeXGyrePagella(0)/m/n/12 The supplied Hong Kong Securities and Futures Commission (SFC) product-
[2]

Package natbib Warning: Citation `sfcreview2025' on page 3 undefined on input line 130.

[3] [4] [5] [6] [7] [8] [9] [10]) (./chapters/02-circular.tex [11]
Chapter 2.

Package natbib Warning: Citation `sfcspi' on page 12 undefined on input line 21.


Package natbib Warning: Citation `sfcspiannex1' on page 12 undefined on input line 21.


Package natbib Warning: Citation `sfcspiannex2' on page 12 undefined on input line 21.


Package natbib Warning: Citation `sfcspiannex1' on page 12 undefined on input line 32.


Package natbib Warning: Citation `sfcspiannex1' on page 12 undefined on input line 43.

[12]

Package natbib Warning: Citation `sfcspiannex1' on page 13 undefined on input line 53.


Package natbib Warning: Citation `sfcspiannex1' on page 13 undefined on input line 73.


Underfull \hbox (badness 2529) in paragraph at lines 65--74
\TU/TeXGyrePagella(0)/m/n/12 Paragraph 1 combines professional-investor status, the financial criteria, knowl-

Package natbib Warning: Citation `sfcspiannex1' on page 13 undefined on input line 91.

[13]

Package natbib Warning: Citation `sfcspiannex2' on page 14 undefined on input line 99.


Package natbib Warning: Citation `sfcspiannex1' on page 14 undefined on input line 108.


Package natbib Warning: Citation `sfcspiannex2' on page 14 undefined on input line 108.


Package natbib Warning: Citation `sfcspiannex1' on page 14 undefined on input line 126.


Package natbib Warning: Citation `sfcspiannex1' on page 14 undefined on input line 132.

[14]

Package natbib Warning: Citation `sfcspi' on page 15 undefined on input line 158.


Package natbib Warning: Citation `sfcspiannex1' on page 15 undefined on input line 158.


Package natbib Warning: Citation `sfcspiannex2' on page 15 undefined on input line 158.


Package natbib Warning: Citation `sfcspiannex1' on page 15 undefined on input line 189.


Package natbib Warning: Citation `sfcspiannex1' on page 15 undefined on input line 199.


Package natbib Warning: Citation `sfcspiannex2' on page 15 undefined on input line 199.

[15]

Package natbib Warning: Citation `sfcspiannex1' on page 16 undefined on input line 206.

[16] [17] [18] [19] [20] [21] [22]

LaTeX Warning: Reference `sec:java' on page 23 undefined on input line 440.


Overfull \hbox (11.65746pt too wide) in paragraph at lines 436--444
[]\TU/TeXGyrePagella(0)/m/n/12 The generated class and a small support library are compiled into \TU/DejaVuSansMono(0)/m/n/12 spi-controls-demo.jar\TU/TeXGyrePagella(0)/m/n/12 .
[23] [24]
Underfull \hbox (badness 1221) in paragraph at lines 534--541
\TU/TeXGyrePagella(0)/m/n/12 retained experiment selected its paragraph-10 gift restriction. The circular as a
[25] [26] [27] [28] [29] [30] [31] [32] [33] [34]) (./chapters/03-proof.tex [35]
Chapter 3.
[36]

LaTeX Warning: Reference `eq:refinement' on page 37 undefined on input line 86.

[37] [38] [39] [40]

LaTeX Warning: Reference `sec:product' on page 41 undefined on input line 312.

[41] [42]

LaTeX Warning: Reference `eq:financial' on page 43 undefined on input line 400.


Package natbib Warning: Citation `sfcspiannex1' on page 43 undefined on input line 402.


LaTeX Warning: Reference `eq:financial' on page 43 undefined on input line 410.


LaTeX Warning: Reference `fig:financial-flow' on page 43 undefined on input line 425.

[43] [44] [45] [46] [47] [48] [49]

LaTeX Warning: Reference `eq:financial' on page 50 undefined on input line 776.

[50]

LaTeX Warning: Reference `sec:prototype' on page 51 undefined on input line 857.

[51] [52] [53]) (./chapters/04-languages.tex [54]
Chapter 4.

Underfull \hbox (badness 1152) in paragraph at lines 43--52
\TU/TeXGyrePagella(0)/m/n/12 through time. Recent language-model research attempts to cross the remaining
[55]

Package natbib Warning: Citation `libraryreview' on page 56 undefined on input line 72.


Underfull \hbox (badness 3919) in paragraph at lines 77--89
\TU/TeXGyrePagella(0)/m/n/12 predate Catala, while contract languages have partially separate citation com-

Underfull \hbox (badness 1418) in paragraph at lines 77--89
\TU/TeXGyrePagella(0)/m/n/12 munities. The retained forward-citation records have individual dispositions in
[56] [57] [58] [59]

Package natbib Warning: Citation `catalacode' on page 60 undefined on input line 311.

[60] [61] [62]

Package natbib Warning: Citation `sfcspiannex1' on page 63 undefined on input line 419.

[63] [64] [65] [66] [67] [68] [69]
Underfull \hbox (badness 1960) in paragraph at lines 812--819
[]\TU/TeXGyrePagella(0)/m/n/12 General verification cannot be promised for every expressive contract language.

Underfull \hbox (badness 1590) in paragraph at lines 812--819
[][]\TU/TeXGyrePagella(0)/m/n/12 Delzanno et al.[][] ([][]2026[][]) establish undecidability results for clause reachability in
[70]

Package natbib Warning: Citation `stipulakeycode' on page 71 undefined on input line 864.

[71]

Package natbib Warning: Citation `crafa2022' on page 72 undefined on input line 894.


Package natbib Warning: Citation `stipulakeycode' on page 72 undefined on input line 907.

[72]

Package natbib Warning: Citation `stipulaplatform2026' on page 73 undefined on input line 959.


Underfull \hbox (badness 1158) in paragraph at lines 957--969
\TU/TeXGyrePagella(0)/m/n/12 cooperative, strategyless behavior for the discussed property and states that the
[73] [74]
Underfull \hbox (badness 3098) in paragraph at lines 1071--1081
\TU/TeXGyrePagella(0)/m/n/12 system interface: declarations establish institutional concepts, events change a

Underfull \hbox (badness 1067) in paragraph at lines 1071--1081
\TU/TeXGyrePagella(0)/m/n/12 sharing/KYC exploration with ABN AMRO and ING, using separate policy and
[75]

Package natbib Warning: Citation `eflintartifact' on page 76 undefined on input line 1117.


Package natbib Warning: Citation `symboleocode' on page 76 undefined on input line 1128.

[76]

LaTeX Warning: Reference `tab:software' on page 77 undefined on input line 1171.


Package natbib Warning: Citation `catalacode' on page 77 undefined on input line 1184.


Package natbib Warning: Citation `droolscode' on page 77 undefined on input line 1185.


Package natbib Warning: Citation `stipulacode' on page 77 undefined on input line 1187.


Package natbib Warning: Citation `stipulakeycode' on page 77 undefined on input line 1187.


Package natbib Warning: Citation `l4code' on page 77 undefined on input line 1189.


Package natbib Warning: Citation `symboleocode' on page 77 undefined on input line 1190.


Package natbib Warning: Citation `semanticcompliance2016' on page 77 undefined on input line 1191.


Package natbib Warning: Citation `blawxcode' on page 77 undefined on input line 1192.


Package natbib Warning: Citation `z3code' on page 77 undefined on input line 1193.


Package natbib Warning: Citation `localrepos' on page 77 undefined on input line 1193.


Package natbib Warning: Citation `openfiscacode' on page 77 undefined on input line 1194.


Package natbib Warning: Citation `opadocs' on page 77 undefined on input line 1195.


Package natbib Warning: Citation `cicerocode' on page 77 undefined on input line 1196.

[77] [78]

Package natbib Warning: Citation `l4code' on page 79 undefined on input line 1206.

[79] [80]

Package natbib Warning: Citation `sara2020' on page 81 undefined on input line 1308.


Package natbib Warning: Citation `connecting2023' on page 81 undefined on input line 1314.


Package natbib Warning: Citation `connecting2023' on page 81 undefined on input line 1317.


Package natbib Warning: Citation `libraryreview' on page 81 undefined on input line 1341.

[81]

Package natbib Warning: Citation `jurayj2025extended' on page 82 undefined on input line 1401.

[82]

Package natbib Warning: Citation `libraryreview' on page 83 undefined on input line 1422.


Package natbib Warning: Citation `legalbench2023' on page 83 undefined on input line 1438.

[83] [84] [85] [86]

Package natbib Warning: Citation `libraryreview' on page 87 undefined on input line 1637.


Package natbib Warning: Citation `ghose2007' on page 87 undefined on input line 1661.

[87]

Package natbib Warning: Citation `compliancehard2015' on page 88 undefined on input line 1666.


Package natbib Warning: Citation `compliancehard2015' on page 88 undefined on input line 1671.


Package natbib Warning: Citation `semanticcompliance2016' on page 88 undefined on input line 1688.

[88]) (./chapters/05-search.tex [89]
Chapter 5.

Underfull \hbox (badness 3049) in paragraph at lines 45--51
\TU/TeXGyrePagella(0)/m/n/12 The drafting service should propose clause segments, roles, definitions, cross-
[90] [91] [92] [93] [94] [95] [96] [97] [98] [99]

Package natbib Warning: Citation `localrepos' on page 100 undefined on input line 524.


LaTeX Warning: Reference `eq:refinement' on page 100 undefined on input line 540.


Underfull \hbox (badness 1622) in paragraph at lines 547--553
\TU/TeXGyrePagella(0)/m/n/12 A legal adapter would compare rules, definitions, scope and dates rather than

Package natbib Warning: Citation `localrepos' on page 100 undefined on input line 558.

[100]) (./chapters/06-ensemble.tex [101]
Chapter 6.
[102] [103] [104] [105] [106] [107] [108] [109] [110] [111] [112] [113] [114] [115] [116] [117] [118] [119]
Underfull \hbox (badness 1742) in paragraph at lines 896--902
\TU/TeXGyrePagella(0)/m/n/12 An action moves through \TU/DejaVuSansMono(0)/m/n/12 RESERVED\TU/TeXGyrePagella(0)/m/n/12 , \TU/DejaVuSansMono(0)/m/n/12 DISPATCHED\TU/TeXGyrePagella(0)/m/n/12 , and one of \TU/DejaVuSansMono(0)/m/n/12 SUCCEEDED\TU/TeXGyrePagella(0)/m/n/12 , \TU/DejaVuSansMono(0)/m/n/12 FAILED\TU/TeXGyrePagella(0)/m/n/12 ,
[120] [121] [122] [123] [124] [125]
Underfull \hbox (badness 1005) in paragraph at lines 1194--1201
\TU/TeXGyrePagella(0)/m/n/12 into reproducible evidence. Its human readability matters because a technically
[126] [127]) (./chapters/07-verification.tex [128]
Chapter 7.
[129]
Underfull \hbox (badness 1077) in paragraph at lines 65--71
\TU/TeXGyrePagella(0)/m/n/12 unconditional scope for this isolated subcondition, the expression, interpretation

Underfull \hbox (badness 2951) in paragraph at lines 100--109
\TU/DejaVuSansMono(0)/m/n/12 not\TU/TeXGyrePagella(0)/m/n/12 , equality/inclusive/strict comparison, addition, subtraction, rational scaling,
[130]
Underfull \hbox (badness 1308) in paragraph at lines 110--114
\TU/DejaVuSansMono(0)/m/n/12 Expr \TU/TeXGyrePagella(0)/m/n/12 additionally carries a unique \TU/DejaVuSansMono(0)/m/n/12 node_id\TU/TeXGyrePagella(0)/m/n/12 . A rule is \TU/DejaVuSansMono(0)/m/n/12 (id, type, scope, body,
[131] [132] [133] [134] [135] [136]

LaTeX Warning: Reference `sec:dry-run' on page 137 undefined on input line 426.

[137]

LaTeX Warning: Reference `eq:financial' on page 138 undefined on input line 504.

[138]
Underfull \hbox (badness 1466) in paragraph at lines 544--550
[]\TU/TeXGyrePagella(0)/m/n/12 The current comparison fragment supports documented Boolean and exact inte-
[139] [140] (/home/chakwong/.TinyTeX/texmf-dist/tex/latex/listings/lstlang1.sty) [141]
Underfull \hbox (badness 1221) in paragraph at lines 679--687
\TU/TeXGyrePagella(0)/m/n/12 reject an unsupported fraction of a cent after the adopted conversion. In Java,
[142]

LaTeX Warning: Reference `eq:or' on page 143 undefined on input line 737.

[143] [144] [145] [146] [147]

Package natbib Warning: Citation `sfcspiannex1' on page 148 undefined on input line 986.


Package natbib Warning: Citation `sfcspiannex2' on page 148 undefined on input line 986.

[148] [149] [150] [151]
Underfull \hbox (badness 1062) in paragraph at lines 1182--1189
\TU/TeXGyrePagella(0)/m/n/12 supplies domain-qualified results and replayed witnesses. Differential execution
) (./chapters/08-implementation.tex [152]
Chapter 8.
[153]

Package natbib Warning: Citation `opadocs' on page 154 undefined on input line 101.

[154] [155]

LaTeX Warning: Reference `sec:java' on page 156 undefined on input line 182.

 [156]
Underfull \hbox (badness 3942) in paragraph at lines 216--226
\TU/TeXGyrePagella(0)/m/n/12 receive another four, with review, integration, rework and the pilot bringing

Underfull \hbox (badness 1789) in paragraph at lines 216--226
\TU/TeXGyrePagella(0)/m/n/12 the allowance to twelve weeks. The earlier three-week first-stage estimate did

Underfull \hbox (badness 2293) in paragraph at lines 216--226
\TU/TeXGyrePagella(0)/m/n/12 not include a required Java backend. This revised allocation remains a plan-

Underfull \hbox (badness 1571) in paragraph at lines 216--226
\TU/TeXGyrePagella(0)/m/n/12 ning assumption, with scope reduction or a schedule extension if full operator

Underfull \hbox (badness 1152) in paragraph at lines 216--226
\TU/TeXGyrePagella(0)/m/n/12 conformance takes longer. Each package specifies files, function signatures, de-

Underfull \hbox (badness 3343) in paragraph at lines 216--226
\TU/TeXGyrePagella(0)/m/n/12 pendent packages and tests. Its acceptance condition concerns behavior, not

Underfull \hbox (badness 4686) in paragraph at lines 216--226
\TU/TeXGyrePagella(0)/m/n/12 elapsed time. For example, W03 supplies \TU/DejaVuSansMono(0)/m/n/12 ir/evaluate.py \TU/TeXGyrePagella(0)/m/n/12 and \TU/DejaVuSansMono(0)/m/n/12 ir/trace.py\TU/TeXGyrePagella(0)/m/n/12 ;

Underfull \hbox (badness 10000) in paragraph at lines 216--226
\TU/TeXGyrePagella(0)/m/n/12 W04 supplies \TU/DejaVuSansMono(0)/m/n/12 review/lifecycle.py \TU/TeXGyrePagella(0)/m/n/12 and \TU/DejaVuSansMono(0)/m/n/12 review/amendment.py\TU/TeXGyrePagella(0)/m/n/12 ; W07 supplies
[157]
Underfull \hbox (badness 1748) in paragraph at lines 256--264
\TU/TeXGyrePagella(0)/m/n/12 per RuleIR operator, result serialization, exact numeric/date behavior, compiled
[158]

LaTeX Warning: Reference `sec:dry-run' on page 159 undefined on input line 309.


LaTeX Warning: Reference `sec:java' on page 159 undefined on input line 309.


Underfull \hbox (badness 10000) in paragraph at lines 295--312
[]\TU/TeXGyrePagella(0)/m/n/12 The original specification checker validates three initial JSON schemas, the

Underfull \hbox (badness 10000) in paragraph at lines 295--312
\TU/TeXGyrePagella(0)/m/n/12 35 decision fixture contracts, six negative examples, event-record structure,
[159] [160] (./chapters/08a-executed-workbench.tex [161]
Overfull \hbox (17.78545pt too wide) in paragraph at lines 46--55
\TU/TeXGyrePagella(0)/m/n/12 bundle digest is $[][][][][][][][][][][][][][][][][][][][][][][][][][][][][][][][][][][][][][][][][][][][][][][][][][][][][][][][][][][][][][][][]$.

Overfull \hbox (66.74846pt too wide) in paragraph at lines 46--55
\TU/TeXGyrePagella(0)/m/n/12 The original JAR digest is $[][][][][][][][][][][][][][][][][][][][][][][][][][][][][][][][][][][][][][][][][][][][][][][][][][][][][][][][][][][][][][][][]$;

Overfull \hbox (121.92046pt too wide) in paragraph at lines 46--55
\TU/TeXGyrePagella(0)/m/n/12 the synthetic amended JAR digest is $[][][][][][][][][][][][][][][][][][][][][][][][][][][][][][][][][][][][][][][][][][][][][][][][][][][][][][][][][][][][][][][][]$.

LaTeX Warning: Reference `tab:executed-tasks' on page 162 undefined on input line 59.

[162] [163] [164]
Overfull \hbox (23.74728pt too wide) in paragraph at lines 142--149
[]\TU/TeXGyrePagella(0)/m/n/12 For a fresh environment, create a Python 3.11 virtual environment, install $[][][][][][][][][][][][][][][][][] []

Underfull \hbox (badness 1107) in paragraph at lines 166--173
\TU/TeXGyrePagella(0)/m/n/12 Contract regeneration reproduced 31 JSON files, including the current OpenAPI

Underfull \hbox (badness 1975) in paragraph at lines 166--173
\TU/TeXGyrePagella(0)/m/n/12 Python/Java comparisons exclude their intentionally different backend identities

Underfull \hbox (badness 2478) in paragraph at lines 174--181
\TU/TeXGyrePagella(0)/m/n/12 browser record covers five Chromium views, an authenticated request, mobile
[165]) [166] [167] [168] [169] [170] [171] [172] [173] [174] [175] [176] [177] [178]) (./chapters/09-evaluation.tex [179]
Chapter 9.
[180]

Package natbib Warning: Citation `sfcspi' on page 181 undefined on input line 54.


Package natbib Warning: Citation `sfctoken2023' on page 181 undefined on input line 54.


Package natbib Warning: Citation `sfctoken2026' on page 181 undefined on input line 54.


Package natbib Warning: Citation `sfcreview2025' on page 181 undefined on input line 54.

[181] [182] [183]

Package natbib Warning: Citation `sfcspiannex1' on page 184 undefined on input line 241.


Package natbib Warning: Citation `sfcspiannex2' on page 184 undefined on input line 241.


Package natbib Warning: Citation `sfctoken2023' on page 184 undefined on input line 241.


Package natbib Warning: Citation `sfctoken2026' on page 184 undefined on input line 241.


Package natbib Warning: Citation `sfcreview2025' on page 184 undefined on input line 241.

[184] [185] [186] [187] [188] [189] [190] [191] [192] [193] [194] [195]) (./chapters/10-operation.tex [196]
Chapter 10.
[197] [198] [199] [200]

Package natbib Warning: Citation `sfctoken2023' on page 201 undefined on input line 215.


Package natbib Warning: Citation `sfctoken2026' on page 201 undefined on input line 215.


Package natbib Warning: Citation `sfctoken2026' on page 201 undefined on input line 224.


Package natbib Warning: Citation `sfctoken2026' on page 201 undefined on input line 233.


Package natbib Warning: Citation `sfctoken2026' on page 201 undefined on input line 240.


Package natbib Warning: Citation `sfctoken2023' on page 201 undefined on input line 252.


Package natbib Warning: Citation `sfctoken2026' on page 201 undefined on input line 252.

[201] [202] [203] [204] [205] [206] [207] [208] [209] [210] [211] [212]) [213] (./monograph.bbl [214] [215] [216] [217] [218])

Package natbib Warning: There were undefined citations.

[219] (./monograph.aux)

LaTeX Warning: There were undefined references.


LaTeX Warning: Label(s) may have changed. Rerun to get cross-references right.


Package rerunfilecheck Warning: File `monograph.out' has changed.
(rerunfilecheck)                Rerun to get outlines right
(rerunfilecheck)                or use package `bookmark'.

 )
(see the transcript file for additional information)
Output written on monograph.xdv (227 pages, 6778308 bytes).
Transcript written on monograph.log.
Latexmk: Getting log file 'monograph.log'
Latexmk: Examining 'monograph.fls'
Latexmk: Examining 'monograph.log'
Latexmk: Found input bbl file 'monograph.bbl'
Latexmk: References changed.
Latexmk: References changed.
Latexmk: Log file says output to 'monograph.xdv'
Latexmk: Using bibtex to make bibliography file(s).
  ===Source file 'monograph.bbl' for 'xelatex'
Latexmk: Found bibliography file(s):
  ./references.bib
Latexmk: applying rule 'bibtex monograph'...
Rule 'bibtex monograph':  Reasons for rerun
Changed files or newly in use/created:
  monograph.aux

------------
Run number 2 of rule 'bibtex monograph'
------------
------------
Running 'bibtex  "monograph.aux"'
------------
This is BibTeX, Version 0.99e (TeX Live 2026)
The top-level auxiliary file: monograph.aux
The style file: plainnat.bst
Database file #1: references.bib
Latexmk: applying rule 'xelatex'...
Rule 'xelatex':  Reasons for rerun
Changed files or newly in use/created:
  monograph.aux
  monograph.bbl
  monograph.out
  monograph.toc

------------
Run number 2 of rule 'xelatex'
------------
------------
Running 'xelatex -no-pdf -interaction=nonstopmode -halt-on-error -recorder  "monograph.tex"'
------------
This is XeTeX, Version 3.141592653-2.6-0.999998 (TeX Live 2026) (preloaded format=xelatex)
 restricted \write18 enabled.
entering extended mode
(./monograph.tex
LaTeX2e <2025-11-01>
L3 programming layer <2026-03-20>
(/home/chakwong/.TinyTeX/texmf-dist/tex/latex/base/book.cls
Document Class: book 2025/01/22 v1.4n Standard LaTeX document class
(/home/chakwong/.TinyTeX/texmf-dist/tex/latex/base/bk12.clo)) (/home/chakwong/.TinyTeX/texmf-dist/tex/latex/geometry/geometry.sty (/home/chakwong/.TinyTeX/texmf-dist/tex/latex/graphics/keyval.sty) (/home/chakwong/.TinyTeX/texmf-dist/tex/generic/iftex/ifvtex.sty (/home/chakwong/.TinyTeX/texmf-dist/tex/generic/iftex/iftex.sty))) (/home/chakwong/.TinyTeX/texmf-dist/tex/latex/fontspec/fontspec.sty (/home/chakwong/.TinyTeX/texmf-dist/tex/latex/l3packages/xparse/xparse.sty (/home/chakwong/.TinyTeX/texmf-dist/tex/latex/l3kernel/expl3.sty (/home/chakwong/.TinyTeX/texmf-dist/tex/latex/l3backend/l3backend-xetex.def))) (/home/chakwong/.TinyTeX/texmf-dist/tex/latex/fontspec/fontspec-xetex.sty (/home/chakwong/.TinyTeX/texmf-dist/tex/latex/base/fontenc.sty) (/home/chakwong/.TinyTeX/texmf-dist/tex/latex/fontspec/fontspec.cfg))) (/home/chakwong/.TinyTeX/texmf-dist/tex/latex/amsmath/amsmath.sty
For additional information on amsmath, use the `?' option.
(/home/chakwong/.TinyTeX/texmf-dist/tex/latex/amsmath/amstext.sty (/home/chakwong/.TinyTeX/texmf-dist/tex/latex/amsmath/amsgen.sty)) (/home/chakwong/.TinyTeX/texmf-dist/tex/latex/amsmath/amsbsy.sty) (/home/chakwong/.TinyTeX/texmf-dist/tex/latex/amsmath/amsopn.sty)) (/home/chakwong/.TinyTeX/texmf-dist/tex/latex/amsfonts/amssymb.sty (/home/chakwong/.TinyTeX/texmf-dist/tex/latex/amsfonts/amsfonts.sty)) (/home/chakwong/.TinyTeX/texmf-dist/tex/latex/mathtools/mathtools.sty (/home/chakwong/.TinyTeX/texmf-dist/tex/latex/tools/calc.sty) (/home/chakwong/.TinyTeX/texmf-dist/tex/latex/mathtools/mhsetup.sty)) (/home/chakwong/.TinyTeX/texmf-dist/tex/latex/amscls/amsthm.sty) (/home/chakwong/.TinyTeX/texmf-dist/tex/latex/microtype/microtype.sty (/home/chakwong/.TinyTeX/texmf-dist/tex/latex/etoolbox/etoolbox.sty) (/home/chakwong/.TinyTeX/texmf-dist/tex/latex/microtype/microtype-xetex.def) (/home/chakwong/.TinyTeX/texmf-dist/tex/latex/microtype/microtype.cfg)) (/home/chakwong/.TinyTeX/texmf-dist/tex/latex/setspace/setspace.sty) (/home/chakwong/.TinyTeX/texmf-dist/tex/latex/booktabs/booktabs.sty) (/home/chakwong/.TinyTeX/texmf-dist/tex/latex/tools/longtable.sty) (/home/chakwong/.TinyTeX/texmf-dist/tex/latex/tools/tabularx.sty (/home/chakwong/.TinyTeX/texmf-dist/tex/latex/tools/array.sty)) (/home/chakwong/.TinyTeX/texmf-dist/tex/latex/graphics/graphicx.sty (/home/chakwong/.TinyTeX/texmf-dist/tex/latex/graphics/graphics.sty (/home/chakwong/.TinyTeX/texmf-dist/tex/latex/graphics/trig.sty) (/home/chakwong/.TinyTeX/texmf-dist/tex/latex/graphics-cfg/graphics.cfg) (/home/chakwong/.TinyTeX/texmf-dist/tex/latex/graphics-def/xetex.def))) (/home/chakwong/.TinyTeX/texmf-dist/tex/latex/xcolor/xcolor.sty (/home/chakwong/.TinyTeX/texmf-dist/tex/latex/graphics-cfg/color.cfg) (/home/chakwong/.TinyTeX/texmf-dist/tex/latex/graphics/mathcolor.ltx)) (/home/chakwong/.TinyTeX/texmf-dist/tex/latex/pgf/frontendlayer/tikz.sty (/home/chakwong/.TinyTeX/texmf-dist/tex/latex/pgf/basiclayer/pgf.sty (/home/chakwong/.TinyTeX/texmf-dist/tex/latex/pgf/utilities/pgfrcs.sty (/home/chakwong/.TinyTeX/texmf-dist/tex/generic/pgf/utilities/pgfutil-common.tex) (/home/chakwong/.TinyTeX/texmf-dist/tex/generic/pgf/utilities/pgfutil-latex.def) (/home/chakwong/.TinyTeX/texmf-dist/tex/generic/pgf/utilities/pgfrcs.code.tex (/home/chakwong/.TinyTeX/texmf-dist/tex/generic/pgf/pgf.revision.tex))) (/home/chakwong/.TinyTeX/texmf-dist/tex/latex/pgf/basiclayer/pgfcore.sty (/home/chakwong/.TinyTeX/texmf-dist/tex/latex/pgf/systemlayer/pgfsys.sty (/home/chakwong/.TinyTeX/texmf-dist/tex/generic/pgf/systemlayer/pgfsys.code.tex (/home/chakwong/.TinyTeX/texmf-dist/tex/generic/pgf/utilities/pgfkeys.code.tex (/home/chakwong/.TinyTeX/texmf-dist/tex/generic/pgf/utilities/pgfkeyslibraryfiltered.code.tex)) (/home/chakwong/.TinyTeX/texmf-dist/tex/generic/pgf/systemlayer/pgf.cfg) (/home/chakwong/.TinyTeX/texmf-dist/tex/generic/pgf/systemlayer/pgfsys-xetex.def (/home/chakwong/.TinyTeX/texmf-dist/tex/generic/pgf/systemlayer/pgfsys-dvipdfmx.def (/home/chakwong/.TinyTeX/texmf-dist/tex/generic/pgf/systemlayer/pgfsys-common-pdf.def)))) (/home/chakwong/.TinyTeX/texmf-dist/tex/generic/pgf/systemlayer/pgfsyssoftpath.code.tex) (/home/chakwong/.TinyTeX/texmf-dist/tex/generic/pgf/systemlayer/pgfsysprotocol.code.tex)) (/home/chakwong/.TinyTeX/texmf-dist/tex/generic/pgf/basiclayer/pgfcore.code.tex (/home/chakwong/.TinyTeX/texmf-dist/tex/generic/pgf/math/pgfmath.code.tex (/home/chakwong/.TinyTeX/texmf-dist/tex/generic/pgf/math/pgfmathutil.code.tex) (/home/chakwong/.TinyTeX/texmf-dist/tex/generic/pgf/math/pgfmathparser.code.tex) (/home/chakwong/.TinyTeX/texmf-dist/tex/generic/pgf/math/pgfmathfunctions.code.tex) (/home/chakwong/.TinyTeX/texmf-dist/tex/generic/pgf/math/pgfmathfunctions.basic.code.tex) (/home/chakwong/.TinyTeX/texmf-dist/tex/generic/pgf/math/pgfmathfunctions.trigonometric.code.tex) (/home/chakwong/.TinyTeX/texmf-dist/tex/generic/pgf/math/pgfmathfunctions.random.code.tex) (/home/chakwong/.TinyTeX/texmf-dist/tex/generic/pgf/math/pgfmathfunctions.comparison.code.tex) (/home/chakwong/.TinyTeX/texmf-dist/tex/generic/pgf/math/pgfmathfunctions.base.code.tex) (/home/chakwong/.TinyTeX/texmf-dist/tex/generic/pgf/math/pgfmathfunctions.round.code.tex) (/home/chakwong/.TinyTeX/texmf-dist/tex/generic/pgf/math/pgfmathfunctions.misc.code.tex) (/home/chakwong/.TinyTeX/texmf-dist/tex/generic/pgf/math/pgfmathfunctions.integerarithmetics.code.tex) (/home/chakwong/.TinyTeX/texmf-dist/tex/generic/pgf/math/pgfmathcalc.code.tex) (/home/chakwong/.TinyTeX/texmf-dist/tex/generic/pgf/math/pgfmathfloat.code.tex)) (/home/chakwong/.TinyTeX/texmf-dist/tex/generic/pgf/math/pgfint.code.tex) (/home/chakwong/.TinyTeX/texmf-dist/tex/generic/pgf/basiclayer/pgfcorepoints.code.tex) (/home/chakwong/.TinyTeX/texmf-dist/tex/generic/pgf/basiclayer/pgfcorepathconstruct.code.tex) (/home/chakwong/.TinyTeX/texmf-dist/tex/generic/pgf/basiclayer/pgfcorepathusage.code.tex) (/home/chakwong/.TinyTeX/texmf-dist/tex/generic/pgf/basiclayer/pgfcorescopes.code.tex) (/home/chakwong/.TinyTeX/texmf-dist/tex/generic/pgf/basiclayer/pgfcoregraphicstate.code.tex) (/home/chakwong/.TinyTeX/texmf-dist/tex/generic/pgf/basiclayer/pgfcoretransformations.code.tex) (/home/chakwong/.TinyTeX/texmf-dist/tex/generic/pgf/basiclayer/pgfcorequick.code.tex) (/home/chakwong/.TinyTeX/texmf-dist/tex/generic/pgf/basiclayer/pgfcoreobjects.code.tex) (/home/chakwong/.TinyTeX/texmf-dist/tex/generic/pgf/basiclayer/pgfcorepathprocessing.code.tex) (/home/chakwong/.TinyTeX/texmf-dist/tex/generic/pgf/basiclayer/pgfcorearrows.code.tex) (/home/chakwong/.TinyTeX/texmf-dist/tex/generic/pgf/basiclayer/pgfcoreshade.code.tex) (/home/chakwong/.TinyTeX/texmf-dist/tex/generic/pgf/basiclayer/pgfcoreimage.code.tex) (/home/chakwong/.TinyTeX/texmf-dist/tex/generic/pgf/basiclayer/pgfcoreexternal.code.tex) (/home/chakwong/.TinyTeX/texmf-dist/tex/generic/pgf/basiclayer/pgfcorelayers.code.tex) (/home/chakwong/.TinyTeX/texmf-dist/tex/generic/pgf/basiclayer/pgfcoretransparency.code.tex) (/home/chakwong/.TinyTeX/texmf-dist/tex/generic/pgf/basiclayer/pgfcorepatterns.code.tex) (/home/chakwong/.TinyTeX/texmf-dist/tex/generic/pgf/basiclayer/pgfcorerdf.code.tex))) (/home/chakwong/.TinyTeX/texmf-dist/tex/generic/pgf/modules/pgfmoduleshapes.code.tex) (/home/chakwong/.TinyTeX/texmf-dist/tex/generic/pgf/modules/pgfmoduleplot.code.tex) (/home/chakwong/.TinyTeX/texmf-dist/tex/latex/pgf/compatibility/pgfcomp-version-0-65.sty) (/home/chakwong/.TinyTeX/texmf-dist/tex/latex/pgf/compatibility/pgfcomp-version-1-18.sty)) (/home/chakwong/.TinyTeX/texmf-dist/tex/latex/pgf/utilities/pgffor.sty (/home/chakwong/.TinyTeX/texmf-dist/tex/latex/pgf/utilities/pgfkeys.sty (/home/chakwong/.TinyTeX/texmf-dist/tex/generic/pgf/utilities/pgfkeys.code.tex)) (/home/chakwong/.TinyTeX/texmf-dist/tex/latex/pgf/math/pgfmath.sty (/home/chakwong/.TinyTeX/texmf-dist/tex/generic/pgf/math/pgfmath.code.tex)) (/home/chakwong/.TinyTeX/texmf-dist/tex/generic/pgf/utilities/pgffor.code.tex)) (/home/chakwong/.TinyTeX/texmf-dist/tex/generic/pgf/frontendlayer/tikz/tikz.code.tex (/home/chakwong/.TinyTeX/texmf-dist/tex/generic/pgf/libraries/pgflibraryplothandlers.code.tex) (/home/chakwong/.TinyTeX/texmf-dist/tex/generic/pgf/modules/pgfmodulematrix.code.tex) (/home/chakwong/.TinyTeX/texmf-dist/tex/generic/pgf/frontendlayer/tikz/libraries/tikzlibrarytopaths.code.tex))) (/home/chakwong/.TinyTeX/texmf-dist/tex/generic/pgf/libraries/pgflibraryarrows.meta.code.tex) (/home/chakwong/.TinyTeX/texmf-dist/tex/generic/pgf/frontendlayer/tikz/libraries/tikzlibrarypositioning.code.tex) (/home/chakwong/.TinyTeX/texmf-dist/tex/generic/pgf/frontendlayer/tikz/libraries/tikzlibrarycalc.code.tex) (/home/chakwong/.TinyTeX/texmf-dist/tex/generic/pgf/frontendlayer/tikz/libraries/tikzlibraryshapes.geometric.code.tex (/home/chakwong/.TinyTeX/texmf-dist/tex/generic/pgf/libraries/shapes/pgflibraryshapes.geometric.code.tex)) (/home/chakwong/.TinyTeX/texmf-dist/tex/latex/enumitem/enumitem.sty) (/home/chakwong/.TinyTeX/texmf-dist/tex/latex/listings/listings.sty (/home/chakwong/.TinyTeX/texmf-dist/tex/latex/listings/lstpatch.sty) (/home/chakwong/.TinyTeX/texmf-dist/tex/latex/listings/lstmisc.sty) (/home/chakwong/.TinyTeX/texmf-dist/tex/latex/listings/listings.cfg))
==> First Aid for listings.sty no longer applied!
    Expected:
        2024/09/23 1.10c (Carsten Heinz)
    but found:
        2025/11/14 1.11b (Carsten Heinz)
    so I'm assuming it got fixed.
(/home/chakwong/.TinyTeX/texmf-dist/tex/latex/titlesec/titlesec.sty) (/home/chakwong/.TinyTeX/texmf-dist/tex/latex/natbib/natbib.sty) (/home/chakwong/.TinyTeX/texmf-dist/tex/latex/url/url.sty) (/home/chakwong/.TinyTeX/texmf-dist/tex/latex/hyperref/hyperref.sty (/home/chakwong/.TinyTeX/texmf-dist/tex/latex/kvsetkeys/kvsetkeys.sty) (/home/chakwong/.TinyTeX/texmf-dist/tex/generic/kvdefinekeys/kvdefinekeys.sty) (/home/chakwong/.TinyTeX/texmf-dist/tex/generic/pdfescape/pdfescape.sty (/home/chakwong/.TinyTeX/texmf-dist/tex/generic/ltxcmds/ltxcmds.sty) (/home/chakwong/.TinyTeX/texmf-dist/tex/generic/pdftexcmds/pdftexcmds.sty (/home/chakwong/.TinyTeX/texmf-dist/tex/generic/infwarerr/infwarerr.sty))) (/home/chakwong/.TinyTeX/texmf-dist/tex/latex/hycolor/hycolor.sty) (/home/chakwong/.TinyTeX/texmf-dist/tex/latex/hyperref/nameref.sty (/home/chakwong/.TinyTeX/texmf-dist/tex/latex/refcount/refcount.sty) (/home/chakwong/.TinyTeX/texmf-dist/tex/generic/gettitlestring/gettitlestring.sty (/home/chakwong/.TinyTeX/texmf-dist/tex/latex/kvoptions/kvoptions.sty))) (/home/chakwong/.TinyTeX/texmf-dist/tex/generic/stringenc/stringenc.sty) (/home/chakwong/.TinyTeX/texmf-dist/tex/latex/hyperref/pd1enc.def) (/home/chakwong/.TinyTeX/texmf-dist/tex/generic/intcalc/intcalc.sty) (/home/chakwong/.TinyTeX/texmf-dist/tex/latex/hyperref/puenc.def) (/home/chakwong/.TinyTeX/texmf-dist/tex/generic/bitset/bitset.sty (/home/chakwong/.TinyTeX/texmf-dist/tex/generic/bigintcalc/bigintcalc.sty))) (/home/chakwong/.TinyTeX/texmf-dist/tex/latex/hyperref/hxetex.def (/home/chakwong/.TinyTeX/texmf-dist/tex/latex/rerunfilecheck/rerunfilecheck.sty (/home/chakwong/.TinyTeX/texmf-dist/tex/generic/uniquecounter/uniquecounter.sty))) (./monograph.aux)
*geometry* driver: auto-detecting
*geometry* detected driver: xetex
(/home/chakwong/.TinyTeX/texmf-dist/tex/latex/microtype/mt-Palatino.cfg) (./monograph.out) (./monograph.out) (/home/chakwong/.TinyTeX/texmf-dist/tex/latex/amsfonts/umsa.fd) (/home/chakwong/.TinyTeX/texmf-dist/tex/latex/microtype/mt-msa.cfg) (/home/chakwong/.TinyTeX/texmf-dist/tex/latex/amsfonts/umsb.fd) (/home/chakwong/.TinyTeX/texmf-dist/tex/latex/microtype/mt-msb.cfg) (/home/chakwong/.TinyTeX/texmf-dist/tex/latex/microtype/mt-cmr.cfg) [1] [1]
Overfull \hbox (0.11327pt too wide) in paragraph at lines 155--161
\TU/TeXGyrePagella(0)/m/n/12 tion monograph. One bibliography serves the entire work. The accompanying preserva-
[2] (./monograph.toc [3] [4] [5] [6] [7]) [8] (./chapters/01-problem.tex
Chapter 1.
[1]

Package natbib Warning: Citation `sfcindex' on page 2 undefined on input line 115.


Package natbib Warning: Citation `sfcspi' on page 2 undefined on input line 115.


Package natbib Warning: Citation `sfctoken2026' on page 2 undefined on input line 115.


Underfull \hbox (badness 4416) in paragraph at lines 106--116
\TU/TeXGyrePagella(0)/m/n/12 The supplied Hong Kong Securities and Futures Commission (SFC) product-
[2]

Package natbib Warning: Citation `sfcreview2025' on page 3 undefined on input line 130.

[3] [4] [5] [6] [7] [8] [9] [10]) (./chapters/02-circular.tex [11]
Chapter 2.

Package natbib Warning: Citation `sfcspi' on page 12 undefined on input line 21.


Package natbib Warning: Citation `sfcspiannex1' on page 12 undefined on input line 21.


Package natbib Warning: Citation `sfcspiannex2' on page 12 undefined on input line 21.


Package natbib Warning: Citation `sfcspiannex1' on page 12 undefined on input line 32.


Package natbib Warning: Citation `sfcspiannex1' on page 12 undefined on input line 43.

[12]

Package natbib Warning: Citation `sfcspiannex1' on page 13 undefined on input line 53.


Package natbib Warning: Citation `sfcspiannex1' on page 13 undefined on input line 73.


Underfull \hbox (badness 2529) in paragraph at lines 65--74
\TU/TeXGyrePagella(0)/m/n/12 Paragraph 1 combines professional-investor status, the financial criteria, knowl-

Package natbib Warning: Citation `sfcspiannex1' on page 13 undefined on input line 91.

[13]

Package natbib Warning: Citation `sfcspiannex2' on page 14 undefined on input line 99.


Package natbib Warning: Citation `sfcspiannex1' on page 14 undefined on input line 108.


Package natbib Warning: Citation `sfcspiannex2' on page 14 undefined on input line 108.


Package natbib Warning: Citation `sfcspiannex1' on page 14 undefined on input line 126.


Package natbib Warning: Citation `sfcspiannex1' on page 14 undefined on input line 132.

[14]

Package natbib Warning: Citation `sfcspi' on page 15 undefined on input line 158.


Package natbib Warning: Citation `sfcspiannex1' on page 15 undefined on input line 158.


Package natbib Warning: Citation `sfcspiannex2' on page 15 undefined on input line 158.


Package natbib Warning: Citation `sfcspiannex1' on page 15 undefined on input line 189.


Package natbib Warning: Citation `sfcspiannex1' on page 15 undefined on input line 199.


Package natbib Warning: Citation `sfcspiannex2' on page 15 undefined on input line 199.

[15]

Package natbib Warning: Citation `sfcspiannex1' on page 16 undefined on input line 206.

[16] [17] [18] [19] [20] [21] [22]
Overfull \hbox (11.65746pt too wide) in paragraph at lines 436--444
[]\TU/TeXGyrePagella(0)/m/n/12 The generated class and a small support library are compiled into \TU/DejaVuSansMono(0)/m/n/12 spi-controls-demo.jar\TU/TeXGyrePagella(0)/m/n/12 .
[23] [24]
Underfull \hbox (badness 1221) in paragraph at lines 534--541
\TU/TeXGyrePagella(0)/m/n/12 retained experiment selected its paragraph-10 gift restriction. The circular as a
[25] [26] [27] [28] [29] [30] [31] [32] [33] [34]) (./chapters/03-proof.tex [35]
Chapter 3.
[36] [37] [38] [39] [40] [41] [42]

Package natbib Warning: Citation `sfcspiannex1' on page 43 undefined on input line 402.

[43] [44] [45] [46] [47] [48] [49] [50] [51] [52] [53]) (./chapters/04-languages.tex [54]
Chapter 4.

Underfull \hbox (badness 1152) in paragraph at lines 43--52
\TU/TeXGyrePagella(0)/m/n/12 through time. Recent language-model research attempts to cross the remaining
[55]

Package natbib Warning: Citation `libraryreview' on page 56 undefined on input line 72.


Underfull \hbox (badness 3919) in paragraph at lines 77--89
\TU/TeXGyrePagella(0)/m/n/12 predate Catala, while contract languages have partially separate citation com-

Underfull \hbox (badness 1418) in paragraph at lines 77--89
\TU/TeXGyrePagella(0)/m/n/12 munities. The retained forward-citation records have individual dispositions in
[56] [57] [58] [59]

Package natbib Warning: Citation `catalacode' on page 60 undefined on input line 311.

[60] [61] [62]

Package natbib Warning: Citation `sfcspiannex1' on page 63 undefined on input line 419.

[63] [64] [65] [66] [67] [68] [69]
Underfull \hbox (badness 1960) in paragraph at lines 812--819
[]\TU/TeXGyrePagella(0)/m/n/12 General verification cannot be promised for every expressive contract language.

Underfull \hbox (badness 1590) in paragraph at lines 812--819
[][]\TU/TeXGyrePagella(0)/m/n/12 Delzanno et al.[][] ([][]2026[][]) establish undecidability results for clause reachability in
[70]

Package natbib Warning: Citation `stipulakeycode' on page 71 undefined on input line 864.

[71]

Package natbib Warning: Citation `crafa2022' on page 72 undefined on input line 894.


Package natbib Warning: Citation `stipulakeycode' on page 72 undefined on input line 907.

[72]

Package natbib Warning: Citation `stipulaplatform2026' on page 73 undefined on input line 959.


Underfull \hbox (badness 1158) in paragraph at lines 957--969
\TU/TeXGyrePagella(0)/m/n/12 cooperative, strategyless behavior for the discussed property and states that the
[73] [74]
Underfull \hbox (badness 3098) in paragraph at lines 1071--1081
\TU/TeXGyrePagella(0)/m/n/12 system interface: declarations establish institutional concepts, events change a

Underfull \hbox (badness 1067) in paragraph at lines 1071--1081
\TU/TeXGyrePagella(0)/m/n/12 sharing/KYC exploration with ABN AMRO and ING, using separate policy and
[75]

Package natbib Warning: Citation `eflintartifact' on page 76 undefined on input line 1117.


Package natbib Warning: Citation `symboleocode' on page 76 undefined on input line 1128.

[76]

Package natbib Warning: Citation `catalacode' on page 77 undefined on input line 1184.


Package natbib Warning: Citation `droolscode' on page 77 undefined on input line 1185.


Package natbib Warning: Citation `stipulacode' on page 77 undefined on input line 1187.


Package natbib Warning: Citation `stipulakeycode' on page 77 undefined on input line 1187.


Package natbib Warning: Citation `l4code' on page 77 undefined on input line 1189.


Package natbib Warning: Citation `symboleocode' on page 77 undefined on input line 1190.


Package natbib Warning: Citation `semanticcompliance2016' on page 77 undefined on input line 1191.


Package natbib Warning: Citation `blawxcode' on page 77 undefined on input line 1192.


Package natbib Warning: Citation `z3code' on page 77 undefined on input line 1193.


Package natbib Warning: Citation `localrepos' on page 77 undefined on input line 1193.


Package natbib Warning: Citation `openfiscacode' on page 77 undefined on input line 1194.


Package natbib Warning: Citation `opadocs' on page 77 undefined on input line 1195.


Package natbib Warning: Citation `cicerocode' on page 77 undefined on input line 1196.

[77] [78]

Package natbib Warning: Citation `l4code' on page 79 undefined on input line 1206.

[79] [80]

Package natbib Warning: Citation `sara2020' on page 81 undefined on input line 1308.


Package natbib Warning: Citation `connecting2023' on page 81 undefined on input line 1314.


Package natbib Warning: Citation `connecting2023' on page 81 undefined on input line 1317.


Package natbib Warning: Citation `libraryreview' on page 81 undefined on input line 1341.

[81]

Package natbib Warning: Citation `jurayj2025extended' on page 82 undefined on input line 1401.

[82]

Package natbib Warning: Citation `libraryreview' on page 83 undefined on input line 1422.


Package natbib Warning: Citation `legalbench2023' on page 83 undefined on input line 1438.

[83] [84] [85] [86]

Package natbib Warning: Citation `libraryreview' on page 87 undefined on input line 1637.


Package natbib Warning: Citation `ghose2007' on page 87 undefined on input line 1661.

[87]

Package natbib Warning: Citation `compliancehard2015' on page 88 undefined on input line 1666.


Package natbib Warning: Citation `compliancehard2015' on page 88 undefined on input line 1671.


Package natbib Warning: Citation `semanticcompliance2016' on page 88 undefined on input line 1688.

[88]) (./chapters/05-search.tex [89]
Chapter 5.

Underfull \hbox (badness 3049) in paragraph at lines 45--51
\TU/TeXGyrePagella(0)/m/n/12 The drafting service should propose clause segments, roles, definitions, cross-
[90] [91] [92] [93] [94] [95] [96] [97] [98] [99]

Package natbib Warning: Citation `localrepos' on page 100 undefined on input line 524.


Underfull \hbox (badness 1622) in paragraph at lines 547--553
\TU/TeXGyrePagella(0)/m/n/12 A legal adapter would compare rules, definitions, scope and dates rather than

Package natbib Warning: Citation `localrepos' on page 100 undefined on input line 558.

[100]) (./chapters/06-ensemble.tex [101]
Chapter 6.
[102] [103] [104] [105] [106] [107] [108] [109] [110] [111] [112] [113] [114] [115] [116] [117] [118] [119]
Underfull \hbox (badness 1742) in paragraph at lines 896--902
\TU/TeXGyrePagella(0)/m/n/12 An action moves through \TU/DejaVuSansMono(0)/m/n/12 RESERVED\TU/TeXGyrePagella(0)/m/n/12 , \TU/DejaVuSansMono(0)/m/n/12 DISPATCHED\TU/TeXGyrePagella(0)/m/n/12 , and one of \TU/DejaVuSansMono(0)/m/n/12 SUCCEEDED\TU/TeXGyrePagella(0)/m/n/12 , \TU/DejaVuSansMono(0)/m/n/12 FAILED\TU/TeXGyrePagella(0)/m/n/12 ,
[120] [121] [122] [123] [124] [125]
Underfull \hbox (badness 1005) in paragraph at lines 1194--1201
\TU/TeXGyrePagella(0)/m/n/12 into reproducible evidence. Its human readability matters because a technically
[126] [127]) (./chapters/07-verification.tex [128]
Chapter 7.
[129]
Underfull \hbox (badness 1077) in paragraph at lines 65--71
\TU/TeXGyrePagella(0)/m/n/12 unconditional scope for this isolated subcondition, the expression, interpretation

Underfull \hbox (badness 2951) in paragraph at lines 100--109
\TU/DejaVuSansMono(0)/m/n/12 not\TU/TeXGyrePagella(0)/m/n/12 , equality/inclusive/strict comparison, addition, subtraction, rational scaling,
[130]
Underfull \hbox (badness 1308) in paragraph at lines 110--114
\TU/DejaVuSansMono(0)/m/n/12 Expr \TU/TeXGyrePagella(0)/m/n/12 additionally carries a unique \TU/DejaVuSansMono(0)/m/n/12 node_id\TU/TeXGyrePagella(0)/m/n/12 . A rule is \TU/DejaVuSansMono(0)/m/n/12 (id, type, scope, body,
[131] [132] [133] [134] [135] [136] [137] [138]
Underfull \hbox (badness 1466) in paragraph at lines 544--550
[]\TU/TeXGyrePagella(0)/m/n/12 The current comparison fragment supports documented Boolean and exact inte-
[139] [140] (/home/chakwong/.TinyTeX/texmf-dist/tex/latex/listings/lstlang1.sty) [141]
Underfull \hbox (badness 1221) in paragraph at lines 679--687
\TU/TeXGyrePagella(0)/m/n/12 reject an unsupported fraction of a cent after the adopted conversion. In Java,
[142] [143] [144] [145] [146] [147]

Package natbib Warning: Citation `sfcspiannex1' on page 148 undefined on input line 986.


Package natbib Warning: Citation `sfcspiannex2' on page 148 undefined on input line 986.

[148] [149] [150] [151]
Underfull \hbox (badness 1062) in paragraph at lines 1182--1189
\TU/TeXGyrePagella(0)/m/n/12 supplies domain-qualified results and replayed witnesses. Differential execution
) (./chapters/08-implementation.tex [152]
Chapter 8.
[153]

Package natbib Warning: Citation `opadocs' on page 154 undefined on input line 101.

[154] [155] [156]
Underfull \hbox (badness 3942) in paragraph at lines 216--226
\TU/TeXGyrePagella(0)/m/n/12 receive another four, with review, integration, rework and the pilot bringing

Underfull \hbox (badness 1789) in paragraph at lines 216--226
\TU/TeXGyrePagella(0)/m/n/12 the allowance to twelve weeks. The earlier three-week first-stage estimate did

Underfull \hbox (badness 2293) in paragraph at lines 216--226
\TU/TeXGyrePagella(0)/m/n/12 not include a required Java backend. This revised allocation remains a plan-

Underfull \hbox (badness 1571) in paragraph at lines 216--226
\TU/TeXGyrePagella(0)/m/n/12 ning assumption, with scope reduction or a schedule extension if full operator

Underfull \hbox (badness 1152) in paragraph at lines 216--226
\TU/TeXGyrePagella(0)/m/n/12 conformance takes longer. Each package specifies files, function signatures, de-

Underfull \hbox (badness 3343) in paragraph at lines 216--226
\TU/TeXGyrePagella(0)/m/n/12 pendent packages and tests. Its acceptance condition concerns behavior, not

Underfull \hbox (badness 4686) in paragraph at lines 216--226
\TU/TeXGyrePagella(0)/m/n/12 elapsed time. For example, W03 supplies \TU/DejaVuSansMono(0)/m/n/12 ir/evaluate.py \TU/TeXGyrePagella(0)/m/n/12 and \TU/DejaVuSansMono(0)/m/n/12 ir/trace.py\TU/TeXGyrePagella(0)/m/n/12 ;

Underfull \hbox (badness 10000) in paragraph at lines 216--226
\TU/TeXGyrePagella(0)/m/n/12 W04 supplies \TU/DejaVuSansMono(0)/m/n/12 review/lifecycle.py \TU/TeXGyrePagella(0)/m/n/12 and \TU/DejaVuSansMono(0)/m/n/12 review/amendment.py\TU/TeXGyrePagella(0)/m/n/12 ; W07 supplies
[157]
Underfull \hbox (badness 1748) in paragraph at lines 256--264
\TU/TeXGyrePagella(0)/m/n/12 per RuleIR operator, result serialization, exact numeric/date behavior, compiled
[158]
Underfull \hbox (badness 10000) in paragraph at lines 295--312
[]\TU/TeXGyrePagella(0)/m/n/12 The original specification checker validates three initial JSON schemas, the

Underfull \hbox (badness 10000) in paragraph at lines 295--312
\TU/TeXGyrePagella(0)/m/n/12 35 decision fixture contracts, six negative examples, event-record structure,
[159] [160] (./chapters/08a-executed-workbench.tex [161]
Overfull \hbox (17.78545pt too wide) in paragraph at lines 46--55
\TU/TeXGyrePagella(0)/m/n/12 bundle digest is $[][][][][][][][][][][][][][][][][][][][][][][][][][][][][][][][][][][][][][][][][][][][][][][][][][][][][][][][][][][][][][][][]$.

Overfull \hbox (66.74846pt too wide) in paragraph at lines 46--55
\TU/TeXGyrePagella(0)/m/n/12 The original JAR digest is $[][][][][][][][][][][][][][][][][][][][][][][][][][][][][][][][][][][][][][][][][][][][][][][][][][][][][][][][][][][][][][][][]$;

Overfull \hbox (121.92046pt too wide) in paragraph at lines 46--55
\TU/TeXGyrePagella(0)/m/n/12 the synthetic amended JAR digest is $[][][][][][][][][][][][][][][][][][][][][][][][][][][][][][][][][][][][][][][][][][][][][][][][][][][][][][][][][][][][][][][][]$.
[162] [163] [164]
Overfull \hbox (23.74728pt too wide) in paragraph at lines 142--149
[]\TU/TeXGyrePagella(0)/m/n/12 For a fresh environment, create a Python 3.11 virtual environment, install $[][][][][][][][][][][][][][][][][] []

Underfull \hbox (badness 1107) in paragraph at lines 166--173
\TU/TeXGyrePagella(0)/m/n/12 Contract regeneration reproduced 31 JSON files, including the current OpenAPI

Underfull \hbox (badness 1975) in paragraph at lines 166--173
\TU/TeXGyrePagella(0)/m/n/12 Python/Java comparisons exclude their intentionally different backend identities

Underfull \hbox (badness 2478) in paragraph at lines 174--181
\TU/TeXGyrePagella(0)/m/n/12 browser record covers five Chromium views, an authenticated request, mobile
[165]) [166] [167] [168] [169] [170] [171] [172] [173] [174] [175] [176] [177] [178]) (./chapters/09-evaluation.tex [179]
Chapter 9.
[180]

Package natbib Warning: Citation `sfcspi' on page 181 undefined on input line 54.


Package natbib Warning: Citation `sfctoken2023' on page 181 undefined on input line 54.


Package natbib Warning: Citation `sfctoken2026' on page 181 undefined on input line 54.


Package natbib Warning: Citation `sfcreview2025' on page 181 undefined on input line 54.

[181] [182] [183]

Package natbib Warning: Citation `sfcspiannex1' on page 184 undefined on input line 241.


Package natbib Warning: Citation `sfcspiannex2' on page 184 undefined on input line 241.


Package natbib Warning: Citation `sfctoken2023' on page 184 undefined on input line 241.


Package natbib Warning: Citation `sfctoken2026' on page 184 undefined on input line 241.


Package natbib Warning: Citation `sfcreview2025' on page 184 undefined on input line 241.

[184] [185] [186] [187] [188] [189] [190] [191] [192] [193] [194] [195]) (./chapters/10-operation.tex [196]
Chapter 10.
[197] [198] [199] [200]

Package natbib Warning: Citation `sfctoken2023' on page 201 undefined on input line 215.


Package natbib Warning: Citation `sfctoken2026' on page 201 undefined on input line 215.


Package natbib Warning: Citation `sfctoken2026' on page 201 undefined on input line 224.


Package natbib Warning: Citation `sfctoken2026' on page 201 undefined on input line 233.


Package natbib Warning: Citation `sfctoken2026' on page 201 undefined on input line 240.


Package natbib Warning: Citation `sfctoken2023' on page 201 undefined on input line 252.


Package natbib Warning: Citation `sfctoken2026' on page 201 undefined on input line 252.

[201] [202] [203] [204] [205] [206] [207] [208] [209] [210] [211] [212]) [213] (./monograph.bbl [214] [215] [216] [217] [218] [219] [220])

Package natbib Warning: There were undefined citations.

[221] (./monograph.aux

Package natbib Warning: Citation(s) may have changed.
(natbib)                Rerun to get citations correct.

) )
(see the transcript file for additional information)
Output written on monograph.xdv (230 pages, 6898240 bytes).
Transcript written on monograph.log.
Latexmk: Getting log file 'monograph.log'
Latexmk: Examining 'monograph.fls'
Latexmk: Examining 'monograph.log'
Latexmk: Found input bbl file 'monograph.bbl'
Latexmk: References changed.
Latexmk: Log file says output to 'monograph.xdv'
Latexmk: Using bibtex to make bibliography file(s).
  ===Source file 'monograph.bbl' for 'xelatex'
Latexmk: Found bibliography file(s):
  ./references.bib
Latexmk: applying rule 'bibtex monograph'...
Rule 'bibtex monograph':  Reasons for rerun
Changed files or newly in use/created:
  monograph.aux

------------
Run number 3 of rule 'bibtex monograph'
------------
------------
Running 'bibtex  "monograph.aux"'
------------
This is BibTeX, Version 0.99e (TeX Live 2026)
The top-level auxiliary file: monograph.aux
The style file: plainnat.bst
Database file #1: references.bib
Latexmk: applying rule 'xelatex'...
Rule 'xelatex':  Reasons for rerun
Changed files or newly in use/created:
  monograph.aux

------------
Run number 3 of rule 'xelatex'
------------
------------
Running 'xelatex -no-pdf -interaction=nonstopmode -halt-on-error -recorder  "monograph.tex"'
------------
This is XeTeX, Version 3.141592653-2.6-0.999998 (TeX Live 2026) (preloaded format=xelatex)
 restricted \write18 enabled.
entering extended mode
(./monograph.tex
LaTeX2e <2025-11-01>
L3 programming layer <2026-03-20>
(/home/chakwong/.TinyTeX/texmf-dist/tex/latex/base/book.cls
Document Class: book 2025/01/22 v1.4n Standard LaTeX document class
(/home/chakwong/.TinyTeX/texmf-dist/tex/latex/base/bk12.clo)) (/home/chakwong/.TinyTeX/texmf-dist/tex/latex/geometry/geometry.sty (/home/chakwong/.TinyTeX/texmf-dist/tex/latex/graphics/keyval.sty) (/home/chakwong/.TinyTeX/texmf-dist/tex/generic/iftex/ifvtex.sty (/home/chakwong/.TinyTeX/texmf-dist/tex/generic/iftex/iftex.sty))) (/home/chakwong/.TinyTeX/texmf-dist/tex/latex/fontspec/fontspec.sty (/home/chakwong/.TinyTeX/texmf-dist/tex/latex/l3packages/xparse/xparse.sty (/home/chakwong/.TinyTeX/texmf-dist/tex/latex/l3kernel/expl3.sty (/home/chakwong/.TinyTeX/texmf-dist/tex/latex/l3backend/l3backend-xetex.def))) (/home/chakwong/.TinyTeX/texmf-dist/tex/latex/fontspec/fontspec-xetex.sty (/home/chakwong/.TinyTeX/texmf-dist/tex/latex/base/fontenc.sty) (/home/chakwong/.TinyTeX/texmf-dist/tex/latex/fontspec/fontspec.cfg))) (/home/chakwong/.TinyTeX/texmf-dist/tex/latex/amsmath/amsmath.sty
For additional information on amsmath, use the `?' option.
(/home/chakwong/.TinyTeX/texmf-dist/tex/latex/amsmath/amstext.sty (/home/chakwong/.TinyTeX/texmf-dist/tex/latex/amsmath/amsgen.sty)) (/home/chakwong/.TinyTeX/texmf-dist/tex/latex/amsmath/amsbsy.sty) (/home/chakwong/.TinyTeX/texmf-dist/tex/latex/amsmath/amsopn.sty)) (/home/chakwong/.TinyTeX/texmf-dist/tex/latex/amsfonts/amssymb.sty (/home/chakwong/.TinyTeX/texmf-dist/tex/latex/amsfonts/amsfonts.sty)) (/home/chakwong/.TinyTeX/texmf-dist/tex/latex/mathtools/mathtools.sty (/home/chakwong/.TinyTeX/texmf-dist/tex/latex/tools/calc.sty) (/home/chakwong/.TinyTeX/texmf-dist/tex/latex/mathtools/mhsetup.sty)) (/home/chakwong/.TinyTeX/texmf-dist/tex/latex/amscls/amsthm.sty) (/home/chakwong/.TinyTeX/texmf-dist/tex/latex/microtype/microtype.sty (/home/chakwong/.TinyTeX/texmf-dist/tex/latex/etoolbox/etoolbox.sty) (/home/chakwong/.TinyTeX/texmf-dist/tex/latex/microtype/microtype-xetex.def) (/home/chakwong/.TinyTeX/texmf-dist/tex/latex/microtype/microtype.cfg)) (/home/chakwong/.TinyTeX/texmf-dist/tex/latex/setspace/setspace.sty) (/home/chakwong/.TinyTeX/texmf-dist/tex/latex/booktabs/booktabs.sty) (/home/chakwong/.TinyTeX/texmf-dist/tex/latex/tools/longtable.sty) (/home/chakwong/.TinyTeX/texmf-dist/tex/latex/tools/tabularx.sty (/home/chakwong/.TinyTeX/texmf-dist/tex/latex/tools/array.sty)) (/home/chakwong/.TinyTeX/texmf-dist/tex/latex/graphics/graphicx.sty (/home/chakwong/.TinyTeX/texmf-dist/tex/latex/graphics/graphics.sty (/home/chakwong/.TinyTeX/texmf-dist/tex/latex/graphics/trig.sty) (/home/chakwong/.TinyTeX/texmf-dist/tex/latex/graphics-cfg/graphics.cfg) (/home/chakwong/.TinyTeX/texmf-dist/tex/latex/graphics-def/xetex.def))) (/home/chakwong/.TinyTeX/texmf-dist/tex/latex/xcolor/xcolor.sty (/home/chakwong/.TinyTeX/texmf-dist/tex/latex/graphics-cfg/color.cfg) (/home/chakwong/.TinyTeX/texmf-dist/tex/latex/graphics/mathcolor.ltx)) (/home/chakwong/.TinyTeX/texmf-dist/tex/latex/pgf/frontendlayer/tikz.sty (/home/chakwong/.TinyTeX/texmf-dist/tex/latex/pgf/basiclayer/pgf.sty (/home/chakwong/.TinyTeX/texmf-dist/tex/latex/pgf/utilities/pgfrcs.sty (/home/chakwong/.TinyTeX/texmf-dist/tex/generic/pgf/utilities/pgfutil-common.tex) (/home/chakwong/.TinyTeX/texmf-dist/tex/generic/pgf/utilities/pgfutil-latex.def) (/home/chakwong/.TinyTeX/texmf-dist/tex/generic/pgf/utilities/pgfrcs.code.tex (/home/chakwong/.TinyTeX/texmf-dist/tex/generic/pgf/pgf.revision.tex))) (/home/chakwong/.TinyTeX/texmf-dist/tex/latex/pgf/basiclayer/pgfcore.sty (/home/chakwong/.TinyTeX/texmf-dist/tex/latex/pgf/systemlayer/pgfsys.sty (/home/chakwong/.TinyTeX/texmf-dist/tex/generic/pgf/systemlayer/pgfsys.code.tex (/home/chakwong/.TinyTeX/texmf-dist/tex/generic/pgf/utilities/pgfkeys.code.tex (/home/chakwong/.TinyTeX/texmf-dist/tex/generic/pgf/utilities/pgfkeyslibraryfiltered.code.tex)) (/home/chakwong/.TinyTeX/texmf-dist/tex/generic/pgf/systemlayer/pgf.cfg) (/home/chakwong/.TinyTeX/texmf-dist/tex/generic/pgf/systemlayer/pgfsys-xetex.def (/home/chakwong/.TinyTeX/texmf-dist/tex/generic/pgf/systemlayer/pgfsys-dvipdfmx.def (/home/chakwong/.TinyTeX/texmf-dist/tex/generic/pgf/systemlayer/pgfsys-common-pdf.def)))) (/home/chakwong/.TinyTeX/texmf-dist/tex/generic/pgf/systemlayer/pgfsyssoftpath.code.tex) (/home/chakwong/.TinyTeX/texmf-dist/tex/generic/pgf/systemlayer/pgfsysprotocol.code.tex)) (/home/chakwong/.TinyTeX/texmf-dist/tex/generic/pgf/basiclayer/pgfcore.code.tex (/home/chakwong/.TinyTeX/texmf-dist/tex/generic/pgf/math/pgfmath.code.tex (/home/chakwong/.TinyTeX/texmf-dist/tex/generic/pgf/math/pgfmathutil.code.tex) (/home/chakwong/.TinyTeX/texmf-dist/tex/generic/pgf/math/pgfmathparser.code.tex) (/home/chakwong/.TinyTeX/texmf-dist/tex/generic/pgf/math/pgfmathfunctions.code.tex) (/home/chakwong/.TinyTeX/texmf-dist/tex/generic/pgf/math/pgfmathfunctions.basic.code.tex) (/home/chakwong/.TinyTeX/texmf-dist/tex/generic/pgf/math/pgfmathfunctions.trigonometric.code.tex) (/home/chakwong/.TinyTeX/texmf-dist/tex/generic/pgf/math/pgfmathfunctions.random.code.tex) (/home/chakwong/.TinyTeX/texmf-dist/tex/generic/pgf/math/pgfmathfunctions.comparison.code.tex) (/home/chakwong/.TinyTeX/texmf-dist/tex/generic/pgf/math/pgfmathfunctions.base.code.tex) (/home/chakwong/.TinyTeX/texmf-dist/tex/generic/pgf/math/pgfmathfunctions.round.code.tex) (/home/chakwong/.TinyTeX/texmf-dist/tex/generic/pgf/math/pgfmathfunctions.misc.code.tex) (/home/chakwong/.TinyTeX/texmf-dist/tex/generic/pgf/math/pgfmathfunctions.integerarithmetics.code.tex) (/home/chakwong/.TinyTeX/texmf-dist/tex/generic/pgf/math/pgfmathcalc.code.tex) (/home/chakwong/.TinyTeX/texmf-dist/tex/generic/pgf/math/pgfmathfloat.code.tex)) (/home/chakwong/.TinyTeX/texmf-dist/tex/generic/pgf/math/pgfint.code.tex) (/home/chakwong/.TinyTeX/texmf-dist/tex/generic/pgf/basiclayer/pgfcorepoints.code.tex) (/home/chakwong/.TinyTeX/texmf-dist/tex/generic/pgf/basiclayer/pgfcorepathconstruct.code.tex) (/home/chakwong/.TinyTeX/texmf-dist/tex/generic/pgf/basiclayer/pgfcorepathusage.code.tex) (/home/chakwong/.TinyTeX/texmf-dist/tex/generic/pgf/basiclayer/pgfcorescopes.code.tex) (/home/chakwong/.TinyTeX/texmf-dist/tex/generic/pgf/basiclayer/pgfcoregraphicstate.code.tex) (/home/chakwong/.TinyTeX/texmf-dist/tex/generic/pgf/basiclayer/pgfcoretransformations.code.tex) (/home/chakwong/.TinyTeX/texmf-dist/tex/generic/pgf/basiclayer/pgfcorequick.code.tex) (/home/chakwong/.TinyTeX/texmf-dist/tex/generic/pgf/basiclayer/pgfcoreobjects.code.tex) (/home/chakwong/.TinyTeX/texmf-dist/tex/generic/pgf/basiclayer/pgfcorepathprocessing.code.tex) (/home/chakwong/.TinyTeX/texmf-dist/tex/generic/pgf/basiclayer/pgfcorearrows.code.tex) (/home/chakwong/.TinyTeX/texmf-dist/tex/generic/pgf/basiclayer/pgfcoreshade.code.tex) (/home/chakwong/.TinyTeX/texmf-dist/tex/generic/pgf/basiclayer/pgfcoreimage.code.tex) (/home/chakwong/.TinyTeX/texmf-dist/tex/generic/pgf/basiclayer/pgfcoreexternal.code.tex) (/home/chakwong/.TinyTeX/texmf-dist/tex/generic/pgf/basiclayer/pgfcorelayers.code.tex) (/home/chakwong/.TinyTeX/texmf-dist/tex/generic/pgf/basiclayer/pgfcoretransparency.code.tex) (/home/chakwong/.TinyTeX/texmf-dist/tex/generic/pgf/basiclayer/pgfcorepatterns.code.tex) (/home/chakwong/.TinyTeX/texmf-dist/tex/generic/pgf/basiclayer/pgfcorerdf.code.tex))) (/home/chakwong/.TinyTeX/texmf-dist/tex/generic/pgf/modules/pgfmoduleshapes.code.tex) (/home/chakwong/.TinyTeX/texmf-dist/tex/generic/pgf/modules/pgfmoduleplot.code.tex) (/home/chakwong/.TinyTeX/texmf-dist/tex/latex/pgf/compatibility/pgfcomp-version-0-65.sty) (/home/chakwong/.TinyTeX/texmf-dist/tex/latex/pgf/compatibility/pgfcomp-version-1-18.sty)) (/home/chakwong/.TinyTeX/texmf-dist/tex/latex/pgf/utilities/pgffor.sty (/home/chakwong/.TinyTeX/texmf-dist/tex/latex/pgf/utilities/pgfkeys.sty (/home/chakwong/.TinyTeX/texmf-dist/tex/generic/pgf/utilities/pgfkeys.code.tex)) (/home/chakwong/.TinyTeX/texmf-dist/tex/latex/pgf/math/pgfmath.sty (/home/chakwong/.TinyTeX/texmf-dist/tex/generic/pgf/math/pgfmath.code.tex)) (/home/chakwong/.TinyTeX/texmf-dist/tex/generic/pgf/utilities/pgffor.code.tex)) (/home/chakwong/.TinyTeX/texmf-dist/tex/generic/pgf/frontendlayer/tikz/tikz.code.tex (/home/chakwong/.TinyTeX/texmf-dist/tex/generic/pgf/libraries/pgflibraryplothandlers.code.tex) (/home/chakwong/.TinyTeX/texmf-dist/tex/generic/pgf/modules/pgfmodulematrix.code.tex) (/home/chakwong/.TinyTeX/texmf-dist/tex/generic/pgf/frontendlayer/tikz/libraries/tikzlibrarytopaths.code.tex))) (/home/chakwong/.TinyTeX/texmf-dist/tex/generic/pgf/libraries/pgflibraryarrows.meta.code.tex) (/home/chakwong/.TinyTeX/texmf-dist/tex/generic/pgf/frontendlayer/tikz/libraries/tikzlibrarypositioning.code.tex) (/home/chakwong/.TinyTeX/texmf-dist/tex/generic/pgf/frontendlayer/tikz/libraries/tikzlibrarycalc.code.tex) (/home/chakwong/.TinyTeX/texmf-dist/tex/generic/pgf/frontendlayer/tikz/libraries/tikzlibraryshapes.geometric.code.tex (/home/chakwong/.TinyTeX/texmf-dist/tex/generic/pgf/libraries/shapes/pgflibraryshapes.geometric.code.tex)) (/home/chakwong/.TinyTeX/texmf-dist/tex/latex/enumitem/enumitem.sty) (/home/chakwong/.TinyTeX/texmf-dist/tex/latex/listings/listings.sty (/home/chakwong/.TinyTeX/texmf-dist/tex/latex/listings/lstpatch.sty) (/home/chakwong/.TinyTeX/texmf-dist/tex/latex/listings/lstmisc.sty) (/home/chakwong/.TinyTeX/texmf-dist/tex/latex/listings/listings.cfg))
==> First Aid for listings.sty no longer applied!
    Expected:
        2024/09/23 1.10c (Carsten Heinz)
    but found:
        2025/11/14 1.11b (Carsten Heinz)
    so I'm assuming it got fixed.
(/home/chakwong/.TinyTeX/texmf-dist/tex/latex/titlesec/titlesec.sty) (/home/chakwong/.TinyTeX/texmf-dist/tex/latex/natbib/natbib.sty) (/home/chakwong/.TinyTeX/texmf-dist/tex/latex/url/url.sty) (/home/chakwong/.TinyTeX/texmf-dist/tex/latex/hyperref/hyperref.sty (/home/chakwong/.TinyTeX/texmf-dist/tex/latex/kvsetkeys/kvsetkeys.sty) (/home/chakwong/.TinyTeX/texmf-dist/tex/generic/kvdefinekeys/kvdefinekeys.sty) (/home/chakwong/.TinyTeX/texmf-dist/tex/generic/pdfescape/pdfescape.sty (/home/chakwong/.TinyTeX/texmf-dist/tex/generic/ltxcmds/ltxcmds.sty) (/home/chakwong/.TinyTeX/texmf-dist/tex/generic/pdftexcmds/pdftexcmds.sty (/home/chakwong/.TinyTeX/texmf-dist/tex/generic/infwarerr/infwarerr.sty))) (/home/chakwong/.TinyTeX/texmf-dist/tex/latex/hycolor/hycolor.sty) (/home/chakwong/.TinyTeX/texmf-dist/tex/latex/hyperref/nameref.sty (/home/chakwong/.TinyTeX/texmf-dist/tex/latex/refcount/refcount.sty) (/home/chakwong/.TinyTeX/texmf-dist/tex/generic/gettitlestring/gettitlestring.sty (/home/chakwong/.TinyTeX/texmf-dist/tex/latex/kvoptions/kvoptions.sty))) (/home/chakwong/.TinyTeX/texmf-dist/tex/generic/stringenc/stringenc.sty) (/home/chakwong/.TinyTeX/texmf-dist/tex/latex/hyperref/pd1enc.def) (/home/chakwong/.TinyTeX/texmf-dist/tex/generic/intcalc/intcalc.sty) (/home/chakwong/.TinyTeX/texmf-dist/tex/latex/hyperref/puenc.def) (/home/chakwong/.TinyTeX/texmf-dist/tex/generic/bitset/bitset.sty (/home/chakwong/.TinyTeX/texmf-dist/tex/generic/bigintcalc/bigintcalc.sty))) (/home/chakwong/.TinyTeX/texmf-dist/tex/latex/hyperref/hxetex.def (/home/chakwong/.TinyTeX/texmf-dist/tex/latex/rerunfilecheck/rerunfilecheck.sty (/home/chakwong/.TinyTeX/texmf-dist/tex/generic/uniquecounter/uniquecounter.sty))) (./monograph.aux)
*geometry* driver: auto-detecting
*geometry* detected driver: xetex
(/home/chakwong/.TinyTeX/texmf-dist/tex/latex/microtype/mt-Palatino.cfg) (./monograph.out) (./monograph.out) (/home/chakwong/.TinyTeX/texmf-dist/tex/latex/amsfonts/umsa.fd) (/home/chakwong/.TinyTeX/texmf-dist/tex/latex/microtype/mt-msa.cfg) (/home/chakwong/.TinyTeX/texmf-dist/tex/latex/amsfonts/umsb.fd) (/home/chakwong/.TinyTeX/texmf-dist/tex/latex/microtype/mt-msb.cfg) (/home/chakwong/.TinyTeX/texmf-dist/tex/latex/microtype/mt-cmr.cfg) [1] [1]
Overfull \hbox (0.11327pt too wide) in paragraph at lines 155--161
\TU/TeXGyrePagella(0)/m/n/12 tion monograph. One bibliography serves the entire work. The accompanying preserva-
[2] (./monograph.toc [3] [4] [5] [6] [7]) [8] (./chapters/01-problem.tex
Chapter 1.
[1]
Underfull \hbox (badness 4416) in paragraph at lines 106--116
\TU/TeXGyrePagella(0)/m/n/12 The supplied Hong Kong Securities and Futures Commission (SFC) product-
[2] [3] [4] [5] [6] [7] [8] [9] [10]) (./chapters/02-circular.tex [11]
Chapter 2.
[12]
Underfull \hbox (badness 2529) in paragraph at lines 65--74
\TU/TeXGyrePagella(0)/m/n/12 Paragraph 1 combines professional-investor status, the financial criteria, knowl-
[13]
Underfull \hbox (badness 1412) in paragraph at lines 128--136
[]\TU/TeXGyrePagella(0)/m/n/12 The streamlined approach also retains specific information and conduct require-
[14] [15] [16] [17] [18] [19] [20] [21] [22]
Overfull \hbox (11.65746pt too wide) in paragraph at lines 436--444
[]\TU/TeXGyrePagella(0)/m/n/12 The generated class and a small support library are compiled into \TU/DejaVuSansMono(0)/m/n/12 spi-controls-demo.jar\TU/TeXGyrePagella(0)/m/n/12 .
[23] [24]
Underfull \hbox (badness 1221) in paragraph at lines 534--541
\TU/TeXGyrePagella(0)/m/n/12 retained experiment selected its paragraph-10 gift restriction. The circular as a
[25] [26] [27] [28] [29] [30] [31] [32] [33] [34]) (./chapters/03-proof.tex [35]
Chapter 3.
[36] [37] [38] [39] [40] [41] [42] [43] [44] [45] [46] [47] [48] [49] [50] [51] [52] [53]) (./chapters/04-languages.tex [54]
Chapter 4.

Underfull \hbox (badness 1152) in paragraph at lines 43--52
\TU/TeXGyrePagella(0)/m/n/12 through time. Recent language-model research attempts to cross the remaining
[55]
Underfull \hbox (badness 3919) in paragraph at lines 77--89
\TU/TeXGyrePagella(0)/m/n/12 predate Catala, while contract languages have partially separate citation com-

Underfull \hbox (badness 1418) in paragraph at lines 77--89
\TU/TeXGyrePagella(0)/m/n/12 munities. The retained forward-citation records have individual dispositions in
[56] [57] [58] [59] [60] [61] [62] [63] [64] [65] [66] [67] [68] [69]
Underfull \hbox (badness 1960) in paragraph at lines 812--819
[]\TU/TeXGyrePagella(0)/m/n/12 General verification cannot be promised for every expressive contract language.

Underfull \hbox (badness 1590) in paragraph at lines 812--819
[][]\TU/TeXGyrePagella(0)/m/n/12 Delzanno et al.[][] ([][]2026[][]) establish undecidability results for clause reachability in
[70] [71] [72] [73] [74]
Underfull \hbox (badness 3098) in paragraph at lines 1071--1081
\TU/TeXGyrePagella(0)/m/n/12 system interface: declarations establish institutional concepts, events change a

Underfull \hbox (badness 1067) in paragraph at lines 1071--1081
\TU/TeXGyrePagella(0)/m/n/12 sharing/KYC exploration with ABN AMRO and ING, using separate policy and
[75] [76] [77] [78] [79] [80] [81] [82] [83] [84] [85] [86] [87] [88]) (./chapters/05-search.tex [89]
Chapter 5.

Underfull \hbox (badness 3049) in paragraph at lines 45--51
\TU/TeXGyrePagella(0)/m/n/12 The drafting service should propose clause segments, roles, definitions, cross-
[90] [91] [92] [93] [94] [95] [96] [97] [98] [99]
Underfull \hbox (badness 1622) in paragraph at lines 547--553
\TU/TeXGyrePagella(0)/m/n/12 A legal adapter would compare rules, definitions, scope and dates rather than
[100]) (./chapters/06-ensemble.tex [101]
Chapter 6.
[102] [103] [104] [105] [106] [107] [108] [109] [110] [111] [112] [113] [114] [115] [116] [117] [118] [119]
Underfull \hbox (badness 1742) in paragraph at lines 896--902
\TU/TeXGyrePagella(0)/m/n/12 An action moves through \TU/DejaVuSansMono(0)/m/n/12 RESERVED\TU/TeXGyrePagella(0)/m/n/12 , \TU/DejaVuSansMono(0)/m/n/12 DISPATCHED\TU/TeXGyrePagella(0)/m/n/12 , and one of \TU/DejaVuSansMono(0)/m/n/12 SUCCEEDED\TU/TeXGyrePagella(0)/m/n/12 , \TU/DejaVuSansMono(0)/m/n/12 FAILED\TU/TeXGyrePagella(0)/m/n/12 ,
[120] [121] [122] [123] [124] [125]
Underfull \hbox (badness 1005) in paragraph at lines 1194--1201
\TU/TeXGyrePagella(0)/m/n/12 into reproducible evidence. Its human readability matters because a technically
[126] [127]) (./chapters/07-verification.tex [128]
Chapter 7.
[129]
Underfull \hbox (badness 1077) in paragraph at lines 65--71
\TU/TeXGyrePagella(0)/m/n/12 unconditional scope for this isolated subcondition, the expression, interpretation

Underfull \hbox (badness 2951) in paragraph at lines 100--109
\TU/DejaVuSansMono(0)/m/n/12 not\TU/TeXGyrePagella(0)/m/n/12 , equality/inclusive/strict comparison, addition, subtraction, rational scaling,
[130]
Underfull \hbox (badness 1308) in paragraph at lines 110--114
\TU/DejaVuSansMono(0)/m/n/12 Expr \TU/TeXGyrePagella(0)/m/n/12 additionally carries a unique \TU/DejaVuSansMono(0)/m/n/12 node_id\TU/TeXGyrePagella(0)/m/n/12 . A rule is \TU/DejaVuSansMono(0)/m/n/12 (id, type, scope, body,
[131] [132] [133] [134] [135] [136] [137] [138]
Underfull \hbox (badness 1466) in paragraph at lines 544--550
[]\TU/TeXGyrePagella(0)/m/n/12 The current comparison fragment supports documented Boolean and exact inte-
[139] [140] (/home/chakwong/.TinyTeX/texmf-dist/tex/latex/listings/lstlang1.sty) [141]
Underfull \hbox (badness 1221) in paragraph at lines 679--687
\TU/TeXGyrePagella(0)/m/n/12 reject an unsupported fraction of a cent after the adopted conversion. In Java,
[142] [143] [144] [145] [146] [147] [148] [149] [150] [151]
Underfull \hbox (badness 1062) in paragraph at lines 1182--1189
\TU/TeXGyrePagella(0)/m/n/12 supplies domain-qualified results and replayed witnesses. Differential execution
) (./chapters/08-implementation.tex [152]
Chapter 8.
[153] [154] [155] [156]
Underfull \hbox (badness 3942) in paragraph at lines 216--226
\TU/TeXGyrePagella(0)/m/n/12 receive another four, with review, integration, rework and the pilot bringing

Underfull \hbox (badness 1789) in paragraph at lines 216--226
\TU/TeXGyrePagella(0)/m/n/12 the allowance to twelve weeks. The earlier three-week first-stage estimate did

Underfull \hbox (badness 2293) in paragraph at lines 216--226
\TU/TeXGyrePagella(0)/m/n/12 not include a required Java backend. This revised allocation remains a plan-

Underfull \hbox (badness 1571) in paragraph at lines 216--226
\TU/TeXGyrePagella(0)/m/n/12 ning assumption, with scope reduction or a schedule extension if full operator

Underfull \hbox (badness 1152) in paragraph at lines 216--226
\TU/TeXGyrePagella(0)/m/n/12 conformance takes longer. Each package specifies files, function signatures, de-

Underfull \hbox (badness 3343) in paragraph at lines 216--226
\TU/TeXGyrePagella(0)/m/n/12 pendent packages and tests. Its acceptance condition concerns behavior, not

Underfull \hbox (badness 4686) in paragraph at lines 216--226
\TU/TeXGyrePagella(0)/m/n/12 elapsed time. For example, W03 supplies \TU/DejaVuSansMono(0)/m/n/12 ir/evaluate.py \TU/TeXGyrePagella(0)/m/n/12 and \TU/DejaVuSansMono(0)/m/n/12 ir/trace.py\TU/TeXGyrePagella(0)/m/n/12 ;

Underfull \hbox (badness 10000) in paragraph at lines 216--226
\TU/TeXGyrePagella(0)/m/n/12 W04 supplies \TU/DejaVuSansMono(0)/m/n/12 review/lifecycle.py \TU/TeXGyrePagella(0)/m/n/12 and \TU/DejaVuSansMono(0)/m/n/12 review/amendment.py\TU/TeXGyrePagella(0)/m/n/12 ; W07 supplies
[157]
Underfull \hbox (badness 1748) in paragraph at lines 256--264
\TU/TeXGyrePagella(0)/m/n/12 per RuleIR operator, result serialization, exact numeric/date behavior, compiled
[158]
Underfull \hbox (badness 10000) in paragraph at lines 295--312
[]\TU/TeXGyrePagella(0)/m/n/12 The original specification checker validates three initial JSON schemas, the

Underfull \hbox (badness 10000) in paragraph at lines 295--312
\TU/TeXGyrePagella(0)/m/n/12 35 decision fixture contracts, six negative examples, event-record structure,
[159] [160] (./chapters/08a-executed-workbench.tex [161]
Overfull \hbox (17.78545pt too wide) in paragraph at lines 46--55
\TU/TeXGyrePagella(0)/m/n/12 bundle digest is $[][][][][][][][][][][][][][][][][][][][][][][][][][][][][][][][][][][][][][][][][][][][][][][][][][][][][][][][][][][][][][][][]$.

Overfull \hbox (66.74846pt too wide) in paragraph at lines 46--55
\TU/TeXGyrePagella(0)/m/n/12 The original JAR digest is $[][][][][][][][][][][][][][][][][][][][][][][][][][][][][][][][][][][][][][][][][][][][][][][][][][][][][][][][][][][][][][][][]$;

Overfull \hbox (121.92046pt too wide) in paragraph at lines 46--55
\TU/TeXGyrePagella(0)/m/n/12 the synthetic amended JAR digest is $[][][][][][][][][][][][][][][][][][][][][][][][][][][][][][][][][][][][][][][][][][][][][][][][][][][][][][][][][][][][][][][][]$.
[162] [163] [164]
Overfull \hbox (23.74728pt too wide) in paragraph at lines 142--149
[]\TU/TeXGyrePagella(0)/m/n/12 For a fresh environment, create a Python 3.11 virtual environment, install $[][][][][][][][][][][][][][][][][] []

Underfull \hbox (badness 1107) in paragraph at lines 166--173
\TU/TeXGyrePagella(0)/m/n/12 Contract regeneration reproduced 31 JSON files, including the current OpenAPI

Underfull \hbox (badness 1975) in paragraph at lines 166--173
\TU/TeXGyrePagella(0)/m/n/12 Python/Java comparisons exclude their intentionally different backend identities

Underfull \hbox (badness 2478) in paragraph at lines 174--181
\TU/TeXGyrePagella(0)/m/n/12 browser record covers five Chromium views, an authenticated request, mobile
[165]) [166] [167] [168] [169] [170] [171] [172] [173] [174] [175] [176] [177] [178]) (./chapters/09-evaluation.tex [179]
Chapter 9.
[180] [181] [182] [183] [184] [185] [186] [187] [188] [189] [190] [191] [192] [193] [194] [195]) (./chapters/10-operation.tex [196]
Chapter 10.
[197] [198] [199] [200] [201] [202] [203] [204] [205] [206] [207] [208] [209] [210] [211] [212]) [213] (./monograph.bbl [214] [215] [216] [217] [218] [219] [220]) [221] (./monograph.aux)

LaTeX Warning: Label(s) may have changed. Rerun to get cross-references right.

 )
(see the transcript file for additional information)
Output written on monograph.xdv (230 pages, 6935808 bytes).
Transcript written on monograph.log.
Latexmk: Getting log file 'monograph.log'
Latexmk: Examining 'monograph.fls'
Latexmk: Examining 'monograph.log'
Latexmk: Found input bbl file 'monograph.bbl'
Latexmk: References changed.
Latexmk: Log file says output to 'monograph.xdv'
Latexmk: Using bibtex to make bibliography file(s).
  ===Source file 'monograph.bbl' for 'xelatex'
Latexmk: Found bibliography file(s):
  ./references.bib
Latexmk: applying rule 'bibtex monograph'...
Rule 'bibtex monograph':  Reasons for rerun
Changed files or newly in use/created:
  monograph.aux

------------
Run number 4 of rule 'bibtex monograph'
------------
------------
Running 'bibtex  "monograph.aux"'
------------
This is BibTeX, Version 0.99e (TeX Live 2026)
The top-level auxiliary file: monograph.aux
The style file: plainnat.bst
Database file #1: references.bib
Latexmk: applying rule 'xelatex'...
Rule 'xelatex':  Reasons for rerun
Changed files or newly in use/created:
  monograph.aux
  monograph.toc

------------
Run number 4 of rule 'xelatex'
------------
------------
Running 'xelatex -no-pdf -interaction=nonstopmode -halt-on-error -recorder  "monograph.tex"'
------------
This is XeTeX, Version 3.141592653-2.6-0.999998 (TeX Live 2026) (preloaded format=xelatex)
 restricted \write18 enabled.
entering extended mode
(./monograph.tex
LaTeX2e <2025-11-01>
L3 programming layer <2026-03-20>
(/home/chakwong/.TinyTeX/texmf-dist/tex/latex/base/book.cls
Document Class: book 2025/01/22 v1.4n Standard LaTeX document class
(/home/chakwong/.TinyTeX/texmf-dist/tex/latex/base/bk12.clo)) (/home/chakwong/.TinyTeX/texmf-dist/tex/latex/geometry/geometry.sty (/home/chakwong/.TinyTeX/texmf-dist/tex/latex/graphics/keyval.sty) (/home/chakwong/.TinyTeX/texmf-dist/tex/generic/iftex/ifvtex.sty (/home/chakwong/.TinyTeX/texmf-dist/tex/generic/iftex/iftex.sty))) (/home/chakwong/.TinyTeX/texmf-dist/tex/latex/fontspec/fontspec.sty (/home/chakwong/.TinyTeX/texmf-dist/tex/latex/l3packages/xparse/xparse.sty (/home/chakwong/.TinyTeX/texmf-dist/tex/latex/l3kernel/expl3.sty (/home/chakwong/.TinyTeX/texmf-dist/tex/latex/l3backend/l3backend-xetex.def))) (/home/chakwong/.TinyTeX/texmf-dist/tex/latex/fontspec/fontspec-xetex.sty (/home/chakwong/.TinyTeX/texmf-dist/tex/latex/base/fontenc.sty) (/home/chakwong/.TinyTeX/texmf-dist/tex/latex/fontspec/fontspec.cfg))) (/home/chakwong/.TinyTeX/texmf-dist/tex/latex/amsmath/amsmath.sty
For additional information on amsmath, use the `?' option.
(/home/chakwong/.TinyTeX/texmf-dist/tex/latex/amsmath/amstext.sty (/home/chakwong/.TinyTeX/texmf-dist/tex/latex/amsmath/amsgen.sty)) (/home/chakwong/.TinyTeX/texmf-dist/tex/latex/amsmath/amsbsy.sty) (/home/chakwong/.TinyTeX/texmf-dist/tex/latex/amsmath/amsopn.sty)) (/home/chakwong/.TinyTeX/texmf-dist/tex/latex/amsfonts/amssymb.sty (/home/chakwong/.TinyTeX/texmf-dist/tex/latex/amsfonts/amsfonts.sty)) (/home/chakwong/.TinyTeX/texmf-dist/tex/latex/mathtools/mathtools.sty (/home/chakwong/.TinyTeX/texmf-dist/tex/latex/tools/calc.sty) (/home/chakwong/.TinyTeX/texmf-dist/tex/latex/mathtools/mhsetup.sty)) (/home/chakwong/.TinyTeX/texmf-dist/tex/latex/amscls/amsthm.sty) (/home/chakwong/.TinyTeX/texmf-dist/tex/latex/microtype/microtype.sty (/home/chakwong/.TinyTeX/texmf-dist/tex/latex/etoolbox/etoolbox.sty) (/home/chakwong/.TinyTeX/texmf-dist/tex/latex/microtype/microtype-xetex.def) (/home/chakwong/.TinyTeX/texmf-dist/tex/latex/microtype/microtype.cfg)) (/home/chakwong/.TinyTeX/texmf-dist/tex/latex/setspace/setspace.sty) (/home/chakwong/.TinyTeX/texmf-dist/tex/latex/booktabs/booktabs.sty) (/home/chakwong/.TinyTeX/texmf-dist/tex/latex/tools/longtable.sty) (/home/chakwong/.TinyTeX/texmf-dist/tex/latex/tools/tabularx.sty (/home/chakwong/.TinyTeX/texmf-dist/tex/latex/tools/array.sty)) (/home/chakwong/.TinyTeX/texmf-dist/tex/latex/graphics/graphicx.sty (/home/chakwong/.TinyTeX/texmf-dist/tex/latex/graphics/graphics.sty (/home/chakwong/.TinyTeX/texmf-dist/tex/latex/graphics/trig.sty) (/home/chakwong/.TinyTeX/texmf-dist/tex/latex/graphics-cfg/graphics.cfg) (/home/chakwong/.TinyTeX/texmf-dist/tex/latex/graphics-def/xetex.def))) (/home/chakwong/.TinyTeX/texmf-dist/tex/latex/xcolor/xcolor.sty (/home/chakwong/.TinyTeX/texmf-dist/tex/latex/graphics-cfg/color.cfg) (/home/chakwong/.TinyTeX/texmf-dist/tex/latex/graphics/mathcolor.ltx)) (/home/chakwong/.TinyTeX/texmf-dist/tex/latex/pgf/frontendlayer/tikz.sty (/home/chakwong/.TinyTeX/texmf-dist/tex/latex/pgf/basiclayer/pgf.sty (/home/chakwong/.TinyTeX/texmf-dist/tex/latex/pgf/utilities/pgfrcs.sty (/home/chakwong/.TinyTeX/texmf-dist/tex/generic/pgf/utilities/pgfutil-common.tex) (/home/chakwong/.TinyTeX/texmf-dist/tex/generic/pgf/utilities/pgfutil-latex.def) (/home/chakwong/.TinyTeX/texmf-dist/tex/generic/pgf/utilities/pgfrcs.code.tex (/home/chakwong/.TinyTeX/texmf-dist/tex/generic/pgf/pgf.revision.tex))) (/home/chakwong/.TinyTeX/texmf-dist/tex/latex/pgf/basiclayer/pgfcore.sty (/home/chakwong/.TinyTeX/texmf-dist/tex/latex/pgf/systemlayer/pgfsys.sty (/home/chakwong/.TinyTeX/texmf-dist/tex/generic/pgf/systemlayer/pgfsys.code.tex (/home/chakwong/.TinyTeX/texmf-dist/tex/generic/pgf/utilities/pgfkeys.code.tex (/home/chakwong/.TinyTeX/texmf-dist/tex/generic/pgf/utilities/pgfkeyslibraryfiltered.code.tex)) (/home/chakwong/.TinyTeX/texmf-dist/tex/generic/pgf/systemlayer/pgf.cfg) (/home/chakwong/.TinyTeX/texmf-dist/tex/generic/pgf/systemlayer/pgfsys-xetex.def (/home/chakwong/.TinyTeX/texmf-dist/tex/generic/pgf/systemlayer/pgfsys-dvipdfmx.def (/home/chakwong/.TinyTeX/texmf-dist/tex/generic/pgf/systemlayer/pgfsys-common-pdf.def)))) (/home/chakwong/.TinyTeX/texmf-dist/tex/generic/pgf/systemlayer/pgfsyssoftpath.code.tex) (/home/chakwong/.TinyTeX/texmf-dist/tex/generic/pgf/systemlayer/pgfsysprotocol.code.tex)) (/home/chakwong/.TinyTeX/texmf-dist/tex/generic/pgf/basiclayer/pgfcore.code.tex (/home/chakwong/.TinyTeX/texmf-dist/tex/generic/pgf/math/pgfmath.code.tex (/home/chakwong/.TinyTeX/texmf-dist/tex/generic/pgf/math/pgfmathutil.code.tex) (/home/chakwong/.TinyTeX/texmf-dist/tex/generic/pgf/math/pgfmathparser.code.tex) (/home/chakwong/.TinyTeX/texmf-dist/tex/generic/pgf/math/pgfmathfunctions.code.tex) (/home/chakwong/.TinyTeX/texmf-dist/tex/generic/pgf/math/pgfmathfunctions.basic.code.tex) (/home/chakwong/.TinyTeX/texmf-dist/tex/generic/pgf/math/pgfmathfunctions.trigonometric.code.tex) (/home/chakwong/.TinyTeX/texmf-dist/tex/generic/pgf/math/pgfmathfunctions.random.code.tex) (/home/chakwong/.TinyTeX/texmf-dist/tex/generic/pgf/math/pgfmathfunctions.comparison.code.tex) (/home/chakwong/.TinyTeX/texmf-dist/tex/generic/pgf/math/pgfmathfunctions.base.code.tex) (/home/chakwong/.TinyTeX/texmf-dist/tex/generic/pgf/math/pgfmathfunctions.round.code.tex) (/home/chakwong/.TinyTeX/texmf-dist/tex/generic/pgf/math/pgfmathfunctions.misc.code.tex) (/home/chakwong/.TinyTeX/texmf-dist/tex/generic/pgf/math/pgfmathfunctions.integerarithmetics.code.tex) (/home/chakwong/.TinyTeX/texmf-dist/tex/generic/pgf/math/pgfmathcalc.code.tex) (/home/chakwong/.TinyTeX/texmf-dist/tex/generic/pgf/math/pgfmathfloat.code.tex)) (/home/chakwong/.TinyTeX/texmf-dist/tex/generic/pgf/math/pgfint.code.tex) (/home/chakwong/.TinyTeX/texmf-dist/tex/generic/pgf/basiclayer/pgfcorepoints.code.tex) (/home/chakwong/.TinyTeX/texmf-dist/tex/generic/pgf/basiclayer/pgfcorepathconstruct.code.tex) (/home/chakwong/.TinyTeX/texmf-dist/tex/generic/pgf/basiclayer/pgfcorepathusage.code.tex) (/home/chakwong/.TinyTeX/texmf-dist/tex/generic/pgf/basiclayer/pgfcorescopes.code.tex) (/home/chakwong/.TinyTeX/texmf-dist/tex/generic/pgf/basiclayer/pgfcoregraphicstate.code.tex) (/home/chakwong/.TinyTeX/texmf-dist/tex/generic/pgf/basiclayer/pgfcoretransformations.code.tex) (/home/chakwong/.TinyTeX/texmf-dist/tex/generic/pgf/basiclayer/pgfcorequick.code.tex) (/home/chakwong/.TinyTeX/texmf-dist/tex/generic/pgf/basiclayer/pgfcoreobjects.code.tex) (/home/chakwong/.TinyTeX/texmf-dist/tex/generic/pgf/basiclayer/pgfcorepathprocessing.code.tex) (/home/chakwong/.TinyTeX/texmf-dist/tex/generic/pgf/basiclayer/pgfcorearrows.code.tex) (/home/chakwong/.TinyTeX/texmf-dist/tex/generic/pgf/basiclayer/pgfcoreshade.code.tex) (/home/chakwong/.TinyTeX/texmf-dist/tex/generic/pgf/basiclayer/pgfcoreimage.code.tex) (/home/chakwong/.TinyTeX/texmf-dist/tex/generic/pgf/basiclayer/pgfcoreexternal.code.tex) (/home/chakwong/.TinyTeX/texmf-dist/tex/generic/pgf/basiclayer/pgfcorelayers.code.tex) (/home/chakwong/.TinyTeX/texmf-dist/tex/generic/pgf/basiclayer/pgfcoretransparency.code.tex) (/home/chakwong/.TinyTeX/texmf-dist/tex/generic/pgf/basiclayer/pgfcorepatterns.code.tex) (/home/chakwong/.TinyTeX/texmf-dist/tex/generic/pgf/basiclayer/pgfcorerdf.code.tex))) (/home/chakwong/.TinyTeX/texmf-dist/tex/generic/pgf/modules/pgfmoduleshapes.code.tex) (/home/chakwong/.TinyTeX/texmf-dist/tex/generic/pgf/modules/pgfmoduleplot.code.tex) (/home/chakwong/.TinyTeX/texmf-dist/tex/latex/pgf/compatibility/pgfcomp-version-0-65.sty) (/home/chakwong/.TinyTeX/texmf-dist/tex/latex/pgf/compatibility/pgfcomp-version-1-18.sty)) (/home/chakwong/.TinyTeX/texmf-dist/tex/latex/pgf/utilities/pgffor.sty (/home/chakwong/.TinyTeX/texmf-dist/tex/latex/pgf/utilities/pgfkeys.sty (/home/chakwong/.TinyTeX/texmf-dist/tex/generic/pgf/utilities/pgfkeys.code.tex)) (/home/chakwong/.TinyTeX/texmf-dist/tex/latex/pgf/math/pgfmath.sty (/home/chakwong/.TinyTeX/texmf-dist/tex/generic/pgf/math/pgfmath.code.tex)) (/home/chakwong/.TinyTeX/texmf-dist/tex/generic/pgf/utilities/pgffor.code.tex)) (/home/chakwong/.TinyTeX/texmf-dist/tex/generic/pgf/frontendlayer/tikz/tikz.code.tex (/home/chakwong/.TinyTeX/texmf-dist/tex/generic/pgf/libraries/pgflibraryplothandlers.code.tex) (/home/chakwong/.TinyTeX/texmf-dist/tex/generic/pgf/modules/pgfmodulematrix.code.tex) (/home/chakwong/.TinyTeX/texmf-dist/tex/generic/pgf/frontendlayer/tikz/libraries/tikzlibrarytopaths.code.tex))) (/home/chakwong/.TinyTeX/texmf-dist/tex/generic/pgf/libraries/pgflibraryarrows.meta.code.tex) (/home/chakwong/.TinyTeX/texmf-dist/tex/generic/pgf/frontendlayer/tikz/libraries/tikzlibrarypositioning.code.tex) (/home/chakwong/.TinyTeX/texmf-dist/tex/generic/pgf/frontendlayer/tikz/libraries/tikzlibrarycalc.code.tex) (/home/chakwong/.TinyTeX/texmf-dist/tex/generic/pgf/frontendlayer/tikz/libraries/tikzlibraryshapes.geometric.code.tex (/home/chakwong/.TinyTeX/texmf-dist/tex/generic/pgf/libraries/shapes/pgflibraryshapes.geometric.code.tex)) (/home/chakwong/.TinyTeX/texmf-dist/tex/latex/enumitem/enumitem.sty) (/home/chakwong/.TinyTeX/texmf-dist/tex/latex/listings/listings.sty (/home/chakwong/.TinyTeX/texmf-dist/tex/latex/listings/lstpatch.sty) (/home/chakwong/.TinyTeX/texmf-dist/tex/latex/listings/lstmisc.sty) (/home/chakwong/.TinyTeX/texmf-dist/tex/latex/listings/listings.cfg))
==> First Aid for listings.sty no longer applied!
    Expected:
        2024/09/23 1.10c (Carsten Heinz)
    but found:
        2025/11/14 1.11b (Carsten Heinz)
    so I'm assuming it got fixed.
(/home/chakwong/.TinyTeX/texmf-dist/tex/latex/titlesec/titlesec.sty) (/home/chakwong/.TinyTeX/texmf-dist/tex/latex/natbib/natbib.sty) (/home/chakwong/.TinyTeX/texmf-dist/tex/latex/url/url.sty) (/home/chakwong/.TinyTeX/texmf-dist/tex/latex/hyperref/hyperref.sty (/home/chakwong/.TinyTeX/texmf-dist/tex/latex/kvsetkeys/kvsetkeys.sty) (/home/chakwong/.TinyTeX/texmf-dist/tex/generic/kvdefinekeys/kvdefinekeys.sty) (/home/chakwong/.TinyTeX/texmf-dist/tex/generic/pdfescape/pdfescape.sty (/home/chakwong/.TinyTeX/texmf-dist/tex/generic/ltxcmds/ltxcmds.sty) (/home/chakwong/.TinyTeX/texmf-dist/tex/generic/pdftexcmds/pdftexcmds.sty (/home/chakwong/.TinyTeX/texmf-dist/tex/generic/infwarerr/infwarerr.sty))) (/home/chakwong/.TinyTeX/texmf-dist/tex/latex/hycolor/hycolor.sty) (/home/chakwong/.TinyTeX/texmf-dist/tex/latex/hyperref/nameref.sty (/home/chakwong/.TinyTeX/texmf-dist/tex/latex/refcount/refcount.sty) (/home/chakwong/.TinyTeX/texmf-dist/tex/generic/gettitlestring/gettitlestring.sty (/home/chakwong/.TinyTeX/texmf-dist/tex/latex/kvoptions/kvoptions.sty))) (/home/chakwong/.TinyTeX/texmf-dist/tex/generic/stringenc/stringenc.sty) (/home/chakwong/.TinyTeX/texmf-dist/tex/latex/hyperref/pd1enc.def) (/home/chakwong/.TinyTeX/texmf-dist/tex/generic/intcalc/intcalc.sty) (/home/chakwong/.TinyTeX/texmf-dist/tex/latex/hyperref/puenc.def) (/home/chakwong/.TinyTeX/texmf-dist/tex/generic/bitset/bitset.sty (/home/chakwong/.TinyTeX/texmf-dist/tex/generic/bigintcalc/bigintcalc.sty))) (/home/chakwong/.TinyTeX/texmf-dist/tex/latex/hyperref/hxetex.def (/home/chakwong/.TinyTeX/texmf-dist/tex/latex/rerunfilecheck/rerunfilecheck.sty (/home/chakwong/.TinyTeX/texmf-dist/tex/generic/uniquecounter/uniquecounter.sty))) (./monograph.aux)
*geometry* driver: auto-detecting
*geometry* detected driver: xetex
(/home/chakwong/.TinyTeX/texmf-dist/tex/latex/microtype/mt-Palatino.cfg) (./monograph.out) (./monograph.out) (/home/chakwong/.TinyTeX/texmf-dist/tex/latex/amsfonts/umsa.fd) (/home/chakwong/.TinyTeX/texmf-dist/tex/latex/microtype/mt-msa.cfg) (/home/chakwong/.TinyTeX/texmf-dist/tex/latex/amsfonts/umsb.fd) (/home/chakwong/.TinyTeX/texmf-dist/tex/latex/microtype/mt-msb.cfg) (/home/chakwong/.TinyTeX/texmf-dist/tex/latex/microtype/mt-cmr.cfg) [1] [1]
Overfull \hbox (0.11327pt too wide) in paragraph at lines 155--161
\TU/TeXGyrePagella(0)/m/n/12 tion monograph. One bibliography serves the entire work. The accompanying preserva-
[2] (./monograph.toc [3] [4] [5] [6] [7]) [8] (./chapters/01-problem.tex
Chapter 1.
[1]
Underfull \hbox (badness 4416) in paragraph at lines 106--116
\TU/TeXGyrePagella(0)/m/n/12 The supplied Hong Kong Securities and Futures Commission (SFC) product-
[2] [3] [4] [5] [6] [7] [8] [9] [10]) (./chapters/02-circular.tex [11]
Chapter 2.
[12]
Underfull \hbox (badness 2529) in paragraph at lines 65--74
\TU/TeXGyrePagella(0)/m/n/12 Paragraph 1 combines professional-investor status, the financial criteria, knowl-
[13]
Underfull \hbox (badness 1412) in paragraph at lines 128--136
[]\TU/TeXGyrePagella(0)/m/n/12 The streamlined approach also retains specific information and conduct require-
[14] [15] [16] [17] [18] [19] [20] [21] [22]
Overfull \hbox (11.65746pt too wide) in paragraph at lines 436--444
[]\TU/TeXGyrePagella(0)/m/n/12 The generated class and a small support library are compiled into \TU/DejaVuSansMono(0)/m/n/12 spi-controls-demo.jar\TU/TeXGyrePagella(0)/m/n/12 .
[23] [24]
Underfull \hbox (badness 1221) in paragraph at lines 534--541
\TU/TeXGyrePagella(0)/m/n/12 retained experiment selected its paragraph-10 gift restriction. The circular as a
[25] [26] [27] [28] [29] [30] [31] [32] [33] [34]) (./chapters/03-proof.tex [35]
Chapter 3.
[36] [37] [38] [39] [40] [41] [42] [43] [44] [45] [46] [47] [48] [49] [50] [51] [52] [53]) (./chapters/04-languages.tex [54]
Chapter 4.

Underfull \hbox (badness 1152) in paragraph at lines 43--52
\TU/TeXGyrePagella(0)/m/n/12 through time. Recent language-model research attempts to cross the remaining
[55]
Underfull \hbox (badness 3919) in paragraph at lines 77--89
\TU/TeXGyrePagella(0)/m/n/12 predate Catala, while contract languages have partially separate citation com-

Underfull \hbox (badness 1418) in paragraph at lines 77--89
\TU/TeXGyrePagella(0)/m/n/12 munities. The retained forward-citation records have individual dispositions in
[56] [57] [58] [59] [60] [61] [62] [63] [64] [65] [66] [67] [68] [69]
Underfull \hbox (badness 1960) in paragraph at lines 812--819
[]\TU/TeXGyrePagella(0)/m/n/12 General verification cannot be promised for every expressive contract language.

Underfull \hbox (badness 1590) in paragraph at lines 812--819
[][]\TU/TeXGyrePagella(0)/m/n/12 Delzanno et al.[][] ([][]2026[][]) establish undecidability results for clause reachability in
[70] [71] [72] [73] [74]
Underfull \hbox (badness 3098) in paragraph at lines 1071--1081
\TU/TeXGyrePagella(0)/m/n/12 system interface: declarations establish institutional concepts, events change a

Underfull \hbox (badness 1067) in paragraph at lines 1071--1081
\TU/TeXGyrePagella(0)/m/n/12 sharing/KYC exploration with ABN AMRO and ING, using separate policy and
[75] [76] [77] [78] [79] [80] [81] [82] [83] [84] [85] [86] [87] [88]) (./chapters/05-search.tex [89]
Chapter 5.

Underfull \hbox (badness 3049) in paragraph at lines 45--51
\TU/TeXGyrePagella(0)/m/n/12 The drafting service should propose clause segments, roles, definitions, cross-
[90] [91] [92] [93] [94] [95] [96] [97] [98] [99]
Underfull \hbox (badness 1622) in paragraph at lines 547--553
\TU/TeXGyrePagella(0)/m/n/12 A legal adapter would compare rules, definitions, scope and dates rather than
[100]) (./chapters/06-ensemble.tex [101]
Chapter 6.
[102] [103] [104] [105] [106] [107] [108] [109] [110] [111] [112] [113] [114] [115] [116] [117] [118] [119]
Underfull \hbox (badness 1742) in paragraph at lines 896--902
\TU/TeXGyrePagella(0)/m/n/12 An action moves through \TU/DejaVuSansMono(0)/m/n/12 RESERVED\TU/TeXGyrePagella(0)/m/n/12 , \TU/DejaVuSansMono(0)/m/n/12 DISPATCHED\TU/TeXGyrePagella(0)/m/n/12 , and one of \TU/DejaVuSansMono(0)/m/n/12 SUCCEEDED\TU/TeXGyrePagella(0)/m/n/12 , \TU/DejaVuSansMono(0)/m/n/12 FAILED\TU/TeXGyrePagella(0)/m/n/12 ,
[120] [121] [122] [123] [124] [125]
Underfull \hbox (badness 1005) in paragraph at lines 1194--1201
\TU/TeXGyrePagella(0)/m/n/12 into reproducible evidence. Its human readability matters because a technically
[126] [127]) (./chapters/07-verification.tex [128]
Chapter 7.
[129]
Underfull \hbox (badness 1077) in paragraph at lines 65--71
\TU/TeXGyrePagella(0)/m/n/12 unconditional scope for this isolated subcondition, the expression, interpretation

Underfull \hbox (badness 2951) in paragraph at lines 100--109
\TU/DejaVuSansMono(0)/m/n/12 not\TU/TeXGyrePagella(0)/m/n/12 , equality/inclusive/strict comparison, addition, subtraction, rational scaling,
[130]
Underfull \hbox (badness 1308) in paragraph at lines 110--114
\TU/DejaVuSansMono(0)/m/n/12 Expr \TU/TeXGyrePagella(0)/m/n/12 additionally carries a unique \TU/DejaVuSansMono(0)/m/n/12 node_id\TU/TeXGyrePagella(0)/m/n/12 . A rule is \TU/DejaVuSansMono(0)/m/n/12 (id, type, scope, body,
[131] [132] [133] [134] [135] [136] [137] [138]
Underfull \hbox (badness 1466) in paragraph at lines 544--550
[]\TU/TeXGyrePagella(0)/m/n/12 The current comparison fragment supports documented Boolean and exact inte-
[139] [140] (/home/chakwong/.TinyTeX/texmf-dist/tex/latex/listings/lstlang1.sty) [141]
Underfull \hbox (badness 1221) in paragraph at lines 679--687
\TU/TeXGyrePagella(0)/m/n/12 reject an unsupported fraction of a cent after the adopted conversion. In Java,
[142] [143] [144] [145] [146] [147] [148] [149] [150] [151]
Underfull \hbox (badness 1062) in paragraph at lines 1182--1189
\TU/TeXGyrePagella(0)/m/n/12 supplies domain-qualified results and replayed witnesses. Differential execution
) (./chapters/08-implementation.tex [152]
Chapter 8.
[153] [154] [155] [156]
Underfull \hbox (badness 3942) in paragraph at lines 216--226
\TU/TeXGyrePagella(0)/m/n/12 receive another four, with review, integration, rework and the pilot bringing

Underfull \hbox (badness 1789) in paragraph at lines 216--226
\TU/TeXGyrePagella(0)/m/n/12 the allowance to twelve weeks. The earlier three-week first-stage estimate did

Underfull \hbox (badness 2293) in paragraph at lines 216--226
\TU/TeXGyrePagella(0)/m/n/12 not include a required Java backend. This revised allocation remains a plan-

Underfull \hbox (badness 1571) in paragraph at lines 216--226
\TU/TeXGyrePagella(0)/m/n/12 ning assumption, with scope reduction or a schedule extension if full operator

Underfull \hbox (badness 1152) in paragraph at lines 216--226
\TU/TeXGyrePagella(0)/m/n/12 conformance takes longer. Each package specifies files, function signatures, de-

Underfull \hbox (badness 3343) in paragraph at lines 216--226
\TU/TeXGyrePagella(0)/m/n/12 pendent packages and tests. Its acceptance condition concerns behavior, not

Underfull \hbox (badness 4686) in paragraph at lines 216--226
\TU/TeXGyrePagella(0)/m/n/12 elapsed time. For example, W03 supplies \TU/DejaVuSansMono(0)/m/n/12 ir/evaluate.py \TU/TeXGyrePagella(0)/m/n/12 and \TU/DejaVuSansMono(0)/m/n/12 ir/trace.py\TU/TeXGyrePagella(0)/m/n/12 ;

Underfull \hbox (badness 10000) in paragraph at lines 216--226
\TU/TeXGyrePagella(0)/m/n/12 W04 supplies \TU/DejaVuSansMono(0)/m/n/12 review/lifecycle.py \TU/TeXGyrePagella(0)/m/n/12 and \TU/DejaVuSansMono(0)/m/n/12 review/amendment.py\TU/TeXGyrePagella(0)/m/n/12 ; W07 supplies
[157]
Underfull \hbox (badness 1748) in paragraph at lines 256--264
\TU/TeXGyrePagella(0)/m/n/12 per RuleIR operator, result serialization, exact numeric/date behavior, compiled
[158]
Underfull \hbox (badness 10000) in paragraph at lines 295--312
[]\TU/TeXGyrePagella(0)/m/n/12 The original specification checker validates three initial JSON schemas, the

Underfull \hbox (badness 10000) in paragraph at lines 295--312
\TU/TeXGyrePagella(0)/m/n/12 35 decision fixture contracts, six negative examples, event-record structure,
[159] [160] (./chapters/08a-executed-workbench.tex [161]
Overfull \hbox (17.78545pt too wide) in paragraph at lines 46--55
\TU/TeXGyrePagella(0)/m/n/12 bundle digest is $[][][][][][][][][][][][][][][][][][][][][][][][][][][][][][][][][][][][][][][][][][][][][][][][][][][][][][][][][][][][][][][][]$.

Overfull \hbox (66.74846pt too wide) in paragraph at lines 46--55
\TU/TeXGyrePagella(0)/m/n/12 The original JAR digest is $[][][][][][][][][][][][][][][][][][][][][][][][][][][][][][][][][][][][][][][][][][][][][][][][][][][][][][][][][][][][][][][][]$;

Overfull \hbox (121.92046pt too wide) in paragraph at lines 46--55
\TU/TeXGyrePagella(0)/m/n/12 the synthetic amended JAR digest is $[][][][][][][][][][][][][][][][][][][][][][][][][][][][][][][][][][][][][][][][][][][][][][][][][][][][][][][][][][][][][][][][]$.
[162] [163] [164]
Overfull \hbox (23.74728pt too wide) in paragraph at lines 142--149
[]\TU/TeXGyrePagella(0)/m/n/12 For a fresh environment, create a Python 3.11 virtual environment, install $[][][][][][][][][][][][][][][][][] []

Underfull \hbox (badness 1107) in paragraph at lines 166--173
\TU/TeXGyrePagella(0)/m/n/12 Contract regeneration reproduced 31 JSON files, including the current OpenAPI

Underfull \hbox (badness 1975) in paragraph at lines 166--173
\TU/TeXGyrePagella(0)/m/n/12 Python/Java comparisons exclude their intentionally different backend identities

Underfull \hbox (badness 2478) in paragraph at lines 174--181
\TU/TeXGyrePagella(0)/m/n/12 browser record covers five Chromium views, an authenticated request, mobile
[165]) [166] [167] [168] [169] [170] [171] [172] [173] [174] [175] [176] [177] [178]) (./chapters/09-evaluation.tex [179]
Chapter 9.
[180] [181] [182] [183] [184] [185] [186] [187] [188] [189] [190] [191] [192] [193] [194] [195]) (./chapters/10-operation.tex [196]
Chapter 10.
[197] [198] [199] [200] [201] [202] [203] [204] [205] [206] [207] [208] [209] [210] [211] [212]) [213] (./monograph.bbl [214] [215] [216] [217] [218] [219] [220]) [221] (./monograph.aux) )
(see the transcript file for additional information)
Output written on monograph.xdv (230 pages, 6935808 bytes).
Transcript written on monograph.log.
Latexmk: Getting log file 'monograph.log'
Latexmk: Examining 'monograph.fls'
Latexmk: Examining 'monograph.log'
Latexmk: Found input bbl file 'monograph.bbl'
Latexmk: Log file says output to 'monograph.xdv'
Latexmk: Using bibtex to make bibliography file(s).
  ===Source file 'monograph.bbl' for 'xelatex'
Latexmk: Found bibliography file(s):
  ./references.bib
Latexmk: applying rule 'xdvipdfmx'...
Rule 'xdvipdfmx':  Reasons for rerun
Changed files or newly in use/created:
  monograph.xdv
Category 'changed_source_rules':
  xelatex

------------
Run number 1 of rule 'xdvipdfmx'
------------
------------
Running 'xdvipdfmx -E -o "monograph.pdf"  "monograph.xdv"'
------------
monograph.xdv -> monograph.pdf
[1][2][3][4][5][6][7][8][9][10][11][12][13][14][15][16][17][18][19][20][21][22][23][24][25][26][27][28][29][30][31][32][33][34][35][36][37][38][39][40][41][42][43][44][45][46][47][48][49][50][51][52][53][54][55][56][57][58][59][60][61][62][63][64][65][66][67][68][69][70][71][72][73][74][75][76][77][78][79][80][81][82][83][84][85][86][87][88][89][90][91][92][93][94][95][96][97][98][99][100][101][102][103][104][105][106][107][108][109][110][111][112][113][114][115][116][117][118][119][120][121][122][123][124][125][126][127][128][129][130][131][132][133][134][135][136][137][138][139][140][141][142][143][144][145][146][147][148][149][150][151][152][153][154][155][156][157][158][159][160][161][162][163][164][165][166][167][168][169][170][171][172][173][174][175][176][177][178][179][180][181][182][183][184][185][186][187][188][189][190][191][192][193][194][195][196][197][198][199][200][201][202][203][204][205][206][207][208][209][210][211][212][213][214][215][216][217][218][219][220][221][222][223][224][225][226][227][228][229][230]
935482 bytes written
Latexmk: All targets (monograph.xdv monograph.pdf) are up-to-date
Latexmk: Undoing directory change

